0
1
2
3
4
5
6
7
8
9
10
11
12
13
14
15
16
17
18
19
20
21
22
23
24
25
26
27
28
29
30
31
32
33
34
35
36
37
38
39
40
41
42
43
44
45
46
47
48
49
50
51
52
53
54
55
56
57
58
59
60
61
62
63
64
65
66
67
68
69
70
71
72
73
74
75
76
77
78
79
80
81
82
83
84
85
86
87
88
89
90
91
92
93
94
97
99
101
102
103
105
106
107
108
109
110
111
112
113
114
115
116
117
120
121
122
123
146
197
198
220
222
223
224
225
226
227
228
229
230
231
232
233
234
235
236
237
238
239
241
242
243
245
246
247
248
250
251
253
254
255
256
257
258
259
260
261
262
263
264
265
266
267
268
269
270
271
272
273
274
275
276
277
278
279
280
281
282
283
284
285
286
287
288
289
290
291
292
293
294
295
296
297
298
299
300
301
302
303
304
305
306
307
308
309
310
311
312
313
314
315
316
317
318
320
321
322
323
324
325
326
327
328
329
330
331
332
333
334
335
336
337
338
339
340
341
342
343
344
345
346
347
348
349
350
351
352
353
354
355
356
357
358
359
360
361
362
363
364
365
366
367
368
369
370
371
372
373
374
375
376
377
378
379
380
382
383
384
385
386
387
388
389
390
391
392
393
394
395
396
397
398
399
400
401
402
403
404
405
406
407
408
409
410
411
412
413
414
415
416
417
418
419
420
421
422
423
424
425
426
427
428
429
431
432
433
434
435
436
437
438
439
440
441
442
443
444
445
446
447
448
449
450
451
452
453
454
455
456
457
458
459
460
461
462
464
465
466
467
468
469
470
471
472
473
474
476
477
478
479
480
481
482
483
484
485
486
487
488
489
490
491
492
493
494
495
496
497
498
499
500
501
502
503
504
505
506
507
508
509
510
511
512
514
515
516
517
518
519
520
521
522
523
524
525
526
528
529
530
531
532
533
534
535
536
537
538
539
541
542
543
544
545
546
547
548
549
550
551
552
553
554
555
556
557
558
559
560
562
563
564
565
566
567
568
569
570
571
572
573
574
575
576
577
578
579
580
581
582
583
584
585
586
587
588
589
590
591
592
593
594
595
596
597
598
600
601
602
603
604
606
607
608
609
610
611
613
614
615
616
617
618
619
620
621
622
623
624
625
626
627
628
629
630
631
632
633
634
635
636
637
638
639
640
641
642
643
644
645
646
647
648
649
650
651
652
653
654
655
656
657
658
659
660
661
662
663
664
665
666
667
668
669
670
671
672
673
674
675
676
677
678
679
680
681
682
683
684
685
686
687
688
689
690
691
692
693
694
695
696
697
698
699
700
701
702
703
704
705
706
707
708
709
711
712
713
714
715
716
717
718
719
720
721
722
723
724
726
727
728
729
730
732
733
734
735
737
738
739
740
741
742
743
744
745
746
747
749
750
751
752
753
754
755
756
757
758
759
760
761
762
763
764
765
766
767
768
769
770
772
773
774
775
776
777
778
779
780
781
782
783
784
785
786
787
788
789
790
791
792
793
794
795
796
797
798
799
802
803
804
805
806
807
808
809
810
811
812
813
814
815
816
817
818
819
820
821
822
823
824
825
826
827
828
829
830
831
832
833
834
835
836
837
838
839
840
841
842
843
844
845
847
848
849
850
851
852
853
855
856
858
859
860
861
862
863
864
865
866
867
868
869
870
872
873
874
875
876
877
878
879
880
881
882
883
884
886
887
888
889
890
891
892
894
895
896
897
898
899
900
901
902
903
904
905
906
907
908
909
910
911
912
913
914
915
916
917
918
920
921
922
923
924
925
926
927
928
929
930
931
932
933
934
935
936
937
938
939
940
941
942
943
944
945
946
947
948
949
950
952
953
954
955
956
957
958
959
960
961
962
963
965
966
967
968
969
970
971
973
974
975
976
977
978
979
980
981
982
983
984
986
987
988
989
990
991
992
993
994
995
997
998
999
1000
1001
1002
1003
1004
1005
1006
1007
1008
1009
1010
1011
1012
1013
1014
1015
1016
1018
1020
1021
1022
1023
1024
1026
1027
1028
1029
1030
1031
1032
1033
1034
1035
1037
1038
1039
1040
1041
1042
1043
1044
1045
1046
1047
1048
1049
1050
1051
1052
1053
1054
1055
1056
1057
1058
1059
1060
1061
1062
1063
1064
1065
1066
1067
1069
1070
1071
1072
1073
1074
1075
1076
1077
1078
1079
1080
1081
1082
1083
1084
1085
1086
1087
1088
1089
1090
1091
1092
1093
1094
1095
1096
1097
1098
1099
1100
1101
1102
1103
1105
1106
1107
1108
1109
1110
1111
1112
1113
1114
1115
1116
1117
1118
1119
1120
1121
1122
1123
1124
1125
1126
1127
1128
1129
1130
1131
1132
1133
1134
1135
1136
1137
1138
1139
1140
1141
1142
1143
1144
1146
1147
1148
1149
1150
1151
1152
1153
1154
1155
1156
1157
1158
1159
1160
1161
1162
1163
1164
1165
1166
1167
1168
1169
1170
1171
1172
1173
1174
1175
1176
1177
1178
1179
1180
1181
1182
1183
1184
1185
1186
1187
1188
1189
1190
1191
1192
1193
1194
1195
1196
1197
1198
1199
1200
1202
1203
1204
1205
1206
1207
1208
1210
1211
1212
1213
1214
1215
1216
1217
1219
1220
1221
1222
1223
1224
1225
1226
1228
1229
1230
1231
1232
1233
1234
1235
1236
1237
1238
1240
1241
1242
1243
1245
1246
1247
1248
1249
1250
1251
1252
1253
1254
1255
1256
1257
1259
1260
1262
1263
1264
1265
1266
1267
1268
1269
1270
1271
1272
1273
1274
1276
1278
1279
1280
1281
1282
1283
1285
1286
1287
1288
1289
1290
1291
1292
1293
1294
1295
1296
1297
1298
1299
1300
1301
1302
1303
1304
1305
1306
1307
1308
1309
1310
1311
1312
1313
1314
1315
1316
1317
1318
1319
1320
1321
1323
1324
1325
1326
1327
1329
1330
1331
1332
1333
1334
1335
1336
1337
1338
1339
1340
1341
1342
1343
1344
1345
1346
1347
1348
1349
1350
1351
1352
1353
1354
1355
1356
1358
1359
1360
1361
1362
1363
1364
1365
1366
1367
1368
1369
1370
1371
1372
1373
1374
1375
1376
1377
1378
1379
1380
1381
1382
1383
1384
1386
1387
1388
1389
1390
1391
1392
1393
1394
1395
1396
1397
1398
1399
1400
1401
1402
1403
1404
1406
1409
1410
1411
1412
1413
1414
1415
1416
1417
1418
1419
1420
1421
1422
1423
1424
1425
1427
1428
1429
1430
1431
1432
1435
1436
1437
1438
1439
1440
1441
1442
1443
1444
1445
1446
1447
1448
1449
1453
1454
1455
1456
1457
1458
1459
1460
1461
1462
1463
1464
1465
1466
1467
1468
1469
1470
1471
1472
1473
1474
1475
1476
1477
1478
1479
1480
1481
1482
1483
1484
1486
1487
1488
1489
1490
1492
1493
1494
1495
1496
1497
1499
1500
1501
1502
1503
1504
1505
1506
1507
1508
1509
1510
1511
1512
1513
1514
1515
1517
1519
1520
1521
1522
1523
1524
1525
1526
1527
1528
1529
1530
1531
1532
1533
1534
1535
1536
1537
1538
1539
1541
1542
1543
1547
1548
1549
1550
1551
1552
1554
1555
1556
1557
1558
1560
1561
1562
1563
1564
1565
1566
1567
1568
1569
1570
1571
1572
1573
1574
1575
1576
1577
1578
1579
1580
1581
1582
1583
1584
1585
1587
1588
1589
1590
1591
1592
1593
1594
1596
1597
1598
1599
1600
1601
1602
1603
1604
1605
1606
1607
1608
1609
1610
1611
1612
1613
1614
1615
1616
1617
1618
1619
1620
1621
1622
1624
1625
1626
1627
1629
1630
1631
1632
1633
1634
1635
1636
1637
1638
1639
1640
1641
1642
1643
1644
1645
1646
1648
1649
1650
1651
1652
1653
1654
1655
1656
1657
1658
1659
1660
1661
1662
1663
1664
1665
1667
1668
1669
1670
1671
1672
1673
1674
1675
1676
1677
1678
1679
1681
1682
1683
1684
1685
1687
1688
1690
1691
1692
1693
1694
1695
1697
1698
1699
1700
1701
1702
1703
1704
1705
1706
1707
1708
1709
1710
1711
1712
1713
1714
1715
1716
1717
1718
1719
1720
1721
1722
1723
1724
1725
1726
1727
1728
1729
1730
1731
1732
1733
1734
1735
1736
1737
1739
1740
1741
1742
1743
1744
1745
1746
1747
1748
1749
1750
1751
1752
1753
1754
1755
1757
1758
1759
1760
1761
1762
1763
1764
1765
1766
1767
1769
1770
1772
1773
1774
1775
1776
1777
1778
1779
1781
1782
1783
1784
1785
1786
1787
1788
1789
1790
1791
1792
1793
1794
1795
1796
1797
1799
1800
1801
1802
1803
1805
1806
1807
1808
1809
1811
1812
1815
1816
1817
1818
1819
1820
1822
1823
1824
1825
1826
1827
1828
1829
1830
1831
1832
1833
1834
1835
1836
1837
1838
1839
1841
1842
1843
1844
1845
1846
1847
1848
1849
1850
1851
1852
1853
1854
1855
1856
1857
1858
1859
1860
1861
1862
1863
1864
1865
1866
1867
1868
1869
1870
1872
1873
1874
1875
1876
1877
1878
1879
1880
1881
1882
1883
1884
1885
1886
1887
1889
1890
1892
1893
1894
1895
1896
1897
1898
1899
1900
1901
1902
1903
1904
1905
1906
1907
1909
1910
1911
1912
1913
1914
1915
1916
1917
1918
1919
1920
1921
1922
1923
1924
1925
1927
1928
1929
1930
1931
1932
1933
1934
1936
1937
1939
1940
1941
1942
1943
1944
1945
1946
1947
1948
1949
1950
1951
1952
1953
1954
1955
1956
1957
1958
1959
1960
1961
1962
1963
1964
1965
1966
1967
1968
1969
1971
1972
1973
1974
1975
1977
1978
1979
1980
1982
1983
1984
1985
1986
1988
1989
1990
1991
1992
1993
1994
1995
1996
1997
1998
1999
2000
2001
2002
2003
2004
2005
2007
2008
2009
2010
2011
2012
2013
2014
2015
2016
2017
2018
2019
2020
2021
2022
2023
2024
2025
2026
2027
2028
2029
2030
2032
2033
2034
2035
2036
2038
2039
2040
2041
2043
2045
2046
2047
2048
2049
2050
2051
2052
2053
2054
2055
2056
2057
2058
2060
2061
2062
2064
2066
2067
2068
2069
2070
2071
2072
2074
2075
2077
2078
2079
2080
2081
2082
2083
2084
2085
2086
2087
2088
2089
2090
2091
2092
2093
2095
2096
2097
2098
2099
2100
2101
2102
2103
2104
2105
2106
2108
2109
2111
2112
2113
2114
2115
2116
2117
2118
2119
2120
2121
2122
2123
2124
2125
2126
2127
2128
2129
2130
2132
2134
2135
2136
2137
2138
2140
2141
2142
2143
2144
2145
2146
2147
2148
2149
2150
2151
2152
2153
2154
2155
2156
2157
2159
2160
2162
2163
2164
2165
2167
2168
2169
2170
2172
2173
2174
2175
2176
2177
2178
2180
2181
2182
2183
2184
2185
2186
2187
2188
2189
2190
2191
2193
2195
2196
2197
2198
2200
2201
2202
2203
2204
2205
2207
2208
2209
2210
2212
2213
2216
2217
2218
2219
2220
2221
2222
2224
2225
2227
2228
2229
2230
2231
2234
2235
2236
2238
2239
2240
2241
2242
2243
2244
2245
2246
2247
2248
2249
2250
2251
2252
2253
2254
2256
2257
2258
2260
2261
2262
2263
2264
2265
2266
2267
2268
2269
2270
2271
2272
2273
2274
2275
2276
2277
2278
2279
2280
2282
2283
2284
2285
2286
2287
2289
2290
2291
2292
2293
2294
2295
2296
2297
2299
2300
2301
2302
2303
2304
2305
2306
2307
2308
2309
2310
2311
2313
2314
2315
2317
2319
2320
2322
2323
2324
2325
2326
2327
2328
2329
2331
2332
2333
2334
2335
2336
2337
2338
2339
2340
2341
2342
2343
2345
2346
2347
2348
2350
2351
2352
2353
2354
2355
2356
2357
2359
2361
2362
2363
2364
2365
2367
2368
2370
2371
2372
2374
2375
2376
2377
2378
2379
2380
2381
2382
2383
2384
2385
2386
2387
2388
2389
2390
2391
2392
2393
2394
2395
2396
2397
2398
2399
2400
2401
2403
2404
2405
2406
2407
2408
2409
2410
2411
2412
2413
2414
2415
2416
2417
2418
2420
2421
2422
2423
2424
2425
2426
2427
2428
2429
2430
2432
2433
2434
2435
2436
2437
2438
2439
2440
2441
2444
2445
2446
2447
2448
2449
2450
2452
2453
2454
2455
2456
2457
2458
2459
2460
2461
2462
2463
2464
2466
2467
2468
2469
2470
2471
2472
2473
2474
2475
2476
2477
2478
2479
2480
2481
2482
2483
2484
2485
2486
2487
2488
2490
2491
2492
2493
2494
2496
2497
2498
2500
2501
2502
2503
2504
2505
2506
2507
2508
2509
2510
2512
2513
2514
2515
2516
2518
2519
2520
2521
2522
2523
2524
2525
2526
2527
2528
2530
2532
2533
2534
2535
2536
2537
2539
2541
2543
2544
2545
2546
2548
2549
2550
2551
2552
2554
2555
2556
2558
2559
2560
2561
2562
2563
2564
2565
2566
2567
2568
2569
2571
2572
2573
2574
2575
2576
2577
2578
2580
2581
2582
2583
2584
2585
2586
2587
2588
2589
2590
2591
2592
2593
2595
2596
2597
2598
2599
2600
2601
2602
2603
2604
2605
2606
2607
2608
2609
2610
2611
2612
2613
2614
2615
2617
2618
2619
2620
2621
2622
2623
2624
2625
2626
2627
2628
2629
2630
2631
2632
2635
2636
2637
2638
2639
2640
2641
2643
2644
2645
2646
2647
2648
2649
2650
2651
2652
2653
2654
2655
2656
2657
2658
2659
2660
2661
2662
2663
2664
2665
2666
2667
2668
2669
2670
2672
2673
2674
2675
2676
2677
2679
2681
2682
2683
2684
2685
2686
2687
2688
2689
2690
2691
2692
2694
2696
2697
2699
2701
2703
2704
2705
2706
2708
2710
2711
2712
2713
2714
2715
2716
2717
2718
2719
2721
2722
2723
2724
2725
2726
2727
2728
2729
2730
2731
2732
2733
2734
2735
2736
2738
2739
2740
2741
2742
2743
2744
2745
2746
2747
2748
2749
2750
2751
2752
2753
2755
2756
2757
2758
2759
2760
2761
2762
2763
2764
2765
2766
2767
2768
2770
2771
2773
2774
2776
2777
2778
2779
2780
2781
2782
2783
2784
2785
2786
2787
2788
2789
2790
2791
2792
2793
2794
2795
2796
2797
2798
2799
2801
2802
2803
2804
2805
2806
2807
2808
2809
2810
2811
2812
2813
2814
2816
2817
2819
2820
2821
2822
2823
2824
2825
2827
2828
2829
2830
2832
2833
2835
2837
2838
2839
2840
2841
2842
2843
2844
2845
2847
2848
2849
2850
2852
2853
2855
2856
2857
2858
2859
2860
2861
2863
2864
2865
2867
2868
2869
2870
2871
2872
2874
2875
2876
2877
2878
2882
2883
2884
2885
2886
2887
2888
2889
2890
2892
2893
2894
2895
2896
2897
2898
2899
2900
2901
2903
2905
2906
2907
2908
2910
2911
2912
2913
2914
2915
2916
2917
2918
2919
2920
2921
2922
2923
2924
2925
2926
2927
2928
2929
2930
2931
2932
2933
2934
2935
2936
2937
2938
2939
2940
2941
2942
2943
2944
2945
2946
2948
2949
2950
2951
2952
2953
2954
2955
2956
2957
2958
2959
2960
2961
2962
2963
2964
2966
2967
2968
2969
2970
2971
2972
2973
2974
2975
2976
2977
2978
2979
2980
2982
2983
2985
2986
2987
2988
2989
2990
2991
2992
2993
2994
2995
2996
2997
2998
2999
3000
3001
3002
3003
3004
3005
3006
3007
3008
3009
3010
3011
3012
3014
3015
3016
3017
3018
3019
3020
3021
3022
3025
3026
3027
3028
3029
3030
3031
3032
3033
3034
3036
3037
3038
3039
3040
3041
3042
3043
3044
3045
3046
3047
3048
3049
3050
3051
3052
3053
3054
3055
3056
3057
3059
3060
3061
3062
3063
3065
3066
3067
3069
3070
3071
3072
3073
3074
3075
3076
3077
3078
3080
3081
3082
3083
3084
3085
3087
3088
3089
3090
3091
3092
3093
3094
3095
3096
3097
3098
3100
3101
3102
3103
3104
3106
3108
3109
3110
3112
3113
3114
3116
3117
3118
3119
3120
3122
3123
3124
3125
3126
3127
3128
3130
3131
3132
3133
3134
3135
3136
3137
3138
3139
3140
3141
3142
3143
3144
3145
3146
3147
3148
3149
3150
3151
3152
3153
3154
3155
3156
3157
3158
3159
3160
3161
3162
3163
3164
3165
3166
3167
3168
3169
3170
3171
3172
3173
3175
3176
3178
3179
3180
3181
3182
3183
3184
3185
3186
3187
3188
3189
3190
3191
3192
3193
3194
3196
3197
3198
3199
3200
3201
3203
3204
3205
3206
3207
3208
3209
3210
3211
3212
3213
3214
3215
3216
3217
3218
3220
3221
3223
3226
3228
3229
3231
3232
3233
3234
3235
3236
3237
3238
3239
3240
3241
3242
3243
3244
3245
3246
3248
3249
3250
3251
3252
3253
3255
3256
3257
3258
3259
3260
3261
3262
3263
3264
3265
3266
3267
3268
3269
3270
3271
3272
3273
3275
3276
3277
3278
3279
3280
3281
3283
3284
3285
3286
3287
3288
3289
3290
3291
3292
3293
3294
3296
3297
3298
3299
3300
3301
3302
3303
3304
3305
3306
3307
3308
3309
3310
3311
3312
3313
3314
3317
3318
3319
3320
3321
3322
3323
3324
3325
3326
3327
3328
3330
3331
3332
3333
3334
3335
3336
3337
3338
3339
3341
3342
3343
3344
3346
3347
3348
3349
3350
3351
3352
3353
3354
3355
3356
3357
3359
3360
3361
3362
3363
3364
3365
3366
3367
3368
3371
3373
3374
3375
3376
3377
3378
3379
3381
3383
3384
3385
3386
3387
3388
3389
3390
3391
3392
3393
3394
3395
3396
3397
3398
3399
3403
3404
3405
3406
3408
3409
3410
3411
3412
3413
3414
3415
3417
3418
3419
3421
3422
3423
3424
3425
3426
3427
3428
3429
3430
3431
3432
3433
3434
3435
3437
3438
3439
3440
3441
3442
3443
3444
3445
3446
3447
3448
3449
3450
3452
3454
3455
3457
3460
3461
3462
3463
3464
3465
3466
3467
3468
3470
3471
3472
3473
3475
3476
3477
3478
3479
3480
3481
3482
3483
3484
3485
3487
3488
3489
3491
3492
3493
3494
3495
3496
3497
3498
3500
3501
3502
3503
3504
3505
3506
3507
3508
3509
3510
3511
3512
3514
3516
3517
3518
3519
3520
3521
3522
3523
3524
3525
3526
3527
3528
3529
3530
3531
3532
3533
3535
3536
3537
3538
3539
3540
3541
3542
3543
3544
3545
3546
3548
3549
3550
3551
3552
3553
3554
3555
3556
3557
3558
3560
3561
3562
3563
3564
3565
3566
3567
3569
3570
3572
3573
3574
3575
3576
3578
3579
3580
3581
3582
3583
3585
3586
3587
3588
3589
3590
3591
3592
3593
3594
3596
3597
3598
3599
3600
3601
3602
3605
3606
3607
3608
3609
3610
3611
3612
3613
3614
3615
3616
3617
3618
3619
3621
3622
3623
3624
3625
3627
3628
3629
3630
3632
3633
3634
3635
3636
3637
3638
3639
3640
3641
3642
3643
3644
3645
3646
3647
3649
3650
3651
3652
3654
3655
3656
3658
3659
3660
3661
3662
3663
3664
3665
3667
3668
3669
3670
3671
3672
3673
3674
3675
3677
3678
3679
3680
3681
3682
3683
3684
3685
3686
3687
3688
3689
3690
3691
3692
3693
3694
3695
3696
3697
3698
3699
3700
3701
3702
3703
3704
3705
3706
3707
3709
3710
3711
3714
3715
3717
3719
3720
3721
3722
3723
3724
3725
3726
3727
3728
3729
3730
3731
3732
3733
3735
3736
3738
3739
3740
3741
3742
3743
3744
3745
3746
3747
3748
3749
3750
3751
3752
3753
3754
3755
3756
3757
3758
3759
3760
3761
3762
3763
3764
3765
3766
3767
3769
3770
3771
3772
3774
3776
3779
3780
3781
3782
3783
3784
3785
3786
3787
3788
3789
3790
3791
3792
3793
3795
3796
3797
3798
3800
3802
3803
3804
3805
3806
3807
3808
3809
3810
3811
3812
3815
3817
3818
3819
3820
3821
3822
3824
3825
3828
3829
3830
3831
3832
3833
3834
3835
3836
3838
3839
3840
3841
3842
3843
3844
3845
3846
3847
3848
3849
3850
3851
3852
3853
3854
3855
3856
3857
3858
3859
3860
3861
3862
3863
3865
3866
3867
3868
3869
3871
3872
3873
3874
3875
3876
3877
3878
3879
3880
3881
3882
3883
3884
3885
3886
3887
3888
3889
3890
3891
3892
3893
3894
3895
3896
3897
3899
3900
3901
3902
3903
3904
3905
3906
3907
3908
3909
3910
3911
3912
3913
3914
3915
3918
3919
3920
3921
3922
3923
3924
3925
3926
3927
3928
3930
3931
3932
3933
3934
3935
3936
3937
3938
3939
3940
3941
3942
3943
3944
3945
3946
3947
3948
3949
3950
3951
3952
3953
3955
3958
3959
3960
3961
3962
3964
3966
3967
3968
3969
3970
3971
3972
3973
3974
3975
3976
3977
3978
3980
3981
3983
3984
3985
3986
3987
3988
3989
3990
3991
3992
3993
3994
3997
3999
4000
4002
4003
4004
4007
4008
4009
4010
4011
4013
4014
4015
4016
4017
4018
4019
4020
4021
4022
4024
4025
4026
4027
4029
4030
4031
4032
4034
4035
4036
4038
4039
4040
4041
4042
4043
4044
4045
4046
4047
4049
4050
4051
4052
4055
4056
4057
4058
4059
4060
4061
4062
4063
4064
4065
4066
4067
4069
4070
4071
4072
4074
4075
4076
4078
4079
4080
4081
4082
4083
4085
4086
4087
4089
4091
4092
4093
4094
4095
4096
4098
4099
4100
4101
4102
4103
4104
4105
4106
4107
4108
4110
4111
4112
4113
4114
4115
4116
4117
4118
4119
4120
4121
4122
4123
4124
4125
4126
4127
4128
4129
4130
4131
4132
4133
4134
4135
4136
4137
4139
4140
4141
4142
4143
4144
4145
4146
4147
4148
4149
4150
4151
4152
4153
4154
4155
4156
4157
4158
4159
4160
4161
4162
4163
4164
4165
4166
4167
4168
4171
4172
4173
4174
4176
4177
4178
4179
4180
4181
4182
4183
4184
4185
4186
4187
4188
4189
4190
4191
4192
4193
4194
4195
4196
4197
4198
4199
4201
4202
4203
4204
4205
4207
4208
4209
4210
4211
4212
4214
4215
4216
4217
4218
4220
4221
4222
4223
4225
4226
4227
4228
4229
4230
4231
4232
4233
4234
4235
4236
4237
4238
4239
4240
4241
4243
4244
4245
4246
4247
4248
4250
4251
4254
4256
4257
4258
4259
4260
4261
4262
4263
4264
4265
4266
4267
4268
4269
4270
4271
4272
4274
4275
4276
4277
4278
4279
4280
4281
4282
4283
4284
4285
4286
4287
4288
4289
4290
4291
4292
4293
4295
4296
4297
4298
4299
4300
4302
4303
4305
4306
4308
4310
4311
4312
4313
4314
4316
4317
4318
4319
4320
4321
4322
4323
4324
4325
4326
4327
4329
4330
4331
4332
4333
4334
4335
4336
4337
4338
4340
4341
4342
4343
4344
4345
4346
4347
4348
4349
4350
4351
4352
4353
4354
4357
4358
4360
4361
4362
4363
4364
4365
4366
4367
4368
4369
4370
4371
4373
4374
4376
4377
4378
4379
4380
4381
4382
4383
4384
4385
4386
4387
4388
4389
4390
4391
4392
4393
4395
4396
4397
4398
4399
4400
4401
4402
4403
4404
4405
4406
4407
4409
4410
4411
4412
4413
4414
4415
4416
4417
4418
4419
4420
4421
4422
4423
4426
4427
4428
4429
4430
4431
4432
4433
4434
4435
4436
4437
4438
4439
4440
4441
4442
4443
4445
4446
4448
4449
4450
4452
4453
4454
4455
4456
4457
4458
4459
4460
4461
4462
4463
4465
4467
4468
4469
4470
4471
4472
4473
4475
4476
4477
4478
4479
4480
4481
4482
4483
4484
4485
4486
4487
4488
4489
4490
4491
4492
4493
4494
4495
4498
4499
4500
4501
4502
4503
4504
4505
4506
4507
4509
4510
4511
4512
4516
4517
4518
4519
4520
4521
4522
4524
4525
4526
4527
4529
4530
4531
4532
4533
4534
4535
4537
4538
4539
4540
4541
4542
4544
4545
4546
4548
4549
4550
4552
4553
4554
4555
4556
4557
4558
4559
4561
4562
4563
4564
4565
4566
4567
4568
4570
4571
4572
4573
4574
4577
4578
4579
4580
4581
4582
4583
4585
4586
4587
4588
4589
4591
4592
4593
4594
4596
4597
4598
4599
4600
4601
4603
4605
4607
4608
4609
4610
4611
4613
4614
4615
4616
4617
4618
4619
4620
4621
4622
4623
4624
4625
4626
4627
4628
4629
4630
4631
4632
4633
4634
4636
4637
4638
4639
4640
4641
4643
4644
4645
4646
4647
4648
4649
4650
4651
4652
4653
4654
4656
4657
4658
4659
4660
4662
4663
4664
4666
4667
4668
4669
4670
4671
4672
4673
4675
4676
4677
4678
4680
4682
4683
4684
4685
4686
4687
4688
4689
4692
4693
4694
4695
4697
4698
4699
4701
4703
4704
4706
4707
4708
4709
4710
4711
4712
4713
4714
4715
4716
4717
4718
4719
4720
4722
4724
4726
4727
4728
4730
4733
4734
4735
4736
4737
4738
4739
4740
4741
4743
4744
4745
4746
4747
4748
4749
4751
4752
4753
4754
4755
4756
4759
4760
4762
4763
4764
4765
4766
4767
4768
4769
4770
4771
4772
4774
4775
4776
4778
4779
4780
4781
4783
4784
4785
4786
4787
4788
4790
4791
4792
4793
4795
4796
4797
4798
4802
4803
4805
4806
4807
4808
4809
4810
4812
4813
4814
4815
4816
4817
4818
4819
4820
4821
4822
4824
4825
4826
4827
4828
4829
4830
4831
4832
4833
4834
4835
4836
4837
4839
4841
4842
4843
4844
4845
4846
4847
4848
4849
4850
4851
4852
4853
4854
4855
4856
4857
4858
4859
4862
4863
4864
4865
4866
4867
4868
4869
4870
4871
4872
4873
4874
4875
4876
4878
4879
4880
4882
4883
4884
4886
4887
4888
4889
4890
4892
4893
4894
4895
4896
4897
4899
4900
4901
4903
4904
4905
4906
4907
4908
4909
4910
4911
4912
4913
4914
4915
4916
4917
4922
4923
4924
4925
4926
4928
4929
4930
4931
4932
4933
4934
4935
4936
4937
4938
4939
4940
4941
4942
4943
4944
4945
4946
4947
4948
4950
4951
4952
4953
4954
4955
4957
4958
4959
4960
4961
4962
4963
4964
4965
4967
4968
4969
4970
4971
4972
4977
4979
4982
4984
4985
4987
4988
4990
4991
4992
4993
4994
4995
4996
4997
4998
4999
5000
5001
5002
5003
5004
5005
5006
5007
5008
5009
5010
5011
5012
5014
5016
5017
5019
5020
5021
5022
5023
5024
5025
5027
5029
5030
5033
5034
5035
5036
5038
5041
5042
5043
5044
5045
5046
5047
5048
5049
5050
5051
5052
5053
5054
5055
5056
5057
5058
5059
5061
5062
5063
5064
5065
5066
5067
5068
5070
5071
5072
5073
5074
5075
5076
5079
5080
5082
5084
5085
5086
5087
5089
5090
5091
5093
5096
5097
5098
5099
5100
5101
5103
5104
5106
5107
5108
5109
5110
5112
5113
5114
5115
5116
5117
5118
5120
5123
5124
5125
5126
5127
5128
5129
5130
5131
5132
5133
5135
5136
5137
5138
5139
5141
5142
5143
5144
5145
5146
5147
5148
5152
5154
5155
5156
5157
5158
5159
5160
5162
5163
5165
5166
5167
5168
5169
5170
5173
5174
5175
5176
5177
5178
5179
5180
5181
5182
5183
5184
5185
5186
5187
5189
5190
5191
5192
5193
5196
5197
5198
5199
5201
5202
5203
5204
5205
5206
5207
5208
5209
5210
5211
5212
5213
5214
5215
5218
5219
5220
5221
5223
5225
5226
5227
5230
5231
5232
5233
5234
5235
5236
5237
5239
5240
5241
5242
5244
5245
5248
5249
5250
5251
5253
5254
5255
5256
5257
5258
5259
5260
5261
5262
5263
5264
5265
5266
5267
5269
5270
5271
5272
5274
5276
5277
5278
5279
5282
5283
5284
5285
5288
5289
5290
5292
5293
5295
5296
5297
5298
5299
5300
5301
5302
5303
5304
5305
5306
5307
5308
5309
5310
5311
5312
5313
5314
5315
5316
5317
5318
5319
5320
5322
5323
5325
5326
5327
5328
5329
5330
5331
5332
5333
5334
5335
5337
5338
5339
5341
5342
5343
5344
5347
5348
5349
5350
5351
5354
5355
5356
5357
5358
5359
5360
5361
5362
5363
5364
5365
5366
5367
5368
5369
5370
5371
5372
5373
5374
5375
5376
5378
5379
5380
5381
5382
5383
5384
5386
5387
5389
5390
5391
5392
5393
5394
5395
5396
5397
5398
5399
5400
5403
5404
5405
5406
5409
5410
5411
5412
5413
5414
5415
5416
5419
5420
5421
5423
5424
5425
5426
5428
5429
5430
5431
5432
5433
5435
5436
5437
5439
5440
5441
5442
5443
5444
5445
5446
5447
5450
5451
5452
5453
5455
5456
5457
5458
5459
5460
5461
5462
5464
5465
5466
5467
5470
5471
5472
5473
5474
5475
5476
5477
5478
5479
5480
5481
5482
5483
5484
5485
5486
5487
5488
5489
5490
5491
5492
5493
5496
5497
5498
5499
5500
5501
5503
5504
5505
5506
5507
5508
5510
5511
5512
5513
5515
5516
5517
5519
5520
5521
5522
5523
5524
5525
5526
5527
5529
5530
5532
5533
5534
5535
5537
5538
5540
5542
5543
5545
5546
5547
5548
5549
5552
5553
5554
5555
5556
5557
5558
5559
5561
5562
5563
5565
5566
5567
5569
5570
5571
5573
5574
5576
5577
5578
5579
5580
5581
5582
5583
5584
5586
5588
5589
5590
5591
5593
5598
5599
5600
5601
5602
5604
5605
5607
5608
5609
5610
5611
5612
5613
5614
5615
5616
5617
5618
5619
5620
5621
5622
5623
5624
5625
5626
5627
5628
5630
5631
5632
5633
5634
5635
5636
5637
5638
5639
5641
5643
5644
5645
5646
5648
5649
5650
5651
5652
5653
5654
5655
5656
5657
5658
5660
5661
5662
5663
5664
5665
5666
5667
5668
5669
5670
5671
5672
5673
5674
5675
5676
5677
5679
5683
5684
5685
5686
5687
5688
5689
5690
5691
5692
5693
5694
5695
5696
5699
5700
5701
5702
5704
5705
5707
5708
5709
5710
5711
5712
5713
5714
5718
5719
5721
5723
5724
5725
5726
5727
5728
5729
5730
5731
5733
5736
5737
5738
5739
5740
5741
5742
5743
5744
5745
5746
5748
5749
5750
5752
5754
5755
5757
5760
5761
5762
5763
5764
5765
5766
5767
5768
5769
5770
5771
5772
5773
5774
5775
5776
5777
5778
5779
5780
5781
5782
5785
5786
5787
5788
5789
5790
5792
5793
5795
5796
5797
5798
5799
5800
5802
5803
5804
5805
5806
5807
5808
5810
5811
5813
5814
5815
5817
5818
5819
5820
5821
5822
5823
5826
5827
5828
5829
5830
5831
5832
5833
5834
5835
5836
5837
5838
5839
5840
5841
5842
5843
5845
5847
5848
5849
5851
5852
5853
5855
5856
5857
5858
5859
5861
5862
5863
5864
5865
5866
5867
5868
5869
5871
5872
5873
5874
5876
5877
5878
5879
5880
5881
5883
5884
5886
5887
5888
5889
5890
5891
5893
5894
5896
5897
5899
5900
5903
5904
5906
5907
5908
5909
5910
5911
5912
5914
5916
5918
5920
5921
5925
5926
5927
5929
5930
5931
5933
5934
5935
5936
5937
5938
5940
5942
5943
5944
5945
5946
5947
5948
5949
5950
5951
5952
5954
5955
5956
5957
5958
5961
5962
5963
5965
5967
5968
5969
5970
5972
5973
5974
5975
5976
5977
5978
5979
5980
5981
5984
5985
5986
5987
5988
5989
5990
5991
5994
5995
5996
5997
5999
6001
6002
6003
6004
6005
6006
6008
6009
6010
6011
6012
6013
6016
6018
6019
6020
6021
6022
6023
6025
6026
6027
6028
6029
6031
6032
6033
6036
6038
6040
6041
6042
6044
6045
6046
6049
6050
6051
6052
6053
6054
6055
6056
6058
6059
6062
6064
6065
6066
6067
6069
6070
6072
6073
6076
6077
6078
6079
6081
6083
6084
6086
6088
6089
6091
6092
6093
6094
6095
6097
6098
6099
6101
6102
6103
6105
6107
6108
6109
6110
6112
6113
6115
6116
6118
6119
6122
6123
6124
6125
6126
6127
6128
6129
6130
6131
6132
6133
6134
6135
6136
6138
6139
6140
6144
6145
6146
6147
6148
6149
6151
6154
6155
6156
6157
6159
6161
6162
6164
6165
6167
6168
6169
6170
6171
6172
6174
6176
6177
6178
6179
6181
6182
6183
6184
6185
6188
6190
6191
6192
6193
6194
6196
6197
6198
6199
6200
6202
6203
6206
6207
6208
6209
6210
6212
6213
6215
6216
6217
6220
6222
6223
6226
6227
6228
6229
6231
6233
6234
6235
6236
6237
6238
6239
6240
6241
6242
6243
6244
6245
6247
6248
6249
6250
6252
6253
6254
6255
6256
6257
6258
6259
6260
6261
6262
6263
6264
6265
6266
6267
6269
6270
6271
6272
6274
6275
6276
6277
6278
6279
6280
6282
6283
6284
6285
6286
6287
6288
6290
6291
6292
6293
6294
6295
6296
6297
6299
6301
6303
6304
6305
6306
6307
6308
6309
6310
6311
6315
6316
6319
6321
6323
6324
6325
6326
6328
6329
6330
6331
6334
6335
6336
6337
6339
6340
6341
6342
6344
6347
6349
6350
6351
6352
6354
6355
6357
6358
6359
6362
6363
6364
6365
6366
6368
6370
6371
6372
6373
6375
6376
6377
6378
6379
6380
6381
6382
6383
6384
6385
6386
6387
6388
6391
6392
6393
6395
6396
6397
6398
6399
6400
6401
6402
6403
6404
6405
6406
6407
6408
6409
6411
6412
6414
6415
6418
6419
6420
6422
6423
6424
6426
6427
6428
6429
6430
6431
6433
6434
6435
6436
6437
6438
6439
6440
6441
6442
6445
6446
6447
6450
6451
6452
6454
6455
6457
6458
6459
6460
6461
6462
6464
6465
6467
6468
6469
6470
6471
6475
6476
6478
6480
6481
6482
6484
6485
6486
6487
6488
6489
6492
6493
6494
6495
6496
6498
6500
6501
6502
6504
6505
6507
6509
6510
6512
6513
6514
6515
6517
6519
6521
6522
6523
6524
6525
6526
6527
6529
6530
6531
6532
6533
6534
6535
6537
6538
6539
6540
6541
6542
6543
6544
6546
6547
6548
6550
6551
6552
6553
6554
6555
6556
6558
6559
6560
6561
6562
6563
6565
6566
6568
6569
6570
6572
6573
6575
6576
6577
6579
6581
6582
6583
6584
6585
6586
6587
6588
6589
6590
6591
6592
6593
6594
6595
6597
6598
6599
6600
6601
6602
6604
6605
6607
6608
6609
6610
6612
6613
6614
6615
6616
6617
6619
6620
6623
6624
6625
6628
6629
6632
6633
6635
6637
6638
6639
6642
6643
6644
6645
6646
6647
6648
6649
6650
6651
6652
6653
6654
6655
6657
6658
6659
6660
6661
6662
6663
6664
6666
6667
6668
6670
6672
6673
6675
6677
6678
6679
6681
6682
6683
6685
6686
6687
6688
6689
6691
6693
6694
6695
6696
6697
6699
6701
6702
6703
6704
6705
6706
6707
6708
6709
6710
6711
6712
6713
6715
6716
6718
6719
6720
6721
6722
6723
6724
6726
6727
6728
6729
6730
6731
6733
6737
6738
6739
6740
6741
6742
6743
6746
6747
6749
6750
6752
6753
6754
6755
6756
6757
6758
6759
6760
6761
6762
6763
6764
6765
6766
6767
6769
6770
6771
6772
6773
6774
6775
6776
6777
6778
6779
6781
6782
6783
6785
6786
6787
6788
6789
6790
6791
6792
6793
6795
6797
6798
6801
6802
6803
6804
6805
6807
6808
6809
6810
6811
6813
6814
6815
6816
6817
6818
6819
6821
6822
6823
6825
6826
6828
6830
6831
6832
6835
6836
6837
6838
6839
6841
6842
6844
6845
6846
6847
6849
6850
6851
6852
6853
6855
6857
6859
6860
6861
6862
6863
6864
6865
6866
6867
6868
6869
6871
6872
6874
6875
6876
6878
6879
6880
6882
6883
6884
6885
6887
6888
6890
6891
6892
6894
6896
6898
6899
6902
6908
6909
6910
6911
6912
6913
6914
6915
6916
6918
6919
6920
6921
6922
6923
6924
6926
6927
6928
6929
6930
6931
6932
6934
6935
6936
6937
6938
6939
6940
6941
6942
6943
6944
6945
6946
6947
6949
6950
6951
6952
6953
6954
6955
6957
6958
6959
6960
6961
6963
6964
6966
6967
6968
6969
6972
6973
6974
6975
6976
6978
6979
6980
6981
6982
6984
6985
6986
6988
6990
6992
6993
6994
6995
6996
6997
6998
6999
7001
7002
7003
7006
7008
7009
7010
7012
7013
7014
7015
7017
7019
7020
7021
7022
7023
7024
7025
7026
7027
7028
7029
7032
7035
7036
7037
7038
7039
7040
7042
7043
7044
7046
7049
7050
7052
7053
7054
7055
7058
7060
7061
7063
7064
7065
7066
7069
7070
7071
7072
7073
7075
7076
7077
7078
7079
7082
7083
7084
7085
7086
7087
7088
7089
7090
7091
7092
7093
7094
7096
7098
7099
7100
7101
7102
7105
7106
7107
7110
7112
7117
7118
7120
7121
7123
7124
7125
7128
7130
7132
7133
7134
7135
7136
7137
7138
7139
7141
7143
7145
7146
7147
7148
7149
7151
7152
7153
7154
7155
7157
7162
7166
7167
7168
7169
7170
7171
7172
7173
7174
7175
7176
7177
7178
7179
7180
7183
7184
7186
7188
7190
7192
7193
7194
7196
7197
7198
7199
7201
7203
7204
7205
7206
7208
7209
7210
7211
7212
7214
7215
7216
7217
7218
7219
7220
7221
7225
7228
7230
7231
7232
7236
7237
7240
7241
7242
7243
7244
7246
7247
7248
7249
7250
7251
7252
7253
7254
7255
7256
7257
7259
7261
7262
7263
7264
7265
7266
7268
7269
7270
7271
7272
7274
7275
7276
7279
7281
7282
7283
7284
7286
7287
7288
7289
7290
7291
7292
7294
7295
7297
7298
7299
7300
7303
7304
7305
7306
7308
7310
7312
7313
7314
7315
7319
7320
7321
7322
7323
7324
7325
7326
7327
7329
7331
7332
7336
7337
7338
7339
7340
7341
7342
7343
7347
7348
7350
7351
7353
7354
7355
7357
7358
7359
7360
7361
7362
7363
7364
7365
7369
7370
7373
7375
7376
7377
7378
7379
7380
7381
7382
7385
7388
7390
7391
7392
7393
7394
7399
7400
7401
7402
7403
7404
7405
7406
7407
7408
7409
7411
7412
7413
7414
7416
7417
7418
7420
7421
7422
7423
7424
7425
7428
7429
7431
7433
7434
7437
7439
7440
7441
7442
7443
7444
7445
7446
7448
7449
7455
7457
7459
7460
7462
7464
7465
7466
7468
7469
7471
7473
7474
7476
7477
7478
7479
7481
7482
7483
7484
7485
7487
7488
7490
7491
7493
7494
7495
7496
7497
7498
7500
7502
7503
7505
7506
7507
7509
7512
7513
7514
7517
7519
7521
7522
7523
7524
7525
7526
7530
7531
7535
7538
7539
7540
7541
7542
7543
7546
7548
7553
7554
7556
7557
7558
7559
7560
7561
7563
7564
7565
7566
7567
7568
7570
7571
7572
7573
7574
7575
7576
7577
7578
7579
7581
7582
7583
7584
7585
7586
7587
7589
7592
7594
7595
7596
7598
7599
7600
7602
7604
7605
7606
7607
7608
7609
7610
7611
7612
7614
7615
7616
7618
7622
7623
7625
7626
7627
7628
7629
7632
7633
7634
7636
7637
7638
7640
7644
7646
7647
7649
7653
7656
7658
7659
7660
7661
7662
7664
7665
7666
7669
7670
7671
7672
7673
7674
7675
7676
7678
7679
7680
7681
7682
7683
7684
7687
7688
7691
7693
7695
7698
7699
7702
7703
7705
7706
7707
7708
7709
7710
7711
7712
7714
7716
7718
7720
7722
7723
7725
7726
7728
7729
7730
7731
7733
7734
7735
7737
7738
7739
7741
7742
7743
7744
7745
7746
7748
7749
7751
7752
7754
7755
7757
7760
7761
7762
7764
7766
7767
7768
7769
7770
7771
7772
7774
7775
7777
7778
7779
7780
7781
7783
7784
7785
7786
7787
7789
7790
7791
7792
7794
7795
7796
7797
7798
7799
7800
7801
7802
7803
7804
7806
7807
7808
7809
7810
7811
7812
7813
7814
7815
7816
7818
7819
7820
7821
7822
7823
7824
7826
7827
7828
7830
7831
7832
7834
7836
7837
7838
7839
7840
7842
7843
7845
7849
7850
7851
7852
7853
7854
7855
7856
7857
7858
7859
7860
7861
7863
7865
7866
7868
7870
7872
7873
7874
7876
7877
7880
7881
7882
7883
7884
7886
7887
7888
7889
7890
7891
7892
7893
7897
7898
7899
7900
7901
7902
7903
7904
7906
7907
7909
7910
7911
7912
7916
7919
7920
7923
7924
7925
7926
7927
7928
7933
7934
7936
7937
7939
7940
7941
7942
7943
7945
7946
7947
7949
7950
7951
7952
7953
7954
7956
7958
7959
7960
7962
7963
7964
7966
7967
7968
7969
7970
7971
7972
7973
7975
7976
7977
7978
7979
7980
7981
7982
7983
7984
7985
7987
7988
7989
7990
7992
7993
7994
7995
7996
7997
7999
8002
8003
8004
8005
8006
8007
8008
8009
8011
8012
8013
8014
8015
8016
8017
8019
8021
8023
8024
8025
8027
8028
8029
8030
8031
8033
8034
8035
8036
8037
8038
8039
8040
8041
8042
8045
8046
8047
8048
8049
8051
8052
8053
8055
8056
8059
8060
8061
8063
8065
8066
8070
8072
8073
8074
8075
8078
8081
8082
8083
8084
8085
8086
8088
8089
8090
8092
8093
8094
8095
8098
8099
8100
8104
8105
8106
8107
8108
8109
8110
8111
8112
8113
8115
8116
8118
8120
8121
8123
8125
8126
8127
8128
8129
8131
8132
8135
8137
8138
8141
8142
8144
8145
8146
8147
8149
8151
8153
8154
8155
8156
8159
8160
8161
8162
8163
8164
8166
8167
8168
8169
8170
8171
8172
8173
8174
8175
8176
8177
8178
8180
8182
8183
8185
8186
8187
8188
8189
8192
8193
8194
8196
8198
8199
8200
8201
8202
8204
8205
8206
8207
8210
8211
8212
8213
8214
8215
8217
8220
8221
8224
8225
8226
8229
8231
8232
8233
8234
8239
8241
8244
8245
8246
8249
8251
8252
8253
8256
8257
8259
8260
8261
8263
8264
8265
8266
8267
8270
8273
8275
8276
8277
8278
8279
8280
8281
8282
8284
8285
8286
8287
8290
8291
8292
8294
8295
8296
8298
8299
8300
8301
8303
8304
8305
8307
8309
8310
8311
8312
8313
8314
8315
8316
8317
8318
8319
8321
8322
8323
8325
8327
8328
8329
8330
8331
8332
8334
8335
8336
8338
8339
8340
8341
8343
8344
8345
8346
8347
8348
8349
8350
8352
8353
8354
8356
8357
8358
8359
8360
8361
8362
8363
8364
8365
8366
8368
8370
8372
8373
8374
8376
8378
8379
8380
8381
8382
8386
8387
8388
8392
8394
8395
8396
8397
8398
8399
8400
8402
8403
8404
8405
8406
8407
8408
8409
8411
8412
8413
8414
8415
8416
8420
8421
8422
8423
8424
8425
8426
8427
8429
8430
8432
8433
8434
8436
8437
8438
8439
8440
8441
8442
8444
8445
8446
8447
8449
8450
8451
8452
8453
8454
8455
8456
8457
8458
8459
8460
8461
8462
8463
8464
8467
8468
8469
8470
8471
8473
8474
8475
8477
8478
8479
8480
8482
8483
8484
8485
8486
8489
8491
8492
8493
8494
8495
8497
8498
8499
8500
8501
8502
8503
8505
8506
8511
8512
8513
8514
8515
8516
8517
8521
8522
8523
8524
8525
8526
8527
8528
8531
8535
8536
8538
8541
8542
8543
8544
8546
8547
8548
8549
8550
8551
8552
8553
8554
8555
8556
8557
8559
8560
8561
8564
8565
8567
8568
8569
8570
8571
8573
8574
8575
8577
8579
8580
8582
8584
8585
8588
8590
8592
8593
8595
8596
8597
8598
8599
8600
8601
8602
8603
8604
8605
8606
8607
8608
8609
8610
8611
8613
8614
8615
8618
8621
8622
8623
8624
8626
8627
8628
8629
8630
8631
8632
8633
8635
8636
8638
8639
8640
8641
8642
8643
8644
8645
8647
8648
8649
8651
8652
8653
8654
8655
8656
8658
8660
8661
8664
8665
8666
8668
8669
8670
8671
8672
8673
8674
8675
8676
8677
8679
8682
8683
8684
8686
8687
8688
8690
8691
8692
8694
8695
8696
8697
8698
8699
8700
8703
8704
8705
8706
8708
8709
8710
8711
8713
8714
8715
8717
8718
8719
8720
8722
8725
8726
8728
8729
8731
8732
8733
8735
8736
8737
8738
8741
8743
8745
8746
8747
8748
8749
8750
8751
8752
8753
8755
8756
8759
8760
8761
8763
8765
8766
8767
8768
8770
8771
8774
8775
8776
8777
8778
8779
8780
8781
8783
8784
8785
8788
8789
8791
8792
8793
8794
8795
8798
8799
8800
8801
8804
8806
8807
8809
8811
8812
8813
8814
8815
8816
8817
8818
8819
8820
8821
8822
8823
8826
8828
8829
8830
8832
8833
8835
8836
8837
8838
8839
8841
8844
8845
8847
8848
8849
8850
8851
8852
8853
8855
8856
8858
8859
8860
8862
8865
8866
8867
8869
8870
8872
8873
8876
8877
8878
8881
8883
8885
8886
8887
8889
8890
8891
8892
8893
8894
8895
8896
8900
8901
8904
8906
8907
8909
8910
8913
8914
8915
8916
8919
8921
8922
8923
8926
8928
8930
8932
8933
8935
8938
8939
8940
8941
8942
8943
8944
8947
8948
8949
8952
8953
8954
8957
8958
8959
8960
8962
8963
8964
8965
8968
8969
8970
8971
8972
8973
8974
8975
8976
8978
8979
8980
8983
8985
8987
8988
8990
8991
8993
8994
8995
8996
8999
9001
9004
9005
9006
9007
9009
9011
9014
9015
9016
9017
9018
9019
9021
9022
9023
9026
9027
9028
9029
9030
9033
9034
9037
9039
9042
9043
9044
9048
9051
9052
9054
9055
9056
9057
9058
9059
9062
9063
9064
9065
9066
9067
9069
9071
9072
9073
9074
9075
9077
9079
9080
9081
9082
9085
9086
9087
9088
9089
9090
9091
9094
9096
9099
9101
9102
9104
9106
9108
9109
9111
9112
9113
9114
9115
9116
9117
9118
9119
9120
9121
9124
9125
9126
9127
9128
9129
9130
9131
9133
9134
9135
9136
9137
9138
9139
9141
9142
9144
9145
9148
9149
9150
9151
9152
9154
9155
9156
9157
9158
9160
9162
9163
9164
9166
9167
9168
9170
9173
9175
9176
9177
9179
9180
9181
9183
9184
9185
9186
9188
9189
9190
9191
9192
9193
9194
9195
9197
9198
9201
9202
9203
9205
9209
9210
9211
9213
9214
9218
9221
9222
9223
9224
9225
9226
9228
9230
9231
9233
9234
9236
9237
9239
9240
9241
9242
9243
9245
9247
9248
9250
9251
9252
9253
9254
9255
9256
9257
9258
9267
9270
9271
9272
9273
9275
9276
9278
9279
9280
9281
9282
9283
9285
9286
9287
9289
9290
9292
9293
9294
9295
9296
9298
9299
9300
9303
9305
9306
9307
9308
9309
9310
9311
9312
9313
9314
9315
9316
9317
9318
9319
9320
9321
9322
9323
9324
9325
9327
9329
9330
9331
9332
9333
9334
9337
9338
9339
9341
9342
9343
9344
9345
9346
9347
9349
9350
9351
9353
9354
9355
9356
9357
9358
9360
9362
9363
9364
9365
9366
9367
9368
9370
9374
9376
9378
9379
9380
9381
9382
9383
9386
9387
9388
9389
9390
9391
9392
9393
9394
9395
9396
9397
9400
9402
9403
9407
9408
9410
9412
9414
9415
9416
9417
9418
9419
9420
9421
9422
9423
9425
9428
9429
9430
9431
9432
9433
9434
9435
9437
9438
9442
9443
9446
9447
9448
9449
9450
9451
9452
9453
9454
9457
9459
9460
9462
9463
9464
9465
9467
9468
9469
9471
9472
9474
9475
9477
9480
9481
9482
9483
9484
9485
9486
9487
9488
9489
9490
9492
9493
9494
9495
9496
9497
9498
9499
9500
9501
9503
9506
9507
9508
9509
9510
9511
9512
9513
9516
9518
9519
9520
9521
9522
9526
9529
9530
9531
9532
9533
9534
9535
9536
9537
9539
9540
9541
9542
9544
9546
9547
9548
9549
9550
9551
9552
9553
9555
9557
9560
9561
9562
9565
9566
9567
9569
9570
9572
9574
9575
9576
9582
9583
9584
9585
9586
9587
9588
9589
9590
9592
9593
9594
9595
9597
9603
9605
9606
9608
9609
9611
9612
9613
9618
9620
9621
9625
9626
9627
9629
9630
9632
9633
9634
9635
9637
9640
9642
9644
9645
9646
9649
9650
9652
9654
9655
9656
9658
9660
9662
9663
9664
9666
9667
9668
9669
9671
9673
9675
9677
9678
9679
9680
9681
9683
9684
9686
9687
9688
9690
9691
9692
9693
9694
9695
9696
9697
9700
9701
9702
9704
9705
9706
9707
9708
9709
9710
9711
9718
9720
9721
9723
9724
9726
9728
9729
9731
9733
9734
9735
9736
9737
9738
9740
9741
9742
9744
9745
9748
9750
9751
9752
9753
9755
9756
9759
9760
9761
9765
9767
9768
9769
9771
9772
9773
9774
9775
9777
9778
9779
9780
9784
9785
9786
9787
9788
9789
9790
9792
9793
9794
9795
9796
9798
9801
9802
9803
9805
9806
9807
9808
9809
9810
9812
9814
9815
9816
9817
9819
9820
9821
9824
9825
9826
9829
9830
9831
9832
9833
9834
9835
9836
9837
9838
9839
9842
9843
9848
9850
9851
9852
9853
9855
9856
9857
9858
9860
9861
9863
9864
9865
9866
9867
9870
9872
9873
9876
9877
9878
9880
9881
9882
9884
9885
9886
9887
9889
9891
9892
9893
9894
9895
9896
9897
9898
9901
9902
9904
9905
9906
9908
9911
9913
9914
9917
9918
9919
9920
9923
9924
9926
9931
9934
9935
9936
9940
9942
9943
9945
9946
9947
9949
9951
9952
9954
9956
9958
9959
9960
9961
9962
9963
9964
9965
9966
9967
9968
9969
9970
9971
9972
9974
9975
9976
9977
9979
9980
9981
9982
9983
9984
9985
9986
9989
9990
9991
9994
9995
9996
10000
10001
10004
10006
10007
10008
10009
10010
10011
10012
10017
10018
10022
10023
10024
10026
10028
10029
10030
10032
10033
10034
10035
10036
10037
10038
10039
10040
10041
10042
10045
10047
10048
10049
10054
10057
10058
10061
10063
10065
10066
10067
10068
10070
10072
10073
10074
10077
10078
10079
10080
10082
10083
10084
10085
10088
10089
10090
10091
10096
10097
10098
10099
10101
10102
10103
10106
10107
10109
10110
10112
10113
10114
10115
10120
10124
10125
10126
10127
10128
10130
10134
10135
10136
10138
10139
10140
10141
10143
10145
10146
10147
10148
10151
10155
10156
10157
10158
10159
10161
10163
10164
10167
10169
10170
10171
10173
10174
10175
10178
10180
10184
10185
10186
10187
10188
10189
10191
10195
10196
10197
10198
10199
10200
10204
10205
10207
10212
10214
10215
10219
10223
10224
10226
10227
10230
10231
10232
10234
10235
10237
10238
10240
10242
10244
10245
10246
10247
10250
10251
10252
10253
10254
10255
10258
10259
10262
10264
10265
10266
10267
10268
10269
10270
10271
10272
10273
10275
10276
10277
10279
10280
10281
10282
10283
10284
10285
10286
10288
10290
10291
10292
10293
10294
10295
10296
10298
10300
10301
10302
10303
10304
10306
10308
10309
10310
10315
10316
10317
10319
10320
10321
10322
10323
10324
10326
10327
10328
10331
10334
10335
10337
10338
10339
10341
10342
10346
10348
10349
10350
10351
10352
10354
10355
10357
10358
10360
10361
10362
10369
10370
10373
10374
10375
10378
10380
10381
10383
10386
10387
10388
10390
10392
10393
10394
10396
10397
10398
10400
10401
10402
10406
10407
10408
10411
10412
10413
10414
10415
10416
10420
10423
10424
10428
10430
10431
10432
10434
10435
10437
10438
10440
10441
10446
10449
10450
10451
10453
10454
10455
10456
10457
10459
10462
10463
10464
10466
10468
10469
10471
10472
10474
10475
10476
10477
10479
10480
10481
10482
10485
10486
10487
10488
10490
10491
10492
10494
10496
10497
10498
10500
10502
10504
10505
10506
10507
10508
10509
10510
10511
10512
10514
10515
10516
10517
10519
10520
10521
10523
10524
10525
10526
10530
10531
10532
10533
10535
10536
10542
10544
10545
10546
10547
10548
10549
10550
10551
10552
10553
10555
10557
10559
10560
10561
10562
10563
10564
10565
10566
10567
10568
10569
10570
10572
10573
10576
10577
10578
10580
10581
10582
10583
10584
10585
10587
10588
10591
10592
10593
10596
10597
10598
10599
10601
10602
10603
10604
10605
10606
10607
10608
10609
10611
10612
10613
10615
10617
10618
10619
10620
10621
10622
10623
10626
10627
10628
10629
10631
10635
10636
10637
10640
10641
10642
10645
10646
10649
10650
10651
10652
10653
10655
10657
10658
10659
10660
10661
10664
10665
10666
10667
10668
10671
10672
10673
10674
10677
10680
10681
10684
10685
10687
10689
10690
10692
10693
10694
10695
10696
10697
10698
10699
10701
10702
10704
10706
10707
10709
10712
10713
10715
10717
10718
10719
10720
10721
10722
10723
10724
10726
10728
10729
10732
10733
10734
10735
10740
10742
10743
10744
10745
10746
10747
10748
10749
10751
10755
10756
10758
10761
10762
10766
10767
10769
10770
10771
10772
10773
10774
10775
10776
10777
10778
10779
10780
10781
10782
10783
10785
10787
10788
10793
10795
10796
10797
10798
10799
10801
10802
10803
10804
10805
10806
10807
10808
10809
10810
10812
10813
10815
10816
10819
10820
10822
10823
10824
10826
10828
10829
10831
10833
10834
10836
10837
10838
10839
10840
10842
10844
10846
10847
10848
10850
10851
10854
10855
10856
10858
10859
10860
10861
10862
10865
10866
10867
10868
10869
10870
10875
10876
10878
10879
10880
10881
10882
10885
10886
10887
10888
10890
10891
10892
10895
10896
10897
10900
10901
10902
10905
10908
10909
10911
10912
10915
10916
10917
10918
10919
10920
10921
10922
10923
10924
10925
10926
10928
10935
10938
10940
10942
10943
10944
10946
10947
10948
10950
10951
10953
10955
10956
10960
10962
10963
10964
10965
10967
10968
10970
10971
10973
10974
10975
10976
10978
10980
10981
10982
10984
10987
10990
10993
10994
10997
10999
11000
11001
11002
11004
11006
11007
11008
11012
11013
11016
11017
11020
11021
11023
11025
11030
11031
11032
11034
11035
11037
11038
11039
11041
11042
11044
11045
11046
11047
11048
11050
11051
11052
11054
11055
11056
11058
11059
11060
11061
11062
11064
11065
11066
11067
11073
11074
11075
11076
11078
11079
11081
11083
11086
11088
11089
11092
11093
11094
11095
11097
11098
11099
11100
11101
11102
11104
11105
11107
11108
11109
11110
11111
11112
11113
11114
11116
11117
11119
11121
11122
11127
11129
11130
11131
11133
11134
11135
11136
11137
11140
11141
11144
11145
11148
11153
11155
11156
11158
11159
11160
11162
11163
11164
11165
11167
11169
11170
11171
11174
11176
11177
11178
11179
11181
11182
11183
11184
11185
11186
11187
11188
11190
11191
11192
11194
11196
11198
11201
11202
11203
11205
11208
11209
11211
11212
11213
11214
11215
11216
11218
11220
11221
11222
11223
11225
11226
11228
11229
11232
11234
11236
11237
11239
11240
11242
11243
11244
11245
11247
11248
11249
11250
11251
11252
11253
11256
11259
11260
11261
11263
11264
11265
11266
11267
11268
11271
11272
11275
11276
11277
11278
11279
11284
11285
11286
11287
11288
11289
11290
11291
11292
11293
11294
11295
11296
11297
11298
11299
11300
11302
11303
11307
11310
11313
11316
11317
11320
11321
11327
11331
11333
11334
11335
11337
11338
11340
11341
11343
11344
11345
11346
11347
11348
11349
11350
11351
11352
11358
11359
11361
11363
11364
11366
11367
11368
11369
11371
11372
11373
11374
11375
11376
11377
11379
11381
11383
11385
11386
11387
11390
11391
11392
11395
11396
11397
11400
11401
11405
11406
11407
11409
11411
11413
11414
11416
11418
11419
11422
11423
11424
11425
11426
11427
11428
11429
11430
11431
11433
11434
11435
11436
11437
11438
11441
11442
11443
11445
11446
11449
11450
11451
11452
11453
11454
11455
11457
11458
11459
11461
11464
11465
11466
11468
11469
11470
11471
11472
11473
11474
11475
11476
11477
11479
11480
11482
11483
11485
11486
11487
11489
11491
11492
11493
11494
11495
11496
11497
11499
11500
11501
11502
11504
11505
11507
11508
11509
11510
11511
11513
11514
11515
11516
11519
11520
11521
11522
11523
11524
11526
11528
11535
11537
11538
11539
11540
11542
11543
11544
11546
11549
11550
11551
11552
11553
11554
11555
11556
11558
11560
11561
11562
11563
11564
11565
11566
11567
11568
11569
11571
11574
11575
11576
11577
11578
11579
11580
11581
11582
11583
11585
11586
11587
11588
11589
11590
11591
11594
11595
11596
11598
11599
11601
11602
11604
11605
11607
11610
11611
11612
11613
11615
11616
11617
11618
11619
11623
11625
11626
11627
11628
11629
11631
11632
11633
11634
11635
11636
11637
11639
11642
11643
11645
11646
11647
11649
11651
11652
11654
11655
11656
11657
11658
11659
11660
11661
11665
11666
11668
11669
11670
11672
11673
11674
11675
11676
11677
11678
11679
11680
11682
11683
11685
11686
11687
11689
11690
11691
11692
11694
11695
11698
11699
11702
11703
11704
11705
11706
11707
11708
11709
11713
11715
11720
11721
11722
11724
11725
11726
11727
11728
11730
11731
11732
11733
11734
11735
11736
11737
11738
11739
11743
11744
11745
11748
11750
11752
11753
11756
11757
11758
11759
11763
11765
11766
11767
11769
11770
11772
11773
11774
11775
11778
11779
11782
11785
11788
11789
11790
11791
11792
11793
11794
11797
11799
11802
11804
11807
11809
11811
11813
11814
11816
11821
11822
11823
11825
11827
11828
11829
11830
11831
11832
11833
11834
11835
11836
11839
11840
11843
11845
11846
11848
11850
11852
11853
11855
11856
11857
11860
11862
11863
11864
11866
11867
11868
11870
11871
11872
11873
11874
11876
11877
11879
11880
11882
11884
11885
11888
11889
11891
11892
11893
11894
11896
11900
11902
11903
11905
11906
11907
11908
11909
11911
11912
11913
11916
11918
11919
11924
11926
11929
11930
11931
11932
11935
11936
11937
11939
11941
11942
11944
11948
11951
11952
11954
11956
11957
11958
11959
11960
11961
11964
11966
11967
11968
11972
11974
11975
11976
11977
11980
11981
11982
11983
11986
11989
11991
11992
11993
11994
11995
11996
11997
11998
11999
12000
12001
12002
12003
12004
12009
12010
12011
12013
12014
12016
12020
12021
12023
12026
12027
12030
12032
12033
12034
12035
12036
12037
12039
12040
12041
12044
12045
12046
12049
12050
12051
12055
12058
12059
12060
12061
12062
12063
12064
12066
12068
12069
12070
12072
12074
12077
12079
12080
12087
12088
12089
12090
12091
12092
12094
12095
12098
12100
12102
12103
12106
12107
12108
12109
12110
12111
12114
12115
12116
12118
12120
12121
12122
12123
12126
12127
12128
12131
12133
12135
12136
12137
12140
12141
12142
12146
12149
12150
12151
12152
12154
12155
12156
12157
12158
12159
12161
12162
12163
12164
12165
12166
12167
12168
12169
12170
12171
12173
12175
12176
12177
12179
12180
12181
12182
12183
12187
12188
12190
12193
12194
12196
12199
12200
12203
12204
12205
12206
12209
12210
12211
12212
12213
12218
12221
12222
12223
12224
12226
12227
12228
12230
12233
12234
12235
12236
12238
12239
12240
12242
12243
12244
12245
12246
12248
12252
12255
12256
12258
12260
12261
12262
12263
12264
12268
12270
12271
12275
12276
12277
12278
12281
12282
12285
12289
12290
12291
12292
12293
12294
12295
12296
12299
12300
12303
12304
12305
12307
12308
12309
12311
12313
12314
12315
12317
12318
12320
12321
12322
12324
12325
12327
12328
12329
12335
12336
12337
12339
12341
12343
12344
12345
12346
12347
12348
12349
12350
12351
12352
12353
12354
12355
12357
12359
12361
12362
12363
12364
12366
12368
12369
12371
12375
12376
12378
12379
12380
12385
12386
12388
12392
12393
12394
12396
12400
12402
12404
12406
12408
12409
12410
12412
12415
12416
12417
12418
12421
12422
12424
12425
12426
12429
12430
12433
12434
12435
12436
12440
12441
12442
12444
12445
12448
12449
12450
12452
12453
12455
12456
12457
12460
12461
12462
12463
12466
12469
12472
12473
12474
12475
12477
12478
12480
12481
12482
12483
12486
12487
12488
12492
12493
12495
12496
12498
12499
12500
12503
12506
12507
12508
12509
12510
12514
12515
12516
12517
12518
12521
12522
12523
12525
12527
12528
12529
12533
12534
12536
12537
12538
12540
12541
12542
12543
12544
12545
12548
12549
12550
12552
12553
12554
12555
12556
12557
12558
12559
12560
12561
12562
12563
12564
12565
12566
12567
12570
12575
12577
12578
12579
12580
12582
12583
12586
12588
12589
12590
12591
12592
12593
12594
12595
12596
12598
12600
12604
12607
12610
12611
12612
12613
12616
12617
12618
12619
12621
12622
12623
12624
12625
12626
12629
12632
12634
12635
12636
12637
12638
12640
12641
12642
12643
12644
12645
12646
12648
12649
12650
12654
12655
12656
12658
12659
12660
12661
12662
12664
12667
12670
12671
12674
12675
12676
12677
12678
12679
12681
12684
12685
12686
12687
12689
12690
12691
12695
12697
12699
12700
12701
12703
12707
12710
12711
12712
12713
12715
12716
12719
12720
12721
12723
12725
12726
12728
12729
12730
12731
12733
12736
12738
12740
12741
12743
12744
12746
12748
12751
12752
12754
12755
12756
12761
12762
12763
12764
12765
12767
12768
12770
12771
12772
12773
12776
12778
12779
12780
12781
12782
12783
12784
12785
12786
12788
12789
12791
12792
12793
12794
12796
12799
12800
12801
12803
12804
12805
12807
12809
12811
12812
12815
12816
12817
12818
12820
12822
12824
12826
12827
12828
12829
12831
12832
12833
12834
12836
12838
12839
12840
12842
12844
12845
12846
12849
12850
12851
12852
12853
12856
12858
12859
12864
12866
12869
12870
12871
12872
12875
12876
12878
12879
12880
12882
12883
12884
12886
12887
12888
12890
12893
12894
12895
12896
12897
12898
12899
12903
12904
12905
12907
12909
12910
12911
12912
12914
12917
12919
12921
12922
12923
12924
12926
12927
12929
12931
12932
12934
12935
12937
12938
12939
12941
12942
12943
12944
12945
12947
12949
12950
12955
12956
12957
12958
12959
12960
12962
12963
12965
12966
12967
12968
12969
12973
12975
12979
12981
12982
12983
12984
12985
12987
12989
12990
12992
12994
12999
13000
13002
13007
13008
13009
13010
13011
13012
13013
13014
13015
13016
13017
13019
13020
13021
13023
13025
13026
13027
13028
13029
13032
13034
13036
13037
13038
13039
13041
13042
13046
13047
13048
13049
13054
13055
13057
13059
13060
13064
13065
13068
13069
13070
13073
13074
13075
13078
13079
13081
13082
13083
13086
13088
13090
13093
13095
13096
13097
13098
13099
13100
13101
13103
13111
13112
13113
13115
13118
13119
13120
13121
13123
13125
13127
13128
13129
13131
13132
13133
13134
13136
13137
13139
13140
13142
13143
13150
13151
13152
13153
13154
13157
13159
13160
13161
13162
13163
13164
13166
13167
13168
13169
13170
13173
13174
13175
13177
13179
13180
13181
13184
13185
13186
13187
13188
13189
13190
13193
13198
13205
13206
13207
13208
13210
13212
13213
13214
13215
13216
13217
13218
13221
13222
13224
13225
13228
13229
13230
13232
13233
13234
13235
13236
13238
13240
13241
13242
13243
13245
13246
13248
13249
13250
13253
13255
13256
13257
13259
13261
13262
13263
13267
13269
13272
13273
13276
13278
13279
13280
13281
13282
13284
13289
13291
13293
13294
13295
13296
13299
13300
13302
13304
13307
13308
13309
13310
13312
13313
13314
13315
13316
13317
13318
13319
13320
13322
13324
13326
13328
13330
13331
13333
13334
13336
13337
13339
13340
13342
13346
13347
13348
13349
13350
13351
13352
13354
13355
13358
13362
13363
13364
13366
13367
13368
13369
13370
13374
13378
13380
13382
13383
13384
13385
13386
13387
13388
13390
13391
13392
13394
13398
13401
13402
13403
13404
13406
13408
13409
13411
13415
13416
13417
13418
13420
13422
13424
13425
13428
13430
13431
13432
13433
13434
13435
13438
13440
13444
13446
13449
13450
13451
13452
13454
13455
13458
13459
13464
13469
13470
13472
13473
13474
13475
13478
13479
13480
13481
13482
13483
13484
13485
13487
13488
13489
13490
13492
13493
13495
13497
13498
13502
13503
13505
13506
13509
13510
13511
13513
13515
13516
13518
13526
13527
13529
13530
13532
13534
13535
13536
13537
13540
13542
13543
13546
13547
13548
13549
13550
13551
13552
13553
13556
13559
13561
13563
13566
13569
13570
13571
13572
13573
13574
13578
13580
13581
13583
13586
13587
13589
13591
13592
13595
13596
13598
13600
13601
13604
13605
13606
13611
13612
13615
13617
13619
13620
13621
13622
13623
13625
13626
13627
13628
13629
13630
13631
13632
13633
13636
13637
13638
13639
13642
13643
13646
13647
13648
13653
13655
13656
13657
13658
13660
13664
13666
13669
13671
13673
13674
13675
13677
13678
13680
13683
13685
13686
13688
13692
13695
13699
13700
13701
13702
13703
13705
13706
13709
13710
13711
13713
13714
13716
13718
13719
13723
13726
13727
13730
13731
13732
13734
13737
13739
13740
13742
13744
13745
13746
13747
13750
13753
13757
13758
13759
13760
13761
13762
13763
13764
13767
13769
13771
13772
13774
13775
13776
13778
13779
13780
13782
13784
13785
13786
13788
13790
13791
13794
13795
13796
13798
13801
13802
13803
13806
13807
13808
13809
13810
13812
13814
13815
13817
13819
13820
13822
13823
13824
13825
13826
13828
13829
13830
13831
13833
13834
13835
13837
13839
13841
13842
13845
13847
13849
13850
13851
13852
13855
13856
13859
13862
13866
13867
13873
13874
13876
13878
13879
13880
13881
13883
13884
13885
13886
13890
13891
13895
13896
13897
13899
13900
13903
13904
13906
13909
13910
13911
13912
13914
13915
13916
13918
13919
13920
13922
13923
13924
13928
13929
13932
13934
13935
13936
13938
13939
13940
13942
13943
13944
13945
13948
13951
13954
13955
13956
13957
13958
13959
13960
13962
13963
13964
13965
13966
13968
13970
13971
13972
13975
13977
13979
13980
13981
13983
13984
13989
13991
13992
13993
13994
13995
13997
13999
14002
14005
14006
14008
14010
14011
14016
14017
14018
14019
14021
14023
14024
14027
14028
14029
14030
14031
14033
14034
14035
14036
14037
14038
14043
14046
14047
14051
14052
14053
14056
14057
14060
14061
14062
14063
14064
14065
14067
14068
14069
14071
14074
14075
14077
14078
14079
14080
14082
14084
14085
14087
14091
14093
14096
14097
14099
14100
14101
14102
14103
14105
14106
14109
14111
14115
14118
14120
14122
14123
14126
14127
14131
14132
14133
14134
14135
14136
14137
14138
14141
14144
14147
14152
14153
14154
14155
14156
14158
14163
14164
14165
14168
14170
14173
14175
14178
14181
14184
14185
14186
14187
14189
14190
14191
14195
14197
14198
14199
14201
14203
14205
14209
14211
14212
14215
14216
14219
14225
14226
14227
14228
14230
14235
14239
14242
14246
14247
14248
14249
14250
14254
14255
14257
14259
14260
14261
14262
14263
14264
14268
14269
14270
14271
14272
14274
14275
14276
14277
14279
14283
14284
14285
14287
14289
14290
14291
14295
14298
14300
14301
14302
14303
14305
14307
14308
14309
14310
14311
14312
14316
14317
14318
14319
14320
14321
14322
14324
14325
14331
14332
14335
14336
14338
14340
14344
14346
14348
14352
14354
14355
14356
14357
14360
14363
14366
14367
14370
14371
14373
14374
14375
14376
14378
14380
14381
14383
14385
14387
14389
14390
14391
14396
14397
14398
14400
14401
14402
14403
14404
14406
14408
14409
14410
14411
14412
14413
14417
14418
14419
14421
14422
14423
14425
14427
14429
14431
14432
14433
14435
14436
14439
14443
14444
14448
14449
14450
14452
14453
14455
14456
14460
14461
14462
14465
14468
14470
14473
14474
14475
14476
14481
14487
14488
14489
14490
14491
14493
14494
14495
14496
14497
14501
14502
14503
14506
14507
14508
14509
14510
14511
14513
14521
14523
14525
14527
14529
14532
14533
14538
14539
14540
14542
14548
14549
14550
14552
14553
14554
14556
14557
14560
14561
14562
14563
14564
14566
14568
14570
14574
14576
14577
14579
14581
14582
14583
14584
14586
14587
14588
14589
14590
14591
14592
14593
14594
14595
14596
14597
14600
14601
14602
14603
14604
14606
14609
14610
14611
14612
14613
14614
14615
14616
14622
14623
14624
14625
14626
14627
14629
14630
14632
14633
14634
14638
14639
14644
14647
14648
14649
14650
14651
14652
14655
14656
14658
14659
14662
14666
14667
14668
14669
14670
14671
14678
14679
14680
14683
14685
14686
14688
14689
14692
14693
14694
14695
14696
14697
14700
14704
14707
14708
14709
14713
14715
14716
14719
14720
14722
14725
14726
14731
14733
14737
14740
14741
14742
14744
14746
14747
14750
14753
14754
14755
14756
14758
14761
14762
14764
14766
14768
14769
14770
14771
14772
14773
14774
14780
14781
14783
14785
14787
14788
14789
14791
14792
14794
14796
14798
14800
14801
14804
14805
14806
14807
14810
14811
14816
14817
14819
14820
14821
14822
14823
14824
14829
14830
14833
14836
14838
14840
14843
14845
14848
14849
14850
14851
14852
14856
14857
14858
14859
14860
14861
14862
14865
14866
14867
14872
14873
14874
14875
14877
14878
14881
14884
14885
14886
14887
14888
14889
14890
14892
14894
14895
14897
14898
14900
14901
14902
14903
14906
14907
14909
14910
14911
14912
14913
14915
14917
14919
14920
14921
14924
14925
14927
14928
14930
14931
14933
14934
14937
14938
14940
14944
14946
14948
14949
14950
14951
14952
14953
14955
14961
14963
14967
14968
14970
14971
14974
14975
14976
14977
14978
14980
14981
14983
14985
14986
14988
14989
14990
14991
14994
14995
14996
14997
14999
15003
15004
15006
15007
15008
15010
15012
15013
15016
15017
15019
15021
15022
15024
15025
15026
15027
15029
15031
15033
15035
15036
15037
15039
15041
15042
15043
15044
15045
15048
15050
15051
15053
15055
15056
15057
15059
15061
15065
15066
15067
15069
15072
15073
15079
15082
15083
15085
15086
15087
15088
15089
15093
15094
15095
15097
15098
15099
15102
15104
15105
15106
15107
15108
15111
15112
15113
15114
15115
15118
15120
15121
15122
15128
15129
15130
15131
15132
15134
15136
15138
15139
15140
15141
15142
15144
15145
15148
15149
15150
15151
15152
15154
15155
15156
15159
15160
15163
15170
15172
15173
15174
15175
15177
15179
15180
15181
15183
15185
15186
15187
15190
15191
15192
15193
15194
15195
15198
15201
15202
15203
15204
15205
15206
15207
15209
15210
15212
15215
15216
15217
15218
15220
15221
15223
15226
15229
15230
15232
15233
15234
15235
15236
15239
15243
15244
15245
15247
15248
15249
15251
15252
15254
15255
15257
15259
15261
15262
15263
15265
15269
15271
15272
15273
15274
15275
15276
15277
15278
15279
15280
15282
15284
15289
15293
15294
15296
15298
15301
15302
15303
15304
15305
15307
15308
15310
15311
15313
15314
15316
15317
15319
15326
15327
15328
15330
15331
15332
15333
15335
15336
15337
15338
15344
15351
15352
15354
15355
15356
15357
15358
15359
15360
15361
15363
15364
15365
15368
15369
15370
15373
15378
15379
15382
15383
15384
15386
15387
15388
15390
15391
15392
15394
15395
15398
15399
15400
15401
15404
15407
15408
15409
15412
15415
15417
15419
15420
15422
15423
15428
15430
15432
15433
15435
15437
15438
15439
15440
15442
15444
15448
15449
15453
15455
15456
15457
15459
15460
15461
15462
15465
15466
15469
15470
15472
15473
15474
15477
15478
15479
15482
15484
15485
15486
15490
15491
15493
15494
15496
15498
15502
15503
15504
15505
15510
15511
15513
15515
15516
15519
15520
15521
15522
15525
15526
15530
15532
15533
15534
15537
15540
15542
15544
15545
15546
15547
15549
15551
15552
15554
15555
15556
15560
15561
15562
15565
15569
15571
15574
15576
15577
15578
15580
15582
15584
15585
15586
15587
15588
15590
15592
15593
15594
15599
15602
15603
15605
15608
15610
15611
15614
15616
15619
15621
15623
15625
15626
15629
15632
15633
15634
15636
15637
15640
15642
15645
15649
15650
15651
15652
15653
15655
15659
15661
15662
15663
15664
15666
15667
15668
15669
15671
15672
15673
15678
15679
15681
15683
15687
15688
15689
15691
15692
15695
15696
15699
15700
15701
15704
15705
15706
15707
15708
15711
15712
15713
15715
15718
15721
15723
15725
15726
15729
15732
15733
15736
15738
15739
15740
15743
15747
15748
15750
15751
15754
15755
15756
15757
15758
15759
15767
15769
15770
15772
15773
15777
15779
15780
15786
15788
15789
15791
15792
15795
15797
15800
15801
15802
15803
15804
15806
15811
15813
15814
15815
15817
15819
15824
15826
15829
15830
15833
15840
15843
15846
15848
15849
15854
15858
15859
15860
15862
15864
15869
15871
15873
15877
15878
15880
15882
15883
15884
15885
15886
15888
15892
15893
15894
15897
15900
15901
15904
15905
15907
15908
15909
15911
15912
15913
15914
15917
15919
15920
15928
15930
15933
15934
15935
15938
15940
15944
15948
15949
15952
15953
15955
15957
15959
15960
15963
15964
15965
15966
15967
15968
15969
15971
15972
15975
15976
15977
15978
15983
15985
15986
15987
15990
15991
15993
15994
15995
15998
15999
16000
16001
16002
16003
16004
16005
16007
16009
16011
16012
16013
16014
16016
16017
16022
16023
16024
16025
16026
16027
16028
16030
16032
16033
16034
16035
16036
16037
16045
16046
16048
16049
16051
16052
16053
16055
16061
16062
16064
16065
16069
16070
16071
16072
16073
16074
16077
16079
16080
16081
16083
16085
16086
16087
16090
16093
16094
16095
16097
16098
16099
16100
16102
16103
16104
16105
16106
16107
16108
16109
16110
16115
16118
16119
16122
16123
16124
16128
16129
16131
16134
16136
16138
16140
16141
16143
16144
16145
16147
16148
16150
16151
16154
16155
16156
16157
16158
16162
16163
16164
16165
16169
16170
16171
16173
16174
16175
16176
16180
16181
16182
16183
16184
16185
16188
16191
16192
16193
16194
16196
16198
16199
16200
16201
16202
16205
16206
16208
16209
16210
16211
16216
16217
16219
16220
16223
16224
16225
16227
16228
16229
16230
16232
16234
16244
16245
16246
16247
16248
16249
16250
16252
16253
16254
16256
16257
16259
16261
16262
16263
16266
16267
16272
16275
16276
16278
16281
16282
16283
16284
16285
16287
16288
16290
16291
16292
16293
16295
16296
16297
16301
16302
16303
16307
16311
16312
16315
16316
16317
16319
16320
16321
16327
16328
16334
16335
16338
16339
16340
16341
16345
16346
16347
16353
16354
16355
16357
16358
16359
16362
16364
16366
16367
16368
16373
16374
16375
16376
16377
16378
16379
16380
16381
16383
16384
16387
16390
16391
16392
16393
16396
16398
16400
16401
16402
16403
16404
16407
16408
16415
16417
16423
16426
16428
16429
16430
16431
16437
16438
16439
16440
16441
16442
16443
16444
16445
16446
16447
16448
16453
16457
16460
16462
16464
16465
16470
16471
16473
16480
16481
16484
16485
16486
16488
16491
16493
16496
16498
16500
16502
16503
16505
16506
16507
16508
16510
16513
16516
16517
16519
16521
16522
16523
16524
16527
16532
16533
16535
16536
16538
16539
16540
16541
16546
16548
16549
16550
16551
16554
16555
16556
16557
16558
16559
16564
16566
16567
16568
16570
16571
16574
16575
16576
16577
16579
16580
16581
16582
16585
16587
16588
16589
16590
16593
16594
16595
16597
16598
16599
16601
16602
16603
16606
16608
16614
16615
16617
16619
16621
16622
16624
16625
16626
16627
16629
16630
16631
16632
16634
16635
16636
16637
16639
16641
16642
16643
16645
16646
16647
16651
16652
16653
16654
16656
16658
16659
16660
16661
16662
16663
16665
16668
16669
16672
16674
16675
16676
16680
16685
16686
16687
16688
16690
16691
16692
16694
16695
16697
16698
16701
16702
16703
16704
16709
16710
16713
16715
16719
16720
16721
16722
16723
16724
16725
16729
16730
16731
16733
16734
16736
16737
16738
16739
16740
16741
16742
16743
16745
16748
16749
16753
16754
16755
16759
16767
16769
16770
16771
16772
16774
16775
16776
16780
16781
16782
16785
16787
16788
16789
16790
16792
16795
16797
16798
16799
16800
16802
16803
16804
16807
16809
16810
16811
16815
16816
16819
16820
16821
16822
16823
16824
16827
16829
16830
16835
16837
16838
16839
16840
16841
16842
16844
16846
16847
16849
16850
16851
16852
16854
16857
16858
16859
16868
16869
16870
16876
16877
16878
16882
16883
16886
16887
16889
16892
16893
16894
16896
16899
16902
16904
16905
16906
16907
16910
16911
16914
16915
16916
16919
16923
16925
16926
16927
16928
16929
16930
16931
16935
16936
16937
16938
16941
16942
16945
16947
16948
16949
16951
16952
16953
16954
16960
16962
16963
16964
16965
16970
16971
16972
16973
16974
16982
16985
16986
16987
16989
16990
16992
16994
16999
17001
17003
17004
17006
17007
17009
17011
17013
17015
17017
17018
17019
17020
17022
17023
17024
17025
17029
17030
17031
17033
17035
17039
17040
17041
17042
17043
17045
17046
17047
17048
17053
17058
17059
17064
17066
17068
17071
17072
17073
17077
17078
17079
17080
17082
17083
17085
17086
17088
17089
17090
17092
17095
17097
17098
17102
17105
17106
17112
17113
17115
17116
17117
17121
17122
17124
17125
17131
17132
17133
17136
17139
17141
17142
17143
17144
17147
17149
17152
17160
17163
17165
17167
17171
17172
17175
17176
17179
17180
17183
17184
17186
17188
17189
17190
17191
17193
17194
17195
17196
17199
17201
17203
17205
17206
17207
17209
17214
17215
17216
17217
17218
17220
17221
17224
17225
17226
17227
17228
17229
17230
17231
17232
17233
17235
17236
17239
17240
17243
17245
17246
17247
17250
17251
17252
17256
17257
17258
17259
17261
17263
17267
17270
17272
17273
17274
17275
17276
17280
17281
17287
17288
17289
17291
17294
17296
17298
17306
17307
17312
17314
17316
17318
17320
17321
17322
17323
17324
17327
17328
17330
17331
17332
17337
17339
17356
17357
17358
17360
17361
17363
17364
17366
17367
17371
17372
17373
17374
17375
17377
17378
17381
17384
17387
17389
17390
17391
17392
17394
17395
17399
17406
17407
17408
17411
17413
17416
17417
17420
17423
17424
17426
17428
17432
17433
17436
17438
17439
17443
17445
17449
17450
17452
17454
17457
17458
17460
17461
17471
17472
17473
17478
17479
17480
17481
17482
17484
17485
17486
17489
17490
17493
17494
17495
17496
17500
17501
17502
17503
17505
17508
17509
17511
17513
17515
17519
17520
17522
17524
17526
17529
17530
17532
17537
17538
17540
17541
17543
17544
17545
17548
17551
17552
17553
17562
17563
17564
17567
17568
17569
17571
17573
17574
17575
17576
17579
17582
17584
17585
17588
17589
17590
17592
17594
17595
17596
17597
17599
17600
17601
17602
17603
17605
17606
17607
17608
17611
17612
17614
17615
17618
17619
17623
17625
17627
17628
17632
17633
17635
17639
17640
17645
17646
17651
17654
17655
17658
17659
17662
17666
17669
17672
17675
17677
17680
17681
17683
17684
17686
17688
17689
17692
17694
17695
17697
17699
17702
17704
17707
17708
17709
17711
17712
17713
17715
17716
17719
17720
17721
17726
17727
17728
17733
17734
17735
17736
17738
17739
17748
17749
17750
17753
17755
17757
17758
17760
17762
17763
17764
17765
17767
17768
17769
17770
17771
17773
17774
17775
17776
17778
17779
17781
17782
17785
17787
17788
17790
17792
17795
17796
17797
17798
17801
17803
17808
17809
17811
17812
17814
17816
17819
17821
17822
17823
17827
17828
17829
17832
17833
17835
17837
17838
17841
17843
17845
17846
17847
17849
17851
17854
17855
17856
17857
17858
17859
17860
17862
17869
17872
17873
17879
17880
17882
17884
17885
17887
17888
17889
17891
17892
17893
17896
17899
17900
17903
17904
17911
17912
17913
17914
17917
17920
17921
17923
17924
17925
17927
17929
17930
17931
17933
17935
17938
17943
17944
17949
17950
17951
17953
17956
17958
17960
17961
17963
17964
17965
17966
17967
17968
17970
17971
17973
17975
17976
17977
17979
17980
17983
17984
17991
17995
17996
17998
17999
18003
18004
18006
18010
18013
18019
18020
18021
18024
18026
18027
18028
18030
18031
18033
18034
18035
18037
18039
18040
18041
18043
18045
18046
18047
18048
18050
18051
18052
18053
18054
18056
18058
18060
18065
18068
18069
18070
18072
18078
18079
18083
18087
18090
18092
18093
18095
18096
18097
18098
18099
18100
18102
18103
18106
18107
18108
18110
18114
18115
18116
18118
18122
18123
18126
18127
18128
18130
18131
18132
18136
18138
18139
18141
18142
18143
18144
18145
18146
18150
18154
18156
18157
18160
18162
18163
18166
18169
18170
18172
18174
18175
18178
18179
18180
18181
18183
18186
18189
18190
18194
18198
18199
18202
18207
18209
18210
18211
18212
18213
18214
18217
18218
18221
18222
18223
18224
18225
18227
18228
18231
18232
18233
18234
18237
18239
18241
18244
18246
18250
18253
18256
18264
18265
18266
18267
18270
18279
18280
18283
18284
18286
18287
18289
18293
18294
18295
18299
18301
18302
18303
18304
18306
18307
18308
18310
18315
18316
18318
18319
18320
18321
18324
18326
18327
18329
18330
18332
18335
18336
18337
18339
18342
18345
18346
18348
18349
18353
18356
18358
18360
18362
18366
18367
18368
18370
18371
18372
18373
18374
18375
18376
18377
18378
18379
18383
18386
18387
18392
18395
18398
18400
18401
18402
18404
18405
18409
18412
18413
18414
18415
18418
18422
18431
18432
18436
18437
18438
18442
18446
18447
18448
18454
18455
18457
18458
18461
18462
18463
18469
18472
18473
18474
18476
18477
18478
18482
18484
18486
18487
18488
18491
18492
18494
18495
18503
18504
18508
18509
18510
18511
18512
18513
18514
18517
18518
18520
18521
18522
18523
18525
18527
18528
18529
18530
18531
18532
18536
18537
18539
18542
18544
18545
18555
18558
18560
18561
18562
18563
18564
18565
18566
18568
18572
18573
18575
18577
18579
18580
18581
18582
18589
18590
18592
18593
18595
18596
18597
18598
18601
18602
18603
18604
18605
18607
18608
18609
18610
18611
18613
18618
18621
18627
18629
18630
18633
18634
18635
18636
18637
18638
18642
18643
18644
18645
18647
18648
18649
18650
18651
18652
18653
18654
18656
18657
18658
18659
18660
18661
18662
18663
18665
18666
18668
18671
18673
18677
18678
18679
18680
18683
18689
18691
18694
18696
18697
18698
18700
18702
18703
18704
18705
18706
18707
18708
18709
18710
18712
18713
18714
18719
18720
18721
18723
18726
18727
18728
18730
18731
18732
18734
18738
18739
18740
18741
18746
18747
18748
18750
18752
18753
18758
18759
18761
18762
18765
18767
18768
18770
18773
18774
18776
18778
18779
18780
18781
18784
18785
18787
18790
18796
18797
18799
18800
18801
18802
18803
18804
18805
18806
18807
18808
18809
18810
18812
18813
18816
18817
18820
18821
18822
18823
18824
18827
18828
18834
18836
18837
18838
18840
18841
18844
18848
18849
18852
18854
18859
18860
18861
18862
18863
18865
18866
18870
18873
18874
18875
18876
18877
18878
18879
18880
18883
18885
18886
18888
18889
18890
18892
18894
18899
18900
18901
18902
18903
18904
18905
18906
18907
18910
18915
18919
18920
18923
18925
18927
18929
18935
18939
18940
18941
18943
18944
18945
18946
18950
18951
18952
18953
18955
18957
18958
18960
18964
18966
18967
18968
18969
18970
18971
18976
18977
18982
18984
18985
18986
18990
18993
18994
18995
18996
19000
19001
19003
19004
19005
19006
19008
19009
19012
19016
19017
19020
19021
19023
19024
19025
19026
19028
19029
19030
19031
19032
19033
19036
19037
19038
19040
19041
19042
19043
19044
19046
19048
19049
19050
19053
19056
19057
19059
19062
19067
19069
19072
19073
19077
19078
19080
19081
19082
19083
19085
19087
19089
19091
19094
19095
19097
19099
19100
19101
19102
19103
19104
19110
19112
19114
19115
19116
19117
19119
19120
19122
19124
19125
19126
19127
19128
19130
19131
19132
19135
19136
19138
19140
19142
19143
19145
19147
19149
19150
19151
19152
19154
19155
19156
19159
19161
19163
19165
19166
19168
19171
19172
19173
19174
19179
19180
19185
19186
19187
19188
19189
19190
19192
19196
19197
19198
19202
19203
19204
19206
19207
19211
19212
19215
19216
19217
19219
19221
19222
19225
19226
19227
19232
19233
19234
19237
19240
19241
19242
19243
19246
19248
19249
19250
19252
19253
19256
19257
19258
19259
19260
19265
19267
19270
19274
19275
19276
19277
19281
19284
19285
19287
19288
19289
19290
19292
19295
19298
19299
19300
19301
19305
19307
19308
19309
19310
19311
19313
19314
19315
19316
19317
19318
19319
19321
19322
19323
19324
19325
19334
19335
19337
19338
19342
19344
19345
19346
19349
19351
19352
19353
19354
19355
19357
19360
19361
19362
19368
19369
19370
19372
19373
19375
19378
19379
19380
19382
19383
19384
19386
19389
19390
19392
19393
19395
19396
19397
19398
19399
19402
19405
19407
19408
19409
19410
19415
19417
19419
19420
19423
19424
19425
19426
19429
19430
19432
19433
19434
19435
19438
19439
19440
19444
19446
19451
19452
19453
19454
19455
19456
19458
19459
19460
19461
19462
19466
19469
19472
19473
19476
19478
19481
19482
19484
19486
19488
19490
19491
19492
19496
19497
19499
19500
19501
19502
19503
19504
19505
19507
19508
19511
19512
19515
19516
19525
19527
19529
19530
19531
19533
19538
19539
19540
19543
19544
19548
19551
19552
19554
19556
19558
19561
19563
19565
19569
19571
19572
19576
19577
19578
19580
19583
19584
19585
19586
19588
19589
19590
19591
19594
19598
19599
19602
19603
19608
19612
19613
19614
19617
19619
19620
19622
19624
19625
19626
19633
19634
19636
19637
19638
19639
19640
19641
19643
19644
19645
19646
19648
19649
19652
19653
19654
19659
19660
19661
19662
19666
19667
19668
19669
19671
19673
19675
19677
19678
19680
19681
19684
19685
19688
19689
19690
19694
19695
19696
19697
19698
19699
19701
19703
19706
19708
19709
19710
19716
19721
19723
19724
19725
19726
19732
19734
19735
19740
19742
19743
19744
19745
19747
19748
19749
19752
19753
19754
19755
19756
19757
19760
19761
19762
19763
19766
19767
19769
19770
19771
19772
19773
19775
19777
19779
19780
19781
19783
19784
19785
19786
19788
19789
19795
19796
19798
19799
19800
19801
19805
19806
19807
19809
19810
19811
19816
19818
19819
19820
19822
19825
19826
19827
19828
19832
19833
19836
19837
19838
19839
19840
19842
19846
19847
19849
19850
19851
19853
19856
19857
19858
19859
19860
19861
19862
19865
19866
19867
19868
19869
19870
19873
19874
19875
19879
19880
19881
19883
19885
19887
19890
19892
19893
19895
19898
19899
19908
19910
19911
19912
19915
19919
19922
19924
19926
19927
19929
19931
19936
19939
19940
19941
19942
19944
19948
19950
19952
19953
19955
19959
19960
19961
19962
19963
19966
19970
19972
19980
19981
19984
19985
19988
19990
19991
19992
19995
19997
19998
19999
20001
20004
20005
20006
20007
20009
20011
20013
20015
20016
20017
20018
20019
20021
20023
20026
20027
20028
20030
20031
20033
20035
20037
20038
20042
20043
20044
20045
20049
20052
20053
20057
20058
20059
20060
20061
20062
20065
20068
20069
20070
20072
20073
20077
20079
20081
20083
20084
20093
20094
20095
20097
20101
20102
20105
20107
20108
20112
20113
20114
20116
20117
20118
20119
20120
20123
20128
20129
20131
20137
20138
20141
20142
20143
20145
20146
20147
20148
20149
20150
20154
20155
20156
20161
20162
20165
20166
20169
20170
20171
20172
20173
20174
20175
20178
20179
20181
20182
20185
20186
20187
20189
20190
20192
20194
20195
20199
20200
20201
20204
20205
20206
20207
20208
20214
20217
20218
20219
20224
20228
20233
20236
20238
20239
20241
20244
20245
20247
20249
20255
20259
20264
20265
20269
20270
20271
20276
20277
20278
20279
20280
20282
20283
20284
20285
20286
20287
20288
20290
20291
20293
20296
20297
20300
20302
20306
20308
20309
20311
20312
20314
20316
20317
20322
20324
20325
20327
20329
20332
20333
20334
20336
20337
20341
20343
20346
20347
20350
20352
20353
20358
20359
20361
20362
20366
20367
20368
20369
20371
20372
20380
20391
20394
20395
20396
20397
20399
20403
20404
20406
20407
20408
20409
20410
20411
20415
20416
20419
20420
20423
20425
20426
20427
20428
20429
20431
20434
20436
20437
20438
20439
20441
20443
20444
20445
20446
20448
20453
20457
20459
20461
20463
20465
20469
20470
20473
20474
20475
20476
20477
20480
20481
20482
20483
20485
20486
20489
20490
20491
20493
20496
20498
20499
20500
20503
20504
20507
20508
20511
20512
20513
20514
20520
20521
20523
20524
20527
20528
20530
20536
20538
20539
20540
20542
20543
20544
20545
20547
20548
20551
20552
20556
20561
20562
20563
20566
20567
20572
20577
20578
20584
20588
20589
20590
20594
20595
20598
20599
20601
20603
20605
20607
20608
20609
20612
20617
20621
20622
20623
20624
20626
20628
20629
20630
20631
20632
20633
20636
20637
20638
20642
20643
20644
20645
20647
20648
20651
20654
20655
20658
20662
20664
20668
20671
20673
20677
20678
20679
20680
20683
20684
20685
20686
20689
20690
20691
20692
20693
20694
20696
20697
20699
20700
20704
20705
20706
20712
20713
20718
20720
20721
20722
20725
20727
20728
20729
20731
20733
20734
20738
20739
20740
20743
20748
20751
20752
20753
20757
20760
20761
20762
20763
20764
20767
20768
20771
20772
20773
20775
20781
20782
20783
20785
20790
20792
20793
20795
20796
20799
20800
20803
20804
20805
20806
20808
20809
20811
20814
20815
20816
20820
20821
20822
20826
20827
20828
20829
20830
20834
20836
20838
20839
20840
20842
20843
20844
20846
20847
20849
20851
20853
20854
20861
20864
20866
20868
20869
20870
20872
20873
20876
20880
20882
20887
20890
20892
20898
20901
20902
20903
20905
20907
20909
20911
20913
20915
20917
20921
20922
20923
20924
20927
20928
20930
20932
20933
20947
20949
20950
20951
20952
20956
20957
20958
20959
20961
20965
20967
20968
20969
20970
20971
20972
20973
20975
20976
20977
20980
20981
20983
20987
20988
20992
20995
21000
21006
21009
21010
21011
21015
21016
21017
21018
21023
21025
21027
21028
21029
21031
21032
21033
21040
21042
21043
21045
21048
21049
21051
21052
21057
21058
21059
21060
21061
21062
21063
21066
21067
21068
21070
21071
21080
21084
21085
21091
21097
21099
21100
21101
21104
21106
21111
21112
21113
21115
21116
21117
21120
21123
21126
21127
21129
21130
21131
21132
21134
21136
21138
21139
21140
21143
21144
21145
21149
21150
21152
21154
21158
21159
21160
21161
21162
21163
21165
21167
21171
21172
21174
21177
21183
21185
21187
21188
21189
21191
21192
21193
21195
21197
21198
21201
21202
21204
21206
21208
21209
21211
21214
21215
21217
21219
21220
21223
21224
21226
21229
21231
21234
21236
21237
21239
21240
21241
21243
21244
21248
21249
21250
21251
21252
21254
21256
21258
21259
21261
21262
21264
21265
21266
21267
21269
21270
21271
21272
21273
21274
21275
21276
21277
21283
21284
21285
21286
21290
21291
21292
21294
21300
21303
21304
21305
21306
21307
21308
21309
21310
21312
21313
21314
21315
21316
21318
21319
21320
21321
21323
21324
21326
21327
21328
21330
21331
21334
21336
21340
21341
21344
21355
21356
21357
21359
21367
21371
21372
21373
21376
21381
21384
21386
21387
21388
21389
21390
21391
21392
21393
21394
21395
21396
21399
21403
21405
21409
21410
21411
21413
21415
21422
21424
21427
21428
21429
21430
21431
21432
21434
21436
21438
21439
21440
21441
21444
21445
21446
21447
21448
21451
21452
21453
21454
21455
21461
21463
21467
21468
21470
21474
21475
21476
21477
21479
21483
21484
21485
21487
21490
21491
21492
21495
21501
21502
21504
21506
21508
21511
21512
21513
21514
21516
21517
21518
21520
21521
21525
21526
21529
21532
21533
21536
21538
21542
21545
21551
21552
21553
21555
21558
21561
21564
21565
21566
21568
21572
21573
21575
21578
21580
21582
21583
21584
21585
21587
21589
21591
21593
21594
21595
21597
21599
21601
21603
21607
21608
21609
21612
21614
21615
21619
21622
21624
21628
21630
21631
21632
21633
21634
21636
21638
21639
21642
21644
21645
21646
21647
21651
21657
21658
21665
21666
21667
21669
21671
21673
21674
21676
21677
21679
21682
21683
21685
21687
21693
21696
21700
21705
21706
21707
21709
21711
21712
21713
21715
21717
21718
21719
21720
21725
21728
21730
21732
21737
21738
21739
21741
21745
21749
21750
21755
21756
21758
21761
21762
21763
21765
21766
21770
21771
21772
21774
21775
21776
21777
21780
21781
21782
21784
21785
21786
21787
21788
21789
21791
21792
21793
21794
21799
21800
21802
21803
21804
21805
21806
21807
21808
21810
21815
21818
21825
21828
21830
21831
21833
21835
21836
21837
21841
21844
21845
21848
21851
21852
21853
21855
21856
21857
21860
21862
21863
21864
21867
21870
21872
21873
21874
21877
21878
21880
21881
21882
21884
21886
21889
21890
21891
21892
21893
21895
21896
21898
21903
21907
21908
21910
21911
21913
21914
21916
21917
21921
21922
21924
21925
21926
21927
21930
21933
21935
21937
21938
21940
21941
21943
21944
21945
21946
21955
21958
21961
21963
21965
21966
21969
21970
21975
21976
21978
21979
21982
21984
21985
21988
21989
21990
21992
21994
21996
21998
21999
22000
22002
22004
22008
22010
22011
22012
22017
22023
22024
22026
22028
22029
22031
22032
22033
22034
22035
22036
22037
22038
22040
22041
22043
22047
22049
22051
22052
22053
22054
22059
22060
22062
22064
22067
22068
22072
22076
22077
22079
22080
22081
22087
22089
22090
22091
22092
22093
22096
22097
22098
22103
22105
22106
22107
22111
22112
22113
22117
22118
22119
22120
22126
22127
22130
22131
22132
22133
22136
22137
22138
22140
22143
22146
22147
22148
22150
22151
22153
22160
22161
22162
22164
22166
22167
22170
22171
22172
22173
22174
22175
22178
22180
22181
22183
22184
22185
22188
22190
22191
22192
22193
22199
22201
22202
22204
22205
22206
22208
22209
22216
22218
22219
22221
22222
22227
22231
22232
22233
22235
22236
22237
22238
22240
22242
22246
22251
22254
22257
22259
22265
22266
22267
22268
22269
22270
22271
22272
22273
22274
22276
22278
22279
22282
22286
22288
22289
22290
22291
22293
22294
22296
22299
22300
22302
22303
22305
22308
22309
22310
22313
22315
22316
22324
22325
22326
22327
22328
22329
22331
22333
22334
22338
22344
22346
22348
22350
22351
22352
22354
22358
22360
22361
22362
22368
22371
22372
22373
22375
22377
22378
22379
22380
22381
22383
22385
22386
22388
22389
22390
22393
22394
22395
22396
22398
22399
22405
22406
22407
22409
22410
22414
22415
22417
22419
22421
22424
22425
22426
22434
22435
22437
22443
22446
22447
22449
22450
22452
22453
22454
22455
22457
22459
22461
22463
22464
22466
22467
22471
22474
22477
22478
22479
22484
22485
22488
22489
22491
22493
22496
22499
22500
22502
22503
22506
22507
22508
22509
22512
22513
22514
22515
22516
22517
22518
22520
22522
22524
22526
22527
22530
22531
22532
22535
22538
22539
22544
22545
22546
22549
22550
22551
22553
22555
22557
22560
22561
22566
22567
22570
22571
22573
22574
22575
22577
22578
22583
22584
22586
22587
22591
22592
22593
22596
22601
22602
22604
22605
22609
22611
22615
22617
22619
22621
22624
22627
22629
22630
22633
22634
22636
22637
22638
22639
22641
22642
22646
22647
22651
22652
22656
22658
22660
22662
22664
22666
22669
22670
22672
22674
22676
22681
22687
22692
22695
22696
22698
22700
22702
22703
22706
22707
22708
22711
22713
22715
22718
22721
22722
22727
22728
22729
22730
22733
22734
22735
22740
22741
22742
22743
22744
22745
22749
22751
22752
22756
22757
22758
22761
22763
22765
22766
22769
22780
22786
22787
22791
22792
22794
22797
22798
22799
22800
22804
22806
22809
22812
22813
22814
22815
22816
22817
22818
22819
22823
22825
22826
22827
22830
22833
22835
22836
22838
22841
22843
22844
22845
22846
22847
22848
22850
22853
22854
22856
22860
22862
22863
22864
22865
22869
22870
22871
22875
22877
22878
22879
22881
22883
22884
22888
22889
22894
22896
22897
22898
22899
22900
22901
22904
22906
22907
22908
22909
22912
22913
22916
22918
22920
22923
22925
22927
22930
22931
22932
22933
22934
22936
22939
22943
22944
22945
22946
22949
22950
22954
22955
22956
22957
22959
22962
22963
22965
22970
22973
22975
22977
22978
22980
22982
22984
22986
22989
22990
22992
22993
22994
22995
22996
22999
23001
23006
23007
23009
23010
23011
23016
23017
23018
23022
23025
23029
23030
23033
23034
23035
23039
23042
23043
23045
23046
23047
23048
23051
23054
23055
23056
23057
23061
23064
23065
23067
23069
23071
23074
23076
23077
23078
23080
23085
23087
23088
23091
23092
23094
23095
23099
23101
23103
23106
23108
23111
23113
23115
23117
23118
23120
23123
23129
23130
23132
23133
23134
23137
23139
23140
23141
23145
23146
23148
23149
23150
23151
23153
23155
23156
23157
23160
23162
23163
23166
23168
23170
23172
23175
23176
23180
23183
23184
23185
23187
23189
23190
23191
23192
23193
23195
23196
23198
23200
23201
23202
23204
23205
23206
23208
23209
23210
23218
23219
23220
23221
23222
23223
23227
23229
23230
23234
23237
23239
23240
23242
23245
23246
23249
23251
23252
23253
23256
23257
23261
23264
23266
23268
23269
23270
23274
23275
23279
23281
23283
23284
23285
23288
23291
23293
23296
23297
23300
23301
23303
23306
23308
23309
23311
23313
23314
23316
23318
23320
23321
23322
23323
23325
23327
23331
23332
23333
23334
23335
23336
23344
23346
23347
23348
23350
23352
23353
23354
23355
23358
23361
23362
23365
23366
23368
23375
23377
23380
23381
23382
23387
23388
23389
23390
23391
23393
23395
23397
23400
23401
23403
23405
23407
23410
23413
23414
23415
23418
23421
23422
23424
23425
23429
23432
23434
23437
23447
23449
23450
23453
23457
23460
23461
23462
23463
23467
23468
23469
23470
23471
23473
23475
23477
23480
23484
23489
23490
23491
23497
23498
23500
23501
23504
23505
23507
23508
23511
23512
23513
23517
23519
23521
23522
23523
23525
23526
23527
23528
23529
23531
23534
23535
23539
23541
23544
23546
23549
23551
23552
23554
23557
23558
23559
23560
23562
23563
23565
23568
23569
23570
23572
23576
23577
23578
23579
23581
23583
23591
23592
23593
23594
23595
23601
23602
23603
23604
23605
23606
23607
23608
23609
23611
23613
23618
23619
23620
23623
23626
23627
23628
23630
23631
23632
23638
23639
23640
23641
23643
23644
23645
23646
23647
23648
23650
23651
23652
23654
23657
23659
23662
23663
23665
23670
23674
23675
23677
23678
23681
23682
23689
23690
23692
23694
23695
23699
23700
23702
23703
23704
23705
23709
23711
23715
23719
23721
23722
23725
23726
23727
23729
23732
23733
23734
23736
23737
23738
23739
23740
23741
23742
23746
23749
23750
23751
23752
23753
23757
23759
23760
23763
23765
23766
23768
23769
23771
23774
23776
23777
23779
23780
23782
23783
23786
23788
23790
23791
23795
23802
23803
23804
23806
23809
23810
23811
23812
23815
23818
23821
23824
23826
23827
23828
23831
23833
23839
23840
23841
23843
23844
23845
23848
23849
23850
23853
23856
23857
23859
23862
23863
23864
23867
23868
23869
23870
23877
23880
23881
23883
23887
23889
23890
23892
23893
23895
23899
23900
23901
23905
23906
23907
23908
23910
23911
23913
23914
23915
23916
23918
23920
23921
23922
23924
23925
23930
23931
23933
23935
23938
23939
23940
23941
23942
23943
23945
23946
23947
23949
23950
23952
23953
23954
23956
23957
23958
23959
23961
23962
23963
23965
23966
23967
23968
23969
23970
23971
23973
23974
23975
23977
23980
23983
23985
23988
23992
23994
23995
23998
23999
24000
24001
24004
24009
24010
24016
24017
24018
24019
24020
24022
24024
24025
24026
24029
24030
24031
24034
24035
24036
24037
24038
24039
24043
24047
24048
24050
24051
24052
24054
24055
24057
24060
24061
24063
24065
24067
24069
24074
24078
24079
24081
24084
24085
24093
24095
24096
24098
24099
24106
24107
24108
24109
24110
24111
24113
24119
24124
24127
24128
24129
24132
24133
24134
24136
24137
24138
24139
24140
24142
24145
24150
24153
24154
24157
24161
24167
24168
24171
24172
24177
24181
24182
24187
24190
24191
24194
24196
24198
24199
24202
24203
24204
24206
24207
24209
24210
24213
24215
24217
24220
24225
24227
24230
24231
24232
24233
24236
24237
24240
24241
24242
24243
24244
24245
24248
24249
24250
24253
24256
24258
24262
24263
24267
24273
24275
24276
24279
24284
24287
24288
24289
24293
24295
24296
24297
24298
24301
24302
24303
24306
24307
24311
24317
24318
24321
24325
24326
24327
24328
24332
24334
24335
24336
24340
24341
24344
24346
24347
24353
24354
24355
24356
24357
24362
24364
24366
24367
24369
24370
24371
24376
24378
24379
24380
24382
24384
24385
24387
24388
24389
24391
24392
24394
24397
24398
24402
24403
24404
24410
24411
24413
24416
24421
24424
24425
24427
24430
24434
24438
24441
24443
24446
24448
24453
24454
24455
24456
24458
24459
24461
24464
24467
24468
24472
24473
24474
24477
24479
24480
24481
24483
24484
24488
24491
24492
24493
24494
24495
24498
24503
24504
24506
24509
24510
24511
24513
24514
24515
24516
24518
24521
24522
24523
24524
24525
24526
24527
24528
24531
24532
24534
24537
24538
24542
24543
24544
24545
24547
24548
24549
24550
24554
24558
24560
24561
24563
24566
24568
24569
24571
24572
24580
24586
24588
24591
24592
24595
24596
24599
24601
24604
24607
24609
24610
24611
24612
24613
24614
24615
24617
24618
24619
24623
24624
24626
24628
24629
24631
24632
24633
24634
24636
24637
24638
24640
24644
24645
24647
24648
24649
24650
24651
24654
24656
24660
24662
24663
24667
24668
24669
24671
24673
24675
24676
24678
24679
24685
24688
24691
24692
24696
24698
24700
24703
24704
24705
24706
24707
24708
24712
24714
24715
24716
24718
24719
24722
24723
24725
24729
24730
24732
24734
24737
24738
24739
24740
24741
24742
24744
24745
24748
24756
24758
24761
24763
24765
24768
24774
24777
24778
24779
24784
24785
24786
24790
24794
24797
24798
24799
24800
24803
24805
24806
24807
24808
24810
24811
24812
24813
24822
24824
24826
24832
24835
24836
24837
24838
24844
24846
24847
24849
24851
24852
24854
24860
24861
24862
24865
24869
24870
24871
24872
24875
24877
24878
24879
24880
24883
24884
24885
24886
24891
24892
24893
24894
24896
24900
24902
24903
24905
24906
24908
24909
24912
24913
24914
24915
24916
24917
24919
24923
24927
24928
24930
24931
24932
24935
24936
24937
24938
24939
24940
24942
24946
24947
24949
24951
24953
24954
24955
24957
24961
24965
24967
24969
24970
24973
24979
24980
24982
24984
24986
24987
24989
24990
24991
24992
24995
24998
24999
25001
25004
25006
25009
25012
25013
25014
25016
25017
25018
25020
25021
25024
25026
25027
25028
25029
25031
25032
25033
25034
25037
25042
25044
25046
25047
25051
25055
25057
25058
25059
25062
25064
25065
25066
25069
25070
25071
25072
25073
25076
25079
25081
25083
25084
25092
25093
25094
25097
25098
25099
25100
25103
25104
25105
25109
25111
25112
25114
25115
25118
25119
25124
25127
25128
25129
25135
25136
25139
25140
25144
25147
25148
25150
25151
25153
25155
25156
25163
25164
25165
25166
25167
25169
25171
25173
25174
25179
25180
25181
25182
25183
25184
25185
25187
25188
25189
25191
25193
25195
25196
25197
25202
25210
25214
25215
25216
25217
25219
25220
25221
25224
25225
25226
25230
25235
25236
25238
25239
25240
25242
25244
25247
25248
25250
25253
25255
25257
25260
25262
25263
25265
25266
25269
25271
25272
25273
25279
25281
25282
25283
25284
25286
25288
25292
25293
25294
25296
25298
25299
25300
25302
25304
25305
25307
25308
25310
25311
25312
25316
25318
25322
25323
25326
25328
25329
25331
25334
25335
25339
25342
25348
25349
25350
25351
25352
25353
25355
25359
25361
25362
25364
25365
25366
25367
25369
25373
25374
25377
25379
25381
25382
25383
25384
25385
25386
25388
25392
25394
25395
25398
25400
25403
25406
25407
25411
25413
25414
25415
25417
25422
25423
25426
25428
25434
25439
25440
25441
25442
25444
25445
25448
25453
25458
25459
25460
25461
25462
25463
25465
25466
25470
25471
25472
25475
25476
25477
25480
25481
25484
25488
25489
25492
25496
25498
25500
25502
25503
25505
25506
25507
25512
25516
25523
25527
25529
25530
25531
25532
25536
25538
25542
25544
25546
25547
25548
25551
25552
25553
25555
25558
25559
25569
25572
25573
25574
25578
25580
25582
25585
25587
25588
25590
25591
25593
25594
25595
25597
25598
25599
25600
25603
25605
25606
25608
25609
25610
25612
25614
25619
25621
25627
25629
25631
25636
25646
25648
25649
25650
25652
25654
25655
25657
25659
25661
25662
25663
25665
25673
25674
25678
25681
25682
25683
25684
25685
25686
25687
25691
25692
25693
25694
25697
25700
25701
25704
25708
25709
25714
25716
25722
25723
25732
25735
25737
25738
25739
25742
25743
25744
25747
25748
25749
25754
25755
25756
25764
25766
25769
25774
25776
25777
25779
25780
25784
25785
25787
25790
25791
25793
25799
25800
25801
25803
25806
25808
25810
25811
25812
25817
25820
25822
25824
25826
25828
25830
25832
25833
25834
25836
25838
25839
25840
25841
25843
25849
25851
25852
25853
25857
25859
25860
25863
25866
25867
25868
25869
25872
25875
25877
25878
25879
25880
25882
25883
25886
25889
25892
25893
25894
25895
25898
25902
25904
25908
25911
25913
25917
25919
25921
25927
25929
25930
25931
25934
25935
25936
25938
25941
25943
25944
25945
25949
25954
25955
25956
25957
25958
25962
25963
25964
25965
25967
25968
25973
25975
25978
25980
25983
25984
25986
25987
25988
25989
25992
25993
25994
25996
25998
26001
26003
26005
26009
26011
26012
26013
26014
26017
26018
26024
26025
26026
26028
26029
26030
26033
26034
26037
26038
26040
26044
26045
26046
26048
26050
26052
26053
26056
26057
26060
26062
26063
26064
26066
26070
26075
26078
26079
26081
26083
26084
26093
26095
26096
26098
26099
26101
26105
26107
26108
26109
26110
26111
26112
26113
26114
26115
26116
26118
26119
26120
26125
26126
26127
26128
26131
26132
26135
26137
26138
26141
26142
26145
26148
26150
26151
26154
26155
26158
26160
26161
26163
26164
26166
26168
26172
26175
26176
26177
26178
26179
26182
26183
26184
26186
26189
26193
26194
26198
26199
26200
26202
26204
26208
26210
26211
26212
26213
26214
26215
26218
26219
26221
26224
26225
26227
26228
26229
26233
26234
26235
26236
26237
26239
26244
26247
26248
26253
26255
26262
26263
26264
26266
26268
26269
26271
26272
26277
26278
26279
26282
26286
26289
26291
26292
26293
26294
26297
26298
26299
26301
26303
26305
26306
26307
26308
26312
26313
26317
26319
26324
26326
26331
26333
26334
26338
26339
26340
26341
26344
26345
26346
26348
26349
26351
26356
26358
26359
26360
26361
26363
26364
26366
26367
26368
26369
26372
26373
26374
26376
26378
26383
26386
26388
26389
26390
26391
26392
26396
26397
26400
26401
26403
26406
26407
26410
26412
26413
26414
26415
26422
26425
26426
26427
26429
26430
26431
26433
26437
26438
26440
26443
26444
26447
26450
26451
26457
26462
26463
26464
26465
26466
26467
26471
26473
26474
26475
26480
26482
26483
26484
26486
26490
26491
26492
26493
26499
26502
26503
26507
26509
26510
26511
26513
26514
26518
26520
26522
26524
26526
26527
26528
26530
26533
26537
26538
26540
26541
26544
26545
26549
26551
26552
26553
26555
26557
26558
26559
26562
26563
26567
26568
26569
26571
26572
26573
26574
26576
26577
26580
26583
26587
26589
26592
26594
26599
26600
26610
26613
26614
26615
26618
26620
26621
26623
26625
26626
26627
26628
26632
26638
26640
26642
26643
26645
26646
26647
26648
26649
26650
26652
26655
26656
26658
26659
26664
26668
26669
26671
26673
26674
26675
26678
26682
26683
26684
26687
26691
26692
26695
26697
26700
26702
26703
26705
26707
26708
26711
26713
26716
26718
26722
26724
26725
26727
26732
26733
26735
26736
26741
26744
26745
26746
26747
26748
26749
26750
26752
26753
26754
26757
26759
26761
26762
26763
26764
26765
26766
26767
26768
26770
26774
26775
26777
26778
26779
26785
26788
26789
26791
26792
26796
26798
26799
26801
26802
26803
26805
26807
26811
26812
26819
26826
26829
26830
26832
26833
26835
26837
26843
26845
26847
26848
26851
26858
26859
26862
26865
26867
26868
26869
26870
26871
26872
26874
26875
26877
26881
26885
26888
26889
26891
26892
26893
26894
26896
26905
26906
26907
26909
26910
26912
26915
26916
26917
26918
26924
26931
26933
26935
26937
26938
26942
26943
26944
26945
26951
26953
26956
26957
26960
26961
26963
26967
26968
26971
26972
26973
26975
26976
26977
26980
26984
26988
26989
26990
26991
26992
26993
26995
26997
27001
27003
27009
27011
27013
27014
27015
27016
27018
27019
27020
27022
27023
27030
27031
27032
27033
27035
27037
27039
27040
27041
27045
27046
27047
27048
27051
27057
27058
27059
27061
27063
27064
27069
27071
27075
27076
27079
27082
27083
27084
27086
27088
27092
27093
27097
27099
27101
27102
27106
27107
27112
27115
27118
27120
27122
27124
27127
27130
27133
27136
27138
27139
27140
27141
27142
27145
27147
27154
27155
27160
27163
27164
27167
27169
27172
27176
27177
27178
27179
27180
27181
27185
27187
27188
27190
27193
27194
27196
27197
27199
27208
27211
27215
27217
27218
27219
27222
27223
27224
27227
27229
27230
27231
27232
27233
27235
27236
27243
27248
27250
27252
27254
27258
27259
27261
27262
27263
27264
27266
27267
27268
27269
27270
27271
27273
27275
27278
27279
27280
27283
27284
27287
27289
27290
27291
27292
27295
27300
27303
27312
27315
27321
27322
27323
27324
27333
27339
27343
27347
27348
27351
27354
27355
27356
27357
27360
27362
27363
27364
27368
27371
27373
27374
27378
27379
27380
27383
27385
27387
27390
27393
27395
27397
27400
27401
27402
27403
27404
27406
27408
27409
27412
27419
27420
27422
27423
27428
27430
27431
27432
27433
27434
27436
27437
27444
27447
27450
27451
27454
27455
27456
27459
27466
27467
27468
27469
27472
27474
27476
27478
27484
27485
27488
27489
27491
27492
27493
27497
27498
27499
27500
27501
27503
27505
27507
27508
27509
27512
27515
27521
27522
27523
27524
27526
27527
27528
27529
27534
27536
27539
27540
27548
27549
27550
27553
27554
27555
27560
27561
27564
27570
27571
27572
27573
27575
27577
27578
27579
27581
27582
27584
27585
27586
27589
27591
27594
27596
27597
27598
27600
27601
27602
27603
27604
27605
27606
27611
27612
27618
27625
27627
27628
27630
27634
27636
27643
27644
27645
27647
27653
27657
27664
27665
27667
27670
27671
27672
27679
27680
27681
27682
27683
27685
27686
27687
27688
27693
27696
27699
27705
27707
27709
27711
27712
27714
27715
27716
27718
27721
27722
27723
27727
27729
27730
27731
27732
27741
27744
27745
27746
27748
27749
27756
27758
27759
27760
27765
27775
27776
27783
27784
27785
27787
27790
27792
27793
27795
27796
27798
27799
27800
27801
27802
27804
27810
27813
27815
27819
27821
27826
27829
27830
27831
27832
27833
27835
27836
27837
27841
27843
27844
27848
27850
27853
27854
27856
27857
27860
27861
27865
27868
27870
27872
27874
27875
27877
27878
27879
27882
27885
27886
27887
27889
27893
27894
27895
27897
27899
27902
27903
27906
27908
27910
27911
27912
27914
27915
27916
27917
27918
27922
27923
27926
27929
27930
27931
27932
27934
27936
27937
27939
27940
27941
27942
27947
27949
27950
27951
27953
27954
27955
27956
27957
27959
27960
27962
27966
27968
27970
27971
27973
27974
27975
27976
27979
27984
27985
27988
27989
27991
27993
27994
27995
27996
27997
27998
28001
28003
28006
28008
28010
28013
28015
28016
28018
28023
28024
28025
28030
28032
28034
28035
28037
28040
28041
28042
28044
28045
28046
28047
28049
28050
28057
28059
28060
28063
28066
28069
28073
28074
28077
28079
28082
28084
28085
28089
28091
28093
28098
28100
28101
28110
28111
28113
28117
28118
28119
28122
28123
28125
28130
28132
28134
28135
28137
28138
28140
28141
28143
28146
28147
28149
28151
28152
28156
28157
28158
28160
28162
28169
28171
28175
28180
28187
28192
28193
28196
28198
28199
28200
28202
28203
28205
28206
28208
28211
28212
28213
28215
28217
28218
28220
28225
28229
28231
28234
28235
28240
28242
28244
28246
28249
28251
28252
28253
28255
28256
28262
28268
28273
28274
28275
28276
28284
28285
28286
28288
28289
28292
28293
28295
28297
28300
28301
28307
28308
28309
28310
28312
28313
28314
28316
28320
28322
28324
28331
28332
28333
28337
28338
28340
28341
28347
28359
28361
28366
28368
28369
28370
28371
28373
28374
28377
28379
28380
28383
28385
28387
28388
28390
28392
28393
28396
28397
28405
28408
28409
28410
28412
28415
28416
28417
28418
28419
28424
28426
28427
28428
28431
28433
28436
28438
28439
28446
28449
28450
28451
28455
28456
28459
28460
28461
28462
28464
28465
28469
28471
28474
28475
28476
28478
28479
28480
28485
28488
28490
28492
28497
28498
28500
28501
28502
28504
28507
28513
28514
28516
28518
28519
28522
28525
28526
28527
28529
28531
28533
28537
28538
28539
28541
28542
28546
28551
28552
28554
28556
28558
28561
28564
28566
28568
28571
28572
28573
28576
28578
28579
28580
28582
28583
28586
28590
28591
28593
28595
28596
28600
28603
28604
28607
28609
28610
28611
28615
28618
28620
28621
28622
28625
28627
28632
28633
28635
28636
28638
28639
28642
28643
28645
28646
28649
28650
28655
28658
28659
28660
28662
28667
28668
28670
28672
28674
28675
28678
28679
28682
28683
28684
28686
28688
28690
28693
28699
28702
28703
28704
28707
28708
28709
28715
28718
28719
28720
28721
28722
28724
28727
28729
28731
28732
28736
28737
28738
28739
28742
28744
28745
28746
28749
28750
28752
28753
28759
28761
28762
28765
28766
28767
28768
28769
28772
28774
28775
28778
28779
28782
28783
28786
28788
28790
28793
28795
28799
28800
28805
28806
28808
28810
28811
28813
28820
28821
28823
28824
28827
28831
28833
28835
28837
28839
28842
28844
28846
28847
28848
28850
28851
28852
28853
28858
28859
28860
28862
28863
28865
28866
28867
28870
28872
28873
28874
28876
28877
28886
28887
28888
28891
28894
28898
28900
28901
28910
28911
28913
28920
28922
28924
28926
28928
28929
28931
28935
28940
28942
28948
28950
28952
28956
28960
28963
28964
28967
28969
28970
28971
28973
28977
28979
28981
28984
28986
28988
28990
28996
28998
28999
29000
29001
29002
29003
29004
29005
29011
29014
29015
29016
29018
29019
29022
29023
29024
29025
29026
29029
29032
29033
29036
29039
29040
29045
29046
29047
29048
29049
29051
29054
29055
29058
29060
29062
29064
29067
29068
29069
29070
29071
29073
29083
29088
29091
29092
29094
29098
29099
29100
29102
29105
29106
29109
29115
29121
29123
29127
29129
29130
29131
29133
29136
29137
29139
29140
29141
29142
29143
29144
29146
29149
29152
29155
29157
29159
29160
29167
29169
29176
29177
29178
29179
29180
29181
29182
29183
29187
29193
29195
29196
29199
29200
29201
29202
29203
29204
29205
29208
29209
29211
29214
29215
29216
29218
29222
29223
29224
29228
29231
29232
29234
29235
29236
29238
29239
29242
29243
29250
29253
29255
29257
29259
29260
29263
29264
29272
29273
29274
29282
29287
29288
29289
29290
29293
29297
29301
29302
29305
29307
29309
29311
29317
29318
29325
29327
29331
29333
29334
29337
29338
29340
29342
29344
29347
29349
29350
29351
29353
29354
29356
29360
29362
29363
29364
29366
29367
29373
29374
29377
29380
29381
29385
29388
29399
29400
29402
29403
29404
29405
29407
29408
29410
29411
29413
29415
29417
29419
29424
29425
29426
29428
29434
29435
29436
29438
29442
29443
29445
29447
29448
29449
29455
29456
29458
29459
29462
29463
29464
29465
29467
29468
29469
29470
29471
29476
29481
29484
29489
29492
29494
29496
29497
29498
29500
29501
29505
29507
29508
29509
29513
29514
29516
29517
29519
29522
29527
29530
29531
29533
29535
29536
29537
29538
29539
29543
29549
29551
29552
29553
29556
29559
29560
29561
29565
29566
29567
29570
29571
29573
29574
29575
29576
29578
29581
29586
29587
29588
29589
29590
29593
29595
29596
29599
29600
29604
29606
29608
29612
29614
29618
29621
29626
29627
29630
29632
29638
29640
29642
29643
29647
29648
29650
29654
29658
29659
29660
29664
29667
29668
29670
29673
29674
29677
29678
29681
29682
29689
29691
29692
29697
29698
29700
29701
29702
29703
29706
29711
29716
29720
29724
29726
29728
29729
29730
29731
29733
29735
29736
29737
29739
29742
29743
29744
29745
29747
29748
29753
29754
29757
29761
29762
29763
29764
29769
29770
29776
29780
29781
29783
29784
29785
29789
29790
29793
29802
29803
29806
29809
29812
29814
29816
29824
29828
29829
29831
29845
29850
29853
29857
29858
29860
29862
29863
29868
29869
29870
29873
29875
29876
29877
29878
29881
29882
29885
29886
29887
29888
29889
29890
29894
29898
29903
29905
29906
29909
29910
29911
29912
29913
29915
29916
29917
29918
29920
29921
29922
29923
29930
29931
29933
29935
29938
29939
29942
29944
29947
29948
29949
29952
29953
29954
29956
29968
29969
29970
29971
29972
29973
29974
29979
29980
29981
29982
29985
29986
29987
29989
29994
29995
30000
30001
30007
30009
30014
30020
30021
30022
30023
30025
30027
30033
30035
30037
30039
30040
30041
30042
30044
30046
30051
30053
30055
30056
30058
30061
30062
30064
30066
30072
30075
30077
30078
30080
30081
30083
30084
30086
30088
30092
30093
30094
30097
30102
30103
30105
30106
30107
30109
30112
30114
30115
30117
30118
30120
30124
30126
30128
30129
30130
30133
30137
30138
30142
30143
30144
30145
30148
30151
30152
30153
30155
30156
30157
30161
30172
30174
30176
30178
30184
30186
30188
30191
30192
30193
30194
30195
30196
30198
30199
30200
30201
30204
30207
30208
30216
30219
30220
30222
30224
30229
30231
30232
30234
30235
30240
30242
30243
30246
30248
30249
30250
30251
30252
30255
30256
30257
30259
30261
30262
30268
30270
30272
30273
30276
30280
30282
30283
30284
30286
30287
30289
30292
30294
30296
30297
30298
30302
30303
30305
30306
30308
30309
30310
30312
30316
30317
30319
30321
30322
30326
30328
30333
30334
30335
30336
30337
30339
30342
30343
30345
30347
30349
30352
30353
30356
30357
30358
30361
30364
30367
30368
30370
30371
30373
30374
30378
30380
30383
30384
30385
30387
30393
30394
30398
30399
30402
30403
30411
30412
30414
30416
30418
30420
30423
30426
30427
30428
30429
30430
30431
30432
30435
30436
30437
30438
30439
30441
30443
30444
30448
30450
30451
30452
30453
30455
30457
30459
30462
30471
30472
30476
30484
30489
30491
30497
30501
30503
30506
30508
30513
30524
30525
30526
30529
30531
30536
30537
30538
30543
30545
30546
30548
30549
30550
30551
30554
30555
30557
30560
30563
30565
30568
30572
30574
30575
30576
30578
30580
30585
30587
30591
30592
30600
30601
30605
30606
30610
30611
30614
30615
30617
30619
30620
30621
30623
30627
30628
30635
30637
30639
30640
30641
30643
30644
30647
30649
30650
30652
30653
30657
30660
30664
30665
30667
30668
30669
30679
30681
30682
30683
30685
30686
30687
30688
30689
30690
30694
30696
30697
30699
30700
30703
30704
30705
30708
30710
30715
30716
30717
30718
30720
30722
30724
30725
30729
30731
30733
30734
30737
30739
30746
30747
30753
30754
30755
30758
30759
30763
30765
30766
30769
30770
30774
30777
30778
30780
30783
30786
30787
30789
30790
30794
30800
30803
30806
30809
30812
30813
30815
30816
30817
30820
30822
30825
30826
30830
30833
30836
30841
30843
30845
30846
30849
30851
30853
30854
30855
30856
30859
30865
30866
30867
30869
30871
30872
30874
30876
30878
30890
30891
30893
30894
30896
30897
30898
30902
30903
30904
30905
30906
30908
30909
30913
30914
30915
30919
30922
30923
30925
30927
30931
30934
30936
30937
30942
30951
30952
30954
30955
30956
30969
30972
30976
30978
30979
30980
30982
30983
30987
30988
30994
30995
30996
30997
30998
31000
31001
31003
31006
31007
31009
31013
31015
31016
31022
31025
31026
31032
31033
31034
31039
31040
31045
31046
31048
31050
31051
31052
31053
31057
31058
31061
31062
31064
31069
31071
31072
31074
31076
31077
31078
31080
31083
31084
31085
31086
31087
31089
31094
31096
31097
31107
31108
31110
31116
31127
31130
31132
31135
31136
31138
31141
31145
31146
31149
31152
31155
31157
31160
31161
31162
31163
31166
31167
31169
31172
31175
31177
31178
31184
31185
31193
31202
31205
31213
31214
31217
31220
31221
31223
31227
31228
31229
31231
31236
31237
31240
31241
31243
31245
31246
31248
31249
31253
31259
31260
31262
31264
31265
31266
31267
31268
31269
31270
31272
31273
31275
31276
31280
31288
31289
31290
31293
31299
31302
31303
31304
31306
31308
31313
31315
31318
31321
31324
31326
31327
31329
31337
31340
31342
31345
31346
31347
31348
31349
31350
31355
31360
31361
31362
31364
31365
31366
31367
31379
31383
31385
31387
31389
31392
31393
31394
31395
31398
31399
31400
31401
31402
31405
31410
31411
31415
31419
31420
31423
31425
31427
31428
31430
31431
31432
31438
31441
31442
31444
31446
31449
31451
31457
31458
31459
31465
31467
31468
31471
31473
31475
31476
31477
31478
31480
31492
31493
31494
31495
31496
31499
31500
31501
31502
31503
31508
31510
31514
31515
31516
31518
31520
31523
31525
31527
31528
31529
31532
31533
31535
31538
31539
31541
31543
31544
31547
31551
31552
31553
31554
31556
31559
31566
31569
31571
31572
31577
31578
31581
31582
31589
31592
31596
31599
31603
31604
31607
31608
31609
31610
31612
31614
31618
31619
31620
31624
31625
31626
31629
31630
31631
31632
31635
31637
31638
31640
31642
31643
31644
31645
31646
31648
31649
31651
31653
31655
31657
31658
31660
31662
31665
31667
31669
31676
31677
31680
31685
31689
31690
31692
31694
31695
31697
31701
31702
31712
31713
31716
31717
31719
31728
31733
31734
31738
31739
31742
31743
31745
31747
31753
31755
31756
31757
31758
31759
31760
31762
31763
31766
31767
31772
31773
31774
31776
31783
31785
31786
31787
31788
31789
31793
31794
31796
31799
31804
31805
31806
31817
31818
31821
31826
31828
31831
31832
31834
31836
31837
31839
31842
31844
31845
31846
31847
31849
31851
31859
31860
31861
31863
31865
31866
31867
31871
31873
31874
31878
31880
31881
31885
31887
31891
31897
31899
31901
31904
31906
31907
31908
31909
31910
31912
31913
31918
31919
31921
31924
31925
31926
31928
31930
31932
31938
31939
31944
31945
31948
31950
31953
31959
31963
31965
31967
31969
31973
31984
31985
31986
31988
31992
31993
31995
31996
31999
32000
32002
32003
32007
32008
32009
32011
32012
32016
32017
32019
32020
32026
32031
32034
32035
32037
32042
32047
32049
32050
32051
32052
32055
32060
32062
32064
32065
32066
32072
32073
32079
32080
32084
32085
32089
32096
32099
32104
32107
32111
32112
32113
32115
32117
32118
32125
32130
32131
32132
32134
32135
32136
32138
32142
32143
32146
32147
32149
32151
32152
32155
32157
32160
32163
32164
32166
32167
32168
32169
32170
32171
32173
32174
32177
32187
32188
32189
32191
32192
32194
32197
32198
32199
32200
32204
32205
32206
32214
32215
32217
32218
32219
32221
32226
32227
32230
32232
32233
32237
32240
32241
32242
32247
32248
32250
32251
32252
32256
32260
32261
32273
32281
32282
32283
32284
32286
32291
32293
32294
32298
32300
32303
32305
32306
32307
32310
32312
32313
32315
32319
32322
32324
32325
32327
32332
32333
32334
32335
32336
32338
32340
32342
32345
32347
32349
32350
32352
32355
32359
32360
32362
32364
32365
32367
32368
32371
32372
32378
32379
32382
32383
32384
32387
32388
32389
32391
32394
32395
32400
32401
32405
32407
32408
32410
32411
32417
32418
32419
32420
32422
32427
32434
32438
32440
32442
32447
32449
32452
32455
32457
32462
32466
32470
32475
32477
32478
32483
32486
32488
32489
32492
32496
32497
32500
32505
32506
32507
32510
32515
32517
32520
32521
32522
32524
32525
32530
32533
32534
32538
32539
32547
32548
32551
32552
32554
32559
32563
32568
32570
32578
32580
32584
32586
32587
32589
32590
32592
32595
32597
32599
32603
32605
32612
32614
32617
32618
32619
32621
32626
32628
32631
32639
32640
32642
32645
32649
32650
32658
32659
32662
32663
32666
32667
32674
32675
32676
32679
32680
32681
32682
32685
32687
32688
32689
32690
32692
32693
32694
32696
32697
32705
32708
32710
32711
32712
32713
32718
32719
32720
32722
32724
32726
32728
32730
32731
32732
32733
32734
32736
32740
32744
32745
32749
32750
32751
32759
32760
32762
32765
32766
32767
32769
32771
32773
32777
32779
32780
32787
32789
32794
32802
32803
32806
32807
32809
32812
32816
32818
32819
32820
32821
32824
32829
32834
32835
32840
32842
32844
32845
32847
32853
32854
32855
32856
32857
32861
32862
32865
32866
32869
32875
32877
32878
32880
32883
32886
32887
32892
32893
32894
32895
32897
32900
32902
32903
32904
32908
32911
32914
32915
32921
32930
32939
32942
32944
32946
32947
32949
32950
32953
32960
32961
32967
32970
32972
32974
32975
32976
32980
32982
32983
32984
32997
33000
33002
33003
33004
33006
33014
33015
33017
33018
33019
33020
33024
33025
33026
33029
33031
33033
33034
33036
33039
33041
33043
33044
33045
33047
33048
33050
33052
33053
33054
33056
33060
33061
33064
33065
33066
33067
33068
33074
33079
33083
33085
33086
33091
33094
33099
33102
33105
33110
33112
33115
33121
33122
33123
33125
33127
33129
33131
33132
33134
33135
33136
33137
33139
33140
33141
33142
33143
33144
33145
33148
33150
33153
33154
33159
33160
33161
33163
33164
33166
33167
33168
33181
33182
33187
33192
33194
33196
33197
33200
33202
33203
33207
33210
33211
33213
33218
33220
33221
33222
33223
33224
33225
33228
33233
33234
33235
33242
33244
33248
33249
33250
33251
33252
33253
33256
33262
33263
33266
33269
33273
33275
33278
33280
33282
33283
33285
33286
33289
33290
33292
33295
33297
33307
33311
33319
33322
33323
33326
33327
33328
33329
33331
33338
33340
33341
33342
33344
33345
33346
33349
33353
33354
33356
33357
33358
33360
33364
33366
33367
33368
33371
33375
33377
33379
33380
33383
33384
33389
33390
33391
33392
33393
33394
33395
33396
33398
33400
33404
33407
33411
33412
33414
33420
33421
33422
33426
33427
33428
33431
33437
33438
33441
33443
33444
33445
33446
33448
33449
33452
33453
33455
33457
33458
33461
33463
33464
33472
33474
33475
33476
33479
33482
33483
33485
33486
33487
33489
33493
33494
33496
33502
33504
33506
33508
33513
33516
33519
33525
33526
33527
33529
33530
33531
33532
33534
33536
33544
33545
33547
33548
33549
33551
33553
33554
33555
33562
33565
33571
33572
33581
33583
33584
33585
33588
33592
33594
33595
33597
33599
33601
33607
33610
33611
33612
33616
33622
33625
33628
33629
33631
33634
33638
33639
33640
33642
33644
33646
33648
33651
33654
33656
33657
33659
33661
33663
33665
33668
33671
33674
33675
33676
33677
33679
33681
33682
33685
33686
33689
33693
33699
33701
33702
33706
33707
33712
33714
33715
33716
33719
33721
33723
33724
33726
33727
33731
33733
33738
33748
33753
33755
33756
33758
33763
33764
33765
33768
33769
33771
33772
33773
33776
33780
33781
33784
33789
33796
33798
33799
33802
33806
33808
33817
33818
33819
33822
33828
33829
33832
33833
33837
33841
33843
33844
33845
33847
33848
33851
33854
33855
33859
33865
33866
33867
33869
33871
33873
33875
33876
33878
33879
33888
33889
33891
33896
33897
33906
33909
33911
33913
33917
33918
33922
33923
33927
33932
33934
33944
33946
33947
33950
33953
33954
33958
33961
33962
33966
33968
33970
33972
33973
33974
33975
33978
33981
33990
33992
33993
33995
33997
33998
34001
34002
34003
34004
34005
34006
34011
34013
34016
34017
34018
34020
34021
34024
34027
34030
34031
34034
34035
34037
34038
34039
34041
34046
34048
34049
34055
34056
34059
34062
34069
34074
34075
34079
34080
34086
34089
34090
34092
34095
34096
34097
34098
34099
34101
34102
34104
34106
34108
34111
34112
34114
34115
34117
34118
34119
34123
34126
34130
34131
34136
34138
34142
34154
34156
34157
34159
34165
34166
34167
34168
34169
34170
34171
34172
34179
34181
34183
34185
34188
34191
34192
34193
34194
34196
34197
34200
34201
34205
34206
34208
34209
34211
34217
34219
34220
34221
34222
34226
34227
34228
34229
34231
34235
34236
34239
34241
34242
34243
34244
34248
34250
34252
34253
34254
34255
34256
34258
34259
34263
34264
34271
34272
34274
34276
34279
34281
34282
34283
34286
34288
34290
34293
34294
34301
34303
34304
34306
34307
34308
34310
34312
34314
34315
34316
34319
34320
34326
34328
34329
34334
34335
34340
34346
34347
34348
34354
34355
34359
34360
34365
34367
34370
34372
34373
34382
34383
34388
34389
34390
34391
34392
34394
34396
34398
34402
34407
34408
34409
34411
34415
34416
34417
34419
34426
34428
34430
34433
34434
34435
34437
34439
34441
34444
34447
34448
34449
34452
34457
34458
34461
34463
34467
34469
34475
34484
34485
34487
34489
34492
34494
34495
34498
34502
34503
34505
34506
34507
34508
34511
34512
34522
34527
34531
34532
34534
34536
34538
34547
34549
34550
34553
34558
34561
34563
34564
34565
34574
34576
34578
34580
34581
34582
34584
34585
34587
34588
34589
34592
34593
34594
34595
34606
34609
34610
34611
34612
34615
34616
34617
34618
34619
34620
34625
34626
34627
34630
34632
34634
34635
34639
34640
34641
34644
34645
34648
34650
34651
34661
34662
34663
34666
34667
34669
34673
34676
34678
34679
34682
34684
34685
34686
34687
34688
34689
34692
34700
34702
34704
34707
34712
34713
34721
34725
34726
34731
34738
34740
34743
34744
34746
34748
34750
34751
34755
34761
34762
34767
34769
34771
34772
34773
34776
34782
34783
34789
34791
34797
34801
34806
34807
34809
34813
34814
34815
34818
34819
34831
34834
34835
34836
34838
34840
34844
34846
34847
34852
34854
34855
34857
34860
34862
34865
34867
34869
34871
34873
34875
34876
34877
34879
34881
34882
34887
34888
34890
34891
34894
34896
34898
34899
34901
34902
34906
34907
34911
34914
34915
34916
34917
34918
34921
34922
34924
34927
34928
34931
34933
34935
34936
34937
34938
34940
34941
34945
34946
34947
34948
34950
34951
34952
34957
34959
34960
34962
34964
34965
34971
34974
34975
34979
34982
34983
34986
34987
34988
34990
34995
35000
35003
35005
35007
35008
35010
35013
35019
35021
35022
35025
35027
35028
35031
35035
35036
35042
35051
35052
35054
35057
35058
35059
35067
35069
35070
35072
35074
35076
35077
35079
35081
35082
35085
35090
35092
35097
35101
35102
35107
35110
35111
35113
35114
35116
35118
35119
35121
35122
35123
35127
35131
35132
35133
35136
35137
35139
35144
35147
35149
35150
35153
35154
35155
35156
35158
35159
35162
35163
35171
35177
35180
35181
35182
35183
35185
35186
35187
35192
35194
35195
35197
35201
35202
35203
35210
35221
35230
35232
35233
35234
35239
35241
35242
35245
35251
35252
35258
35261
35264
35266
35267
35268
35269
35270
35271
35275
35276
35277
35278
35280
35287
35294
35296
35298
35299
35300
35309
35312
35313
35316
35317
35318
35321
35324
35331
35333
35334
35336
35343
35344
35349
35351
35358
35360
35367
35369
35370
35371
35378
35379
35380
35383
35386
35389
35393
35396
35397
35398
35400
35404
35405
35406
35408
35413
35416
35417
35418
35421
35428
35430
35432
35436
35437
35439
35440
35442
35443
35448
35451
35457
35461
35463
35464
35465
35467
35469
35472
35473
35474
35476
35480
35481
35492
35493
35495
35504
35508
35511
35512
35513
35517
35523
35524
35525
35527
35531
35533
35534
35535
35536
35539
35541
35546
35548
35550
35554
35555
35558
35559
35560
35561
35564
35565
35566
35570
35573
35580
35581
35584
35587
35589
35590
35592
35593
35595
35598
35602
35604
35605
35606
35607
35608
35609
35613
35615
35616
35617
35621
35622
35623
35624
35626
35634
35639
35641
35642
35644
35647
35649
35651
35652
35654
35655
35660
35662
35665
35669
35672
35675
35678
35679
35681
35683
35688
35692
35693
35698
35701
35702
35704
35706
35707
35708
35710
35713
35715
35721
35723
35724
35731
35732
35734
35741
35745
35750
35753
35757
35758
35761
35762
35764
35765
35767
35770
35775
35776
35780
35781
35782
35791
35792
35795
35799
35800
35803
35808
35810
35812
35818
35819
35821
35822
35824
35825
35827
35831
35834
35835
35837
35841
35844
35845
35847
35852
35856
35858
35859
35862
35867
35868
35869
35870
35874
35877
35878
35880
35881
35889
35892
35894
35895
35899
35902
35903
35907
35913
35915
35918
35919
35922
35927
35929
35930
35931
35933
35934
35936
35938
35948
35953
35957
35964
35965
35966
35967
35968
35971
35972
35975
35979
35980
35981
35982
35985
35995
35996
35998
35999
36000
36002
36004
36005
36006
36008
36009
36010
36019
36020
36023
36025
36032
36033
36035
36038
36040
36043
36048
36054
36061
36063
36065
36066
36067
36069
36070
36072
36079
36080
36082
36090
36091
36092
36094
36096
36099
36101
36102
36104
36107
36108
36111
36112
36114
36115
36119
36120
36122
36123
36124
36125
36127
36129
36130
36132
36134
36135
36137
36139
36140
36141
36146
36148
36149
36150
36153
36155
36156
36160
36163
36174
36177
36178
36184
36187
36190
36194
36195
36197
36200
36204
36210
36211
36214
36218
36221
36228
36230
36240
36241
36243
36250
36253
36255
36256
36257
36264
36266
36273
36274
36275
36277
36279
36280
36281
36284
36286
36287
36290
36292
36293
36297
36298
36300
36301
36302
36305
36306
36307
36309
36313
36319
36324
36331
36332
36333
36335
36340
36341
36344
36345
36349
36351
36353
36355
36356
36361
36362
36365
36371
36375
36376
36377
36378
36380
36382
36388
36389
36391
36392
36393
36396
36398
36400
36406
36412
36413
36414
36418
36424
36426
36428
36432
36433
36438
36439
36441
36443
36445
36447
36448
36450
36454
36455
36458
36459
36463
36464
36465
36477
36481
36482
36486
36488
36489
36493
36494
36501
36504
36506
36508
36512
36515
36517
36518
36519
36523
36528
36531
36532
36533
36535
36537
36540
36542
36543
36545
36547
36549
36550
36553
36559
36563
36564
36566
36567
36568
36569
36570
36571
36574
36582
36583
36586
36593
36597
36612
36613
36616
36617
36619
36623
36628
36631
36633
36634
36635
36637
36638
36645
36646
36648
36649
36655
36656
36659
36661
36665
36666
36668
36670
36671
36672
36673
36674
36676
36678
36679
36683
36689
36690
36692
36693
36696
36698
36705
36707
36708
36710
36711
36712
36724
36728
36730
36731
36732
36733
36737
36738
36739
36741
36743
36746
36748
36749
36750
36751
36756
36757
36759
36760
36762
36763
36764
36765
36766
36769
36774
36775
36776
36777
36783
36790
36791
36795
36802
36807
36810
36812
36813
36819
36820
36823
36824
36826
36829
36832
36833
36835
36838
36840
36843
36846
36847
36854
36856
36858
36859
36860
36861
36862
36863
36864
36865
36870
36873
36875
36879
36883
36887
36893
36894
36897
36900
36901
36909
36912
36918
36922
36923
36925
36926
36929
36930
36931
36934
36940
36942
36943
36948
36950
36952
36953
36954
36957
36958
36959
36960
36961
36962
36966
36967
36972
36974
36975
36977
36981
36983
36986
36988
36991
36994
36997
36998
36999
37000
37002
37007
37017
37018
37019
37020
37021
37024
37026
37030
37036
37040
37041
37045
37047
37052
37056
37066
37070
37071
37074
37075
37078
37080
37081
37082
37088
37089
37093
37095
37099
37101
37102
37104
37106
37107
37108
37110
37112
37113
37114
37116
37117
37118
37120
37121
37123
37126
37131
37134
37137
37139
37141
37143
37145
37146
37147
37150
37152
37153
37154
37155
37156
37158
37163
37166
37167
37168
37169
37174
37175
37176
37179
37181
37189
37191
37194
37198
37199
37200
37202
37205
37209
37214
37221
37225
37228
37229
37230
37232
37236
37239
37241
37242
37243
37244
37249
37250
37256
37263
37266
37273
37277
37279
37280
37284
37285
37290
37291
37299
37300
37303
37311
37313
37319
37324
37326
37327
37328
37330
37332
37335
37337
37338
37347
37348
37355
37361
37362
37364
37367
37369
37370
37373
37376
37377
37380
37381
37383
37384
37386
37390
37393
37394
37395
37399
37402
37405
37408
37419
37420
37421
37423
37425
37427
37430
37435
37438
37442
37444
37447
37448
37450
37453
37459
37461
37462
37464
37469
37471
37475
37481
37486
37493
37494
37495
37499
37500
37502
37503
37505
37511
37514
37516
37517
37518
37521
37525
37526
37529
37531
37532
37533
37535
37539
37542
37543
37549
37550
37555
37556
37557
37558
37561
37562
37563
37564
37568
37569
37572
37573
37574
37575
37576
37578
37580
37581
37583
37596
37597
37598
37599
37602
37607
37608
37610
37611
37614
37616
37622
37623
37624
37625
37627
37629
37636
37637
37647
37648
37652
37656
37659
37661
37664
37666
37669
37674
37675
37682
37683
37684
37685
37687
37688
37693
37696
37700
37705
37707
37708
37709
37710
37711
37712
37717
37721
37722
37724
37727
37728
37729
37736
37738
37739
37741
37746
37752
37759
37764
37765
37766
37769
37772
37776
37778
37779
37780
37783
37788
37789
37791
37794
37795
37797
37799
37804
37806
37811
37813
37815
37816
37821
37829
37830
37834
37836
37838
37840
37843
37845
37847
37849
37850
37852
37855
37860
37864
37866
37868
37870
37871
37872
37873
37874
37875
37883
37887
37888
37889
37894
37897
37901
37905
37906
37907
37908
37911
37917
37919
37922
37924
37925
37928
37930
37932
37936
37937
37938
37939
37942
37944
37948
37951
37952
37956
37961
37969
37973
37974
37975
37976
37986
37989
37991
37992
37994
37997
37998
38000
38003
38004
38015
38018
38019
38023
38025
38027
38030
38031
38033
38038
38039
38041
38042
38043
38044
38048
38049
38051
38053
38054
38055
38058
38060
38061
38062
38066
38067
38068
38069
38070
38071
38075
38079
38088
38090
38093
38095
38100
38101
38102
38103
38110
38111
38112
38116
38123
38124
38127
38130
38131
38133
38138
38142
38147
38151
38153
38154
38156
38159
38160
38162
38164
38165
38170
38172
38173
38174
38175
38180
38181
38184
38185
38191
38193
38197
38206
38207
38213
38214
38215
38219
38220
38222
38224
38232
38233
38237
38239
38242
38245
38247
38248
38251
38253
38261
38271
38275
38277
38279
38280
38281
38282
38286
38288
38292
38293
38296
38298
38302
38305
38306
38312
38313
38318
38324
38327
38331
38333
38335
38336
38337
38338
38341
38345
38347
38348
38349
38350
38355
38357
38359
38361
38362
38365
38369
38371
38373
38374
38375
38376
38379
38385
38387
38393
38396
38400
38401
38403
38405
38410
38411
38412
38415
38416
38420
38422
38424
38425
38426
38429
38432
38435
38438
38442
38443
38444
38447
38451
38454
38455
38462
38463
38468
38471
38474
38475
38477
38478
38480
38485
38491
38493
38498
38499
38500
38501
38503
38508
38511
38512
38515
38516
38519
38521
38527
38530
38533
38534
38537
38540
38545
38546
38553
38554
38556
38561
38562
38565
38566
38569
38571
38572
38576
38578
38579
38580
38582
38586
38587
38589
38593
38595
38596
38597
38600
38601
38609
38610
38620
38623
38624
38625
38627
38629
38636
38639
38641
38642
38647
38648
38649
38650
38660
38664
38667
38673
38675
38682
38686
38687
38694
38703
38704
38706
38710
38714
38717
38724
38725
38726
38728
38729
38730
38734
38737
38741
38743
38744
38752
38753
38755
38756
38757
38758
38763
38765
38767
38769
38770
38773
38774
38781
38784
38785
38790
38797
38798
38800
38803
38807
38809
38820
38822
38824
38828
38835
38842
38843
38850
38853
38854
38855
38856
38859
38862
38870
38872
38875
38882
38888
38890
38891
38895
38896
38897
38899
38901
38904
38905
38907
38910
38917
38919
38920
38921
38923
38927
38928
38929
38934
38935
38940
38944
38952
38954
38955
38956
38960
38961
38967
38969
38970
38973
38974
38975
38976
38977
38979
38985
38986
38990
38991
38996
38999
39001
39006
39013
39018
39020
39026
39030
39032
39034
39035
39039
39043
39046
39048
39049
39055
39056
39058
39060
39061
39063
39064
39074
39075
39086
39088
39089
39090
39094
39100
39101
39102
39103
39107
39108
39111
39113
39114
39116
39120
39124
39125
39127
39128
39131
39133
39134
39139
39140
39142
39143
39145
39146
39149
39150
39151
39160
39167
39171
39173
39174
39181
39182
39185
39191
39192
39194
39198
39200
39201
39204
39207
39208
39210
39212
39215
39216
39217
39218
39220
39221
39222
39223
39224
39228
39230
39234
39235
39236
39240
39243
39244
39245
39253
39258
39260
39261
39265
39268
39270
39271
39273
39281
39282
39286
39288
39294
39295
39296
39299
39301
39303
39305
39307
39309
39312
39313
39318
39320
39324
39332
39339
39342
39344
39359
39360
39361
39364
39367
39375
39377
39378
39384
39385
39386
39387
39388
39389
39391
39393
39394
39395
39400
39401
39403
39405
39408
39410
39411
39414
39419
39421
39422
39424
39431
39436
39442
39443
39445
39450
39451
39452
39455
39458
39460
39466
39474
39483
39488
39489
39490
39492
39493
39499
39502
39505
39506
39507
39508
39509
39512
39514
39517
39523
39525
39529
39533
39534
39537
39538
39540
39546
39548
39549
39551
39552
39557
39558
39560
39561
39565
39566
39572
39576
39579
39587
39588
39589
39590
39592
39596
39599
39600
39601
39604
39605
39608
39610
39611
39612
39613
39615
39620
39621
39628
39630
39632
39633
39641
39642
39646
39650
39657
39658
39659
39660
39661
39662
39671
39673
39674
39682
39686
39688
39696
39698
39699
39700
39701
39704
39706
39709
39712
39714
39715
39716
39721
39722
39725
39727
39728
39731
39732
39735
39738
39739
39742
39745
39750
39751
39753
39754
39756
39768
39770
39772
39776
39780
39783
39784
39791
39796
39801
39802
39803
39804
39807
39812
39814
39815
39816
39817
39819
39828
39829
39835
39841
39842
39843
39844
39852
39856
39861
39862
39864
39867
39871
39872
39878
39879
39880
39883
39886
39889
39891
39896
39903
39906
39910
39911
39913
39916
39921
39930
39932
39933
39941
39944
39946
39947
39961
39963
39967
39971
39976
39980
39986
39994
39995
39997
40000
40001
40006
40009
40013
40014
40015
40016
40024
40028
40031
40033
40035
40036
40037
40041
40043
40045
40047
40059
40062
40064
40065
40067
40068
40069
40078
40080
40084
40088
40089
40093
40096
40102
40105
40106
40108
40110
40114
40117
40119
40121
40123
40126
40127
40131
40134
40135
40138
40140
40145
40147
40151
40153
40155
40158
40159
40163
40164
40165
40173
40176
40182
40188
40189
40191
40194
40195
40196
40198
40199
40200
40202
40205
40206
40208
40215
40217
40221
40223
40227
40228
40229
40233
40234
40239
40242
40248
40252
40253
40256
40262
40265
40267
40269
40270
40276
40277
40284
40285
40289
40290
40294
40298
40302
40305
40306
40307
40309
40311
40316
40320
40321
40322
40324
40325
40333
40335
40339
40340
40341
40342
40343
40344
40345
40348
40350
40352
40355
40356
40358
40362
40363
40365
40366
40367
40368
40370
40372
40377
40380
40382
40389
40393
40395
40396
40399
40402
40403
40404
40411
40422
40425
40429
40432
40434
40436
40437
40444
40445
40448
40449
40451
40454
40457
40458
40459
40460
40462
40464
40466
40470
40472
40474
40476
40477
40478
40479
40480
40481
40482
40485
40487
40489
40493
40498
40500
40502
40508
40510
40513
40519
40522
40523
40526
40528
40530
40532
40537
40543
40551
40552
40553
40558
40559
40560
40561
40563
40565
40567
40568
40570
40572
40573
40574
40575
40577
40578
40582
40586
40587
40590
40591
40593
40598
40601
40602
40603
40605
40607
40608
40613
40616
40632
40634
40640
40641
40644
40645
40647
40655
40657
40659
40661
40663
40665
40669
40670
40672
40676
40677
40678
40680
40682
40685
40692
40694
40695
40696
40698
40700
40702
40703
40704
40710
40712
40716
40717
40724
40729
40734
40736
40737
40740
40741
40753
40756
40757
40759
40761
40762
40767
40768
40772
40773
40774
40775
40776
40784
40786
40788
40789
40791
40796
40797
40801
40802
40803
40806
40810
40811
40813
40819
40825
40826
40829
40836
40837
40841
40843
40844
40847
40851
40852
40854
40857
40859
40860
40861
40862
40863
40864
40872
40874
40876
40878
40879
40880
40885
40891
40892
40893
40894
40896
40898
40899
40900
40903
40907
40909
40913
40914
40918
40921
40928
40929
40930
40933
40934
40936
40937
40941
40942
40943
40945
40948
40956
40963
40965
40966
40968
40969
40970
40971
40975
40976
40978
40979
40980
40984
40987
40989
40990
40993
40996
40999
41001
41007
41008
41009
41010
41011
41016
41017
41018
41020
41026
41029
41031
41032
41034
41036
41041
41042
41043
41044
41045
41047
41048
41054
41058
41059
41060
41062
41070
41072
41074
41077
41078
41083
41084
41087
41090
41097
41099
41100
41102
41108
41109
41110
41111
41112
41114
41116
41121
41123
41124
41127
41139
41140
41141
41142
41147
41148
41151
41154
41155
41158
41166
41171
41172
41176
41177
41182
41184
41187
41189
41192
41193
41195
41198
41199
41204
41205
41206
41208
41209
41210
41211
41212
41213
41214
41215
41216
41217
41220
41221
41227
41229
41238
41251
41253
41254
41256
41257
41258
41262
41265
41274
41278
41284
41286
41290
41291
41292
41293
41298
41300
41302
41308
41309
41310
41315
41316
41318
41319
41323
41326
41328
41336
41338
41341
41342
41345
41346
41347
41351
41352
41365
41372
41380
41382
41384
41393
41394
41396
41400
41408
41409
41411
41413
41421
41424
41433
41434
41435
41436
41447
41450
41452
41460
41461
41462
41463
41474
41475
41481
41482
41484
41490
41492
41497
41501
41502
41506
41508
41509
41512
41517
41518
41519
41520
41523
41526
41531
41532
41535
41538
41540
41542
41545
41548
41549
41555
41557
41560
41563
41566
41567
41569
41575
41579
41585
41587
41588
41591
41594
41595
41599
41602
41612
41614
41615
41625
41626
41627
41628
41634
41638
41640
41642
41643
41661
41662
41666
41667
41669
41670
41674
41677
41678
41679
41680
41682
41686
41690
41695
41702
41705
41711
41712
41715
41717
41719
41721
41723
41724
41725
41726
41730
41731
41732
41733
41734
41735
41739
41740
41744
41746
41747
41752
41753
41755
41757
41758
41759
41763
41765
41767
41770
41771
41780
41783
41787
41788
41789
41790
41793
41796
41801
41802
41804
41806
41807
41808
41814
41822
41829
41830
41831
41833
41849
41850
41854
41858
41859
41860
41861
41863
41866
41867
41869
41870
41872
41873
41875
41881
41882
41885
41886
41890
41891
41908
41910
41914
41918
41923
41924
41927
41928
41930
41931
41938
41943
41944
41947
41948
41949
41957
41959
41961
41963
41967
41971
41976
41978
41980
41981
41984
41985
41986
41987
41989
41992
41995
41996
42000
42001
42002
42006
42011
42014
42020
42021
42024
42030
42031
42032
42036
42042
42043
42045
42046
42049
42054
42057
42060
42062
42063
42065
42068
42069
42077
42079
42082
42095
42100
42103
42105
42106
42110
42113
42114
42115
42121
42123
42126
42127
42134
42141
42143
42146
42151
42152
42153
42157
42158
42161
42176
42180
42183
42186
42188
42189
42191
42196
42203
42208
42214
42216
42217
42218
42221
42230
42233
42235
42237
42238
42241
42242
42246
42247
42250
42254
42256
42258
42259
42261
42264
42266
42271
42274
42276
42279
42281
42283
42284
42294
42295
42296
42298
42302
42305
42310
42311
42314
42320
42322
42323
42324
42325
42326
42327
42343
42346
42348
42350
42355
42356
42357
42358
42359
42360
42364
42368
42374
42375
42376
42377
42386
42391
42392
42395
42396
42402
42404
42408
42409
42410
42415
42416
42419
42422
42423
42424
42426
42429
42430
42432
42435
42441
42449
42451
42453
42454
42460
42461
42463
42464
42465
42474
42478
42479
42481
42482
42488
42489
42491
42493
42495
42500
42503
42506
42508
42513
42518
42532
42533
42536
42539
42540
42541
42543
42545
42547
42552
42553
42554
42555
42556
42558
42560
42561
42562
42565
42566
42569
42570
42572
42575
42576
42580
42582
42584
42585
42586
42588
42593
42597
42598
42600
42601
42607
42612
42613
42615
42619
42620
42626
42627
42632
42633
42638
42639
42643
42645
42646
42647
42648
42649
42654
42657
42658
42661
42662
42663
42666
42668
42670
42671
42672
42673
42675
42677
42680
42683
42684
42685
42686
42687
42688
42689
42690
42691
42693
42702
42705
42706
42710
42712
42713
42719
42721
42724
42728
42733
42740
42744
42747
42748
42749
42751
42755
42756
42768
42773
42774
42775
42776
42778
42779
42780
42781
42783
42790
42793
42796
42797
42801
42806
42807
42811
42812
42818
42822
42827
42829
42831
42839
42840
42842
42843
42845
42850
42851
42857
42861
42864
42872
42876
42878
42881
42882
42885
42886
42889
42893
42895
42897
42898
42903
42910
42914
42915
42920
42923
42924
42926
42927
42929
42930
42931
42932
42933
42937
42939
42940
42941
42944
42950
42954
42956
42958
42961
42964
42965
42966
42968
42969
42970
42972
42975
42981
42982
42984
42985
42987
42988
42992
43001
43004
43006
43007
43009
43014
43016
43020
43022
43025
43026
43029
43033
43045
43046
43053
43054
43055
43056
43059
43063
43064
43065
43068
43069
43072
43075
43077
43079
43080
43082
43084
43086
43087
43088
43090
43091
43093
43096
43097
43098
43100
43101
43102
43113
43114
43116
43119
43121
43122
43123
43124
43125
43126
43129
43130
43135
43136
43137
43140
43145
43147
43150
43151
43152
43154
43159
43162
43165
43167
43177
43179
43188
43191
43197
43199
43204
43205
43208
43210
43212
43214
43215
43217
43218
43221
43222
43224
43227
43228
43229
43230
43235
43240
43246
43253
43255
43257
43261
43264
43265
43266
43278
43279
43282
43287
43292
43293
43294
43297
43298
43302
43303
43306
43309
43310
43313
43321
43327
43330
43334
43338
43339
43340
43345
43347
43348
43351
43354
43358
43359
43361
43363
43366
43367
43368
43372
43381
43382
43383
43388
43389
43390
43391
43393
43399
43400
43401
43403
43409
43411
43413
43414
43415
43417
43418
43422
43426
43431
43439
43440
43443
43447
43450
43452
43455
43456
43464
43470
43478
43479
43483
43487
43489
43492
43494
43495
43496
43498
43499
43503
43509
43510
43511
43512
43513
43515
43518
43523
43524
43528
43532
43534
43537
43539
43542
43543
43549
43550
43553
43558
43560
43561
43562
43564
43567
43568
43569
43570
43580
43581
43582
43585
43586
43592
43594
43595
43601
43602
43605
43607
43610
43611
43613
43615
43616
43621
43625
43627
43630
43634
43636
43641
43642
43643
43647
43654
43656
43658
43668
43674
43676
43680
43683
43686
43689
43690
43693
43696
43697
43698
43701
43704
43709
43710
43714
43717
43718
43725
43729
43735
43738
43740
43742
43744
43747
43751
43753
43754
43758
43761
43762
43764
43765
43766
43767
43770
43774
43775
43777
43778
43781
43782
43783
43785
43786
43790
43792
43794
43795
43798
43799
43801
43803
43808
43810
43812
43813
43816
43817
43821
43822
43824
43825
43828
43829
43831
43832
43835
43837
43838
43842
43843
43846
43848
43852
43854
43856
43857
43862
43863
43864
43869
43873
43877
43879
43882
43883
43885
43893
43895
43903
43904
43910
43913
43916
43917
43924
43928
43930
43934
43935
43936
43937
43939
43940
43941
43943
43948
43951
43953
43954
43957
43963
43967
43972
43974
43975
43977
43980
43981
43988
43989
43990
43992
44005
44009
44015
44016
44020
44022
44025
44029
44030
44035
44052
44064
44066
44067
44068
44070
44071
44072
44079
44088
44090
44100
44101
44107
44109
44114
44115
44118
44120
44131
44133
44134
44136
44139
44141
44143
44148
44159
44161
44164
44167
44169
44172
44174
44178
44179
44180
44184
44185
44188
44190
44193
44196
44197
44200
44204
44205
44211
44214
44215
44216
44217
44218
44219
44220
44222
44223
44232
44237
44239
44240
44244
44245
44248
44250
44254
44257
44261
44270
44273
44274
44277
44278
44283
44291
44295
44296
44297
44304
44305
44306
44308
44313
44314
44315
44319
44321
44325
44326
44327
44333
44334
44335
44336
44337
44343
44345
44346
44358
44359
44362
44365
44373
44375
44377
44378
44380
44382
44387
44393
44398
44403
44406
44409
44410
44412
44417
44418
44419
44420
44422
44423
44425
44426
44430
44436
44437
44439
44443
44444
44446
44447
44449
44452
44457
44462
44463
44468
44469
44471
44472
44477
44478
44482
44486
44487
44493
44495
44499
44500
44505
44506
44507
44512
44514
44516
44519
44523
44524
44528
44535
44538
44540
44541
44544
44547
44548
44551
44552
44558
44559
44560
44563
44564
44566
44567
44569
44572
44573
44577
44580
44588
44589
44591
44595
44597
44602
44604
44607
44610
44613
44614
44615
44619
44621
44623
44624
44626
44631
44634
44638
44642
44643
44647
44650
44662
44664
44669
44673
44674
44675
44676
44677
44679
44687
44696
44698
44699
44701
44703
44705
44707
44713
44719
44724
44725
44727
44730
44734
44736
44739
44742
44743
44744
44750
44758
44763
44770
44771
44773
44774
44777
44778
44780
44782
44787
44788
44790
44794
44799
44803
44804
44809
44810
44812
44815
44816
44819
44825
44826
44837
44850
44855
44856
44859
44863
44864
44865
44866
44867
44868
44872
44874
44876
44879
44880
44882
44883
44890
44893
44894
44895
44899
44900
44901
44909
44913
44915
44922
44923
44925
44926
44929
44933
44935
44936
44939
44944
44945
44946
44948
44953
44954
44958
44960
44966
44967
44969
44971
44972
44978
44982
44983
44985
44990
44992
44995
44996
44998
44999
45003
45013
45015
45019
45021
45025
45028
45034
45035
45037
45039
45040
45041
45042
45046
45047
45049
45060
45063
45068
45072
45075
45077
45079
45085
45088
45092
45097
45099
45101
45107
45108
45109
45111
45115
45117
45120
45127
45129
45131
45132
45137
45140
45143
45144
45145
45146
45147
45150
45154
45156
45158
45166
45167
45170
45172
45173
45176
45184
45195
45196
45198
45199
45201
45202
45203
45204
45205
45209
45213
45215
45218
45223
45224
45227
45229
45231
45232
45237
45238
45239
45242
45245
45250
45251
45253
45255
45260
45261
45262
45268
45276
45277
45284
45285
45286
45287
45289
45291
45292
45297
45298
45302
45306
45307
45308
45310
45317
45336
45340
45350
45353
45354
45360
45364
45366
45370
45371
45373
45374
45379
45380
45382
45384
45387
45388
45398
45403
45406
45408
45410
45414
45415
45417
45421
45423
45431
45436
45440
45444
45451
45452
45457
45460
45462
45464
45467
45469
45470
45474
45479
45486
45488
45493
45495
45501
45503
45504
45505
45512
45515
45516
45518
45520
45526
45527
45530
45531
45539
45543
45548
45555
45556
45560
45561
45564
45565
45571
45572
45574
45576
45579
45584
45601
45604
45607
45613
45614
45616
45622
45628
45633
45635
45640
45642
45643
45646
45648
45652
45653
45655
45662
45663
45664
45671
45673
45684
45685
45689
45691
45693
45694
45698
45711
45717
45720
45723
45724
45729
45735
45736
45737
45739
45740
45741
45744
45745
45746
45750
45753
45763
45764
45765
45766
45767
45770
45773
45776
45777
45778
45779
45781
45782
45783
45790
45797
45799
45804
45805
45810
45812
45816
45826
45827
45828
45831
45835
45840
45841
45843
45844
45845
45846
45855
45857
45859
45862
45864
45868
45869
45870
45879
45880
45882
45886
45891
45893
45894
45896
45897
45902
45903
45910
45914
45916
45920
45927
45931
45932
45934
45935
45940
45942
45944
45947
45948
45951
45956
45959
45960
45964
45966
45967
45975
45979
45984
45988
45993
45994
46000
46001
46002
46003
46012
46017
46020
46024
46026
46032
46035
46036
46037
46041
46042
46049
46052
46062
46065
46066
46068
46069
46070
46076
46077
46080
46094
46096
46097
46098
46099
46103
46105
46108
46109
46110
46113
46114
46115
46116
46118
46127
46128
46135
46137
46140
46142
46143
46147
46150
46153
46162
46168
46170
46173
46175
46177
46180
46181
46187
46188
46191
46192
46193
46197
46202
46204
46208
46210
46211
46217
46222
46229
46235
46236
46238
46241
46245
46261
46262
46263
46264
46265
46275
46276
46278
46279
46280
46287
46289
46291
46293
46296
46297
46300
46303
46304
46313
46314
46316
46322
46323
46326
46331
46335
46337
46339
46342
46344
46347
46349
46351
46354
46362
46366
46368
46370
46374
46377
46389
46393
46394
46397
46399
46400
46403
46411
46414
46416
46419
46421
46424
46432
46435
46441
46447
46450
46455
46459
46461
46468
46469
46472
46476
46478
46489
46490
46491
46494
46495
46496
46501
46503
46508
46509
46514
46516
46518
46520
46523
46524
46525
46526
46528
46533
46534
46537
46543
46544
46547
46552
46557
46558
46560
46564
46565
46569
46572
46574
46579
46585
46591
46596
46597
46601
46610
46611
46612
46613
46618
46622
46629
46632
46635
46636
46637
46645
46648
46650
46652
46653
46655
46657
46659
46662
46664
46665
46666
46673
46681
46683
46684
46690
46693
46694
46696
46698
46702
46704
46705
46709
46710
46711
46714
46716
46720
46726
46734
46737
46741
46742
46743
46745
46746
46747
46749
46754
46755
46756
46759
46761
46762
46763
46769
46780
46786
46791
46792
46793
46797
46798
46803
46804
46805
46810
46813
46816
46823
46830
46831
46835
46839
46840
46841
46847
46849
46850
46852
46855
46857
46860
46862
46864
46866
46867
46870
46876
46878
46879
46883
46885
46889
46891
46893
46894
46895
46897
46899
46900
46905
46906
46908
46909
46913
46915
46918
46923
46925
46926
46935
46941
46942
46943
46945
46958
46963
46965
46969
46970
46976
46978
46979
46980
46981
46982
46983
46985
46990
46994
46999
47004
47010
47011
47014
47020
47027
47031
47032
47033
47035
47046
47048
47049
47050
47053
47056
47074
47075
47077
47083
47088
47089
47090
47093
47095
47097
47098
47099
47107
47108
47110
47127
47128
47132
47140
47142
47148
47151
47154
47159
47160
47161
47162
47170
47175
47177
47182
47190
47191
47194
47195
47198
47199
47201
47202
47203
47205
47206
47209
47211
47212
47217
47222
47226
47227
47234
47235
47236
47238
47241
47243
47245
47251
47253
47255
47259
47261
47265
47268
47272
47274
47278
47279
47281
47283
47284
47288
47289
47290
47294
47296
47303
47308
47311
47312
47314
47319
47328
47334
47335
47338
47343
47344
47345
47348
47351
47352
47353
47358
47366
47368
47369
47373
47384
47386
47387
47389
47394
47401
47406
47408
47410
47412
47413
47420
47421
47425
47428
47434
47435
47438
47439
47440
47442
47444
47447
47448
47450
47451
47462
47466
47467
47473
47475
47480
47482
47484
47498
47500
47502
47506
47507
47509
47514
47515
47516
47520
47530
47535
47537
47539
47541
47544
47553
47554
47555
47561
47564
47566
47568
47569
47574
47577
47578
47579
47586
47588
47589
47591
47592
47594
47596
47598
47600
47602
47604
47609
47612
47613
47615
47621
47623
47624
47627
47628
47630
47634
47639
47640
47641
47646
47648
47649
47650
47652
47654
47661
47662
47670
47672
47674
47676
47678
47679
47680
47681
47682
47686
47688
47689
47690
47693
47700
47701
47702
47704
47707
47710
47713
47714
47725
47731
47732
47733
47735
47738
47739
47740
47741
47744
47747
47748
47752
47753
47754
47756
47762
47763
47769
47775
47777
47783
47786
47787
47788
47791
47793
47796
47797
47803
47807
47809
47811
47813
47819
47822
47823
47826
47829
47832
47834
47842
47846
47848
47850
47852
47860
47861
47862
47864
47869
47884
47885
47888
47889
47894
47898
47901
47905
47909
47914
47917
47923
47925
47928
47938
47942
47943
47944
47946
47956
47958
47961
47962
47968
47969
47971
47973
47974
47978
47980
47986
47995
47998
48000
48001
48005
48009
48013
48015
48017
48020
48024
48025
48036
48037
48038
48039
48040
48048
48050
48051
48053
48055
48060
48062
48069
48070
48079
48083
48086
48087
48088
48091
48093
48095
48097
48101
48103
48105
48111
48112
48113
48127
48130
48132
48136
48142
48143
48146
48153
48154
48155
48160
48162
48164
48166
48167
48173
48176
48177
48181
48184
48186
48204
48208
48212
48213
48214
48216
48218
48226
48231
48232
48235
48236
48239
48240
48241
48244
48245
48249
48252
48257
48258
48261
48262
48263
48270
48273
48278
48280
48286
48288
48293
48295
48300
48307
48317
48319
48322
48324
48327
48328
48329
48331
48333
48336
48342
48346
48348
48349
48359
48375
48379
48380
48381
48382
48388
48392
48393
48397
48398
48399
48400
48409
48417
48420
48422
48423
48425
48427
48428
48432
48433
48444
48446
48452
48453
48454
48465
48477
48479
48481
48482
48483
48486
48492
48493
48501
48505
48506
48509
48512
48514
48524
48525
48529
48535
48536
48538
48539
48540
48541
48543
48544
48548
48549
48554
48555
48559
48560
48561
48564
48565
48567
48568
48569
48572
48580
48581
48582
48583
48585
48586
48587
48593
48595
48601
48605
48607
48609
48615
48619
48620
48623
48627
48636
48637
48641
48643
48648
48650
48658
48660
48670
48674
48680
48684
48691
48693
48696
48698
48701
48703
48704
48706
48712
48716
48717
48718
48719
48722
48725
48732
48733
48735
48736
48737
48739
48740
48743
48752
48753
48758
48762
48764
48765
48776
48778
48780
48784
48785
48786
48789
48790
48792
48795
48806
48807
48809
48810
48812
48818
48820
48824
48826
48827
48832
48838
48841
48844
48847
48849
48858
48859
48861
48866
48867
48869
48871
48872
48873
48876
48882
48883
48886
48887
48889
48895
48896
48899
48902
48903
48904
48907
48909
48910
48912
48913
48916
48917
48924
48930
48931
48947
48948
48954
48956
48958
48959
48964
48968
48969
48971
48976
48977
48982
48983
48986
48987
48988
48993
48996
48998
48999
49000
49004
49006
49012
49017
49019
49020
49023
49027
49034
49036
49037
49041
49050
49053
49054
49055
49057
49059
49060
49062
49069
49076
49078
49080
49081
49083
49084
49085
49089
49098
49103
49117
49119
49123
49126
49134
49135
49142
49143
49144
49145
49151
49153
49154
49156
49159
49164
49165
49170
49178
49180
49181
49184
49195
49198
49201
49202
49206
49208
49212
49213
49215
49220
49226
49229
49236
49242
49243
49246
49247
49250
49251
49259
49265
49266
49269
49280
49283
49284
49287
49293
49296
49299
49300
49301
49309
49316
49317
49321
49322
49328
49332
49333
49334
49336
49337
49340
49346
49353
49357
49359
49360
49365
49379
49382
49387
49392
49394
49395
49404
49405
49421
49426
49427
49431
49432
49435
49441
49442
49444
49445
49448
49449
49452
49454
49455
49456
49459
49461
49465
49471
49479
49481
49485
49492
49495
49496
49499
49500
49515
49516
49517
49525
49531
49535
49537
49544
49563
49564
49571
49572
49574
49579
49580
49581
49582
49583
49584
49585
49590
49593
49597
49598
49599
49601
49603
49612
49614
49617
49623
49625
49627
49629
49630
49632
49637
49638
49639
49642
49645
49651
49655
49665
49667
49677
49687
49689
49690
49694
49695
49700
49701
49702
49705
49707
49710
49711
49712
49716
49723
49726
49728
49729
49743
49750
49751
49752
49753
49757
49758
49759
49762
49763
49772
49773
49776
49787
49788
49789
49795
49799
49800
49801
49802
49805
49808
49809
49817
49819
49822
49823
49825
49830
49831
49832
49833
49835
49837
49838
49840
49842
49845
49848
49849
49852
49853
49858
49861
49862
49867
49871
49880
49881
49882
49888
49890
49895
49898
49899
49902
49903
49909
49913
49916
49924
49928
49941
49942
49945
49948
49950
49951
49952
49955
49958
49963
49967
49968
49971
49975
49977
49985
49991
49993
49997
50002
50003
50004
50008
50010
50011
50012
50014
50015
50019
50021
50022
50029
50030
50031
50034
50043
50052
50057
50062
50065
50066
50071
50072
50076
50080
50081
50087
50088
50091
50093
50096
50097
50098
50103
50105
50106
50109
50113
50114
50115
50117
50122
50123
50124
50126
50135
50136
50140
50142
50149
50156
50159
50162
50163
50164
50166
50168
50169
50170
50171
50173
50180
50186
50187
50189
50190
50191
50195
50196
50197
50200
50206
50210
50212
50213
50219
50221
50223
50225
50227
50229
50231
50242
50246
50253
50254
50258
50259
50260
50263
50270
50271
50275
50277
50278
50280
50282
50283
50291
50300
50312
50313
50318
50323
50325
50335
50337
50344
50347
50372
50375
50378
50379
50383
50385
50387
50391
50397
50398
50406
50412
50413
50415
50416
50417
50421
50426
50427
50430
50433
50434
50437
50441
50443
50447
50448
50451
50452
50454
50455
50457
50458
50462
50466
50467
50468
50469
50471
50476
50477
50478
50482
50487
50488
50493
50497
50507
50508
50516
50517
50518
50521
50523
50527
50528
50529
50530
50532
50539
50543
50544
50545
50547
50557
50559
50564
50568
50577
50578
50579
50580
50584
50587
50588
50592
50596
50597
50605
50607
50609
50610
50613
50615
50620
50627
50628
50636
50641
50643
50645
50648
50649
50651
50652
50655
50657
50663
50664
50666
50668
50675
50684
50687
50695
50698
50699
50701
50703
50705
50716
50723
50738
50739
50741
50743
50744
50749
50750
50752
50756
50759
50766
50767
50768
50769
50772
50776
50779
50782
50787
50789
50798
50800
50802
50808
50810
50812
50815
50818
50820
50823
50830
50836
50839
50840
50843
50850
50851
50853
50854
50858
50862
50865
50867
50868
50870
50871
50875
50876
50878
50883
50884
50890
50891
50892
50898
50902
50908
50909
50911
50913
50921
50922
50929
50932
50933
50934
50935
50941
50942
50946
50956
50959
50963
50967
50968
50975
50982
50985
50990
51000
51001
51014
51018
51021
51023
51029
51031
51032
51033
51036
51037
51040
51041
51044
51045
51052
51057
51059
51062
51065
51066
51070
51078
51079
51082
51086
51087
51089
51090
51092
51094
51096
51106
51110
51115
51116
51119
51121
51127
51129
51132
51135
51136
51140
51143
51145
51148
51152
51155
51156
51157
51158
51165
51170
51171
51179
51180
51185
51192
51194
51197
51198
51199
51201
51203
51205
51207
51210
51212
51213
51219
51220
51221
51229
51231
51235
51247
51249
51250
51253
51254
51255
51256
51257
51259
51261
51268
51271
51273
51274
51279
51282
51284
51289
51292
51294
51299
51300
51305
51318
51323
51333
51341
51343
51348
51350
51352
51360
51368
51373
51375
51379
51382
51383
51384
51390
51395
51396
51397
51398
51399
51408
51422
51424
51428
51430
51436
51441
51443
51447
51448
51449
51454
51455
51464
51466
51478
51481
51483
51486
51487
51488
51489
51505
51509
51510
51512
51514
51524
51527
51529
51532
51535
51536
51537
51542
51545
51547
51550
51552
51571
51573
51576
51577
51583
51587
51594
51596
51598
51608
51609
51614
51619
51624
51629
51641
51643
51654
51655
51656
51657
51665
51667
51670
51671
51674
51675
51676
51683
51686
51690
51691
51696
51697
51698
51701
51705
51706
51709
51710
51711
51712
51715
51719
51725
51728
51729
51730
51732
51734
51735
51736
51737
51740
51749
51757
51760
51761
51764
51765
51770
51771
51772
51775
51776
51777
51778
51780
51782
51788
51798
51802
51809
51813
51824
51825
51829
51833
51836
51838
51839
51841
51842
51844
51845
51846
51847
51850
51851
51852
51854
51856
51857
51861
51864
51879
51882
51883
51885
51888
51894
51897
51904
51906
51907
51908
51919
51929
51931
51934
51935
51936
51937
51943
51949
51950
51954
51956
51957
51964
51971
51978
51982
51984
51987
51989
51998
51999
52001
52002
52003
52006
52008
52010
52013
52020
52021
52023
52025
52029
52042
52050
52055
52059
52061
52066
52070
52072
52074
52076
52079
52082
52084
52085
52094
52103
52104
52106
52107
52110
52115
52119
52121
52122
52126
52127
52137
52140
52142
52143
52146
52148
52150
52153
52158
52163
52165
52168
52176
52179
52191
52196
52200
52202
52204
52207
52212
52213
52217
52219
52222
52224
52227
52242
52245
52246
52253
52254
52270
52277
52279
52282
52289
52291
52292
52293
52295
52299
52304
52305
52308
52314
52319
52321
52323
52325
52331
52333
52335
52336
52343
52344
52349
52351
52355
52356
52359
52364
52366
52368
52369
52374
52377
52383
52385
52388
52392
52394
52395
52396
52398
52399
52400
52401
52405
52412
52417
52422
52424
52427
52429
52435
52448
52455
52457
52468
52472
52479
52480
52483
52484
52495
52496
52504
52511
52513
52519
52524
52525
52535
52540
52545
52546
52550
52554
52557
52566
52570
52571
52573
52575
52576
52577
52578
52589
52591
52592
52594
52603
52611
52618
52622
52627
52628
52631
52635
52636
52639
52648
52651
52654
52667
52673
52679
52691
52692
52695
52705
52708
52717
52723
52727
52731
52733
52735
52738
52740
52748
52750
52751
52752
52756
52757
52759
52760
52762
52763
52764
52765
52767
52769
52773
52775
52776
52779
52781
52783
52786
52791
52793
52794
52804
52807
52814
52815
52825
52826
52828
52831
52834
52836
52840
52844
52852
52854
52855
52858
52866
52876
52877
52879
52880
52884
52890
52892
52897
52901
52906
52907
52913
52915
52922
52929
52932
52935
52936
52941
52942
52947
52949
52950
52953
52956
52957
52960
52961
52964
52968
52970
52972
52977
52979
52982
52984
52985
52988
52990
52997
52998
53000
53008
53011
53017
53035
53051
53063
53064
53066
53068
53072
53080
53082
53083
53084
53087
53090
53097
53105
53113
53116
53119
53121
53128
53129
53131
53135
53137
53142
53143
53144
53145
53148
53150
53152
53160
53162
53163
53168
53169
53176
53177
53180
53186
53192
53197
53199
53200
53201
53202
53204
53206
53217
53220
53228
53231
53233
53243
53244
53245
53246
53248
53249
53250
53268
53270
53284
53285
53289
53292
53295
53306
53328
53332
53334
53338
53339
53343
53344
53348
53350
53351
53353
53354
53360
53361
53362
53363
53366
53368
53375
53377
53390
53391
53392
53394
53399
53401
53402
53404
53408
53411
53415
53416
53421
53423
53425
53429
53446
53454
53457
53458
53459
53460
53466
53467
53468
53484
53485
53487
53489
53492
53495
53500
53507
53510
53511
53514
53517
53518
53523
53526
53531
53534
53537
53541
53542
53543
53551
53558
53562
53575
53577
53579
53580
53581
53582
53583
53596
53608
53609
53611
53616
53619
53626
53639
53642
53643
53645
53651
53652
53653
53655
53656
53657
53663
53664
53665
53667
53672
53683
53684
53689
53690
53696
53699
53708
53711
53718
53720
53724
53726
53728
53729
53732
53737
53742
53749
53752
53758
53759
53762
53773
53778
53779
53783
53787
53788
53795
53802
53804
53814
53815
53816
53817
53818
53824
53825
53829
53832
53838
53839
53840
53843
53844
53845
53846
53847
53849
53850
53852
53855
53857
53868
53869
53874
53880
53881
53883
53884
53887
53892
53901
53904
53905
53915
53925
53926
53934
53936
53939
53943
53948
53951
53954
53957
53960
53962
53963
53964
53965
53966
53969
53980
53988
53990
53991
53992
53993
53996
53999
54006
54015
54022
54032
54034
54035
54038
54041
54043
54046
54052
54054
54058
54077
54078
54079
54080
54083
54084
54087
54089
54092
54112
54123
54125
54127
54137
54146
54151
54158
54163
54167
54172
54173
54174
54179
54180
54186
54188
54192
54193
54200
54202
54207
54208
54209
54214
54215
54221
54223
54224
54225
54231
54232
54236
54239
54244
54246
54249
54253
54257
54261
54265
54267
54270
54271
54272
54273
54276
54281
54283
54294
54297
54302
54303
54304
54306
54307
54309
54313
54314
54317
54322
54324
54325
54332
54333
54334
54339
54343
54348
54358
54365
54367
54372
54375
54380
54385
54388
54392
54400
54407
54415
54418
54423
54427
54431
54435
54437
54440
54441
54447
54451
54455
54456
54462
54464
54472
54475
54479
54480
54485
54486
54488
54500
54506
54507
54508
54511
54512
54516
54517
54518
54519
54528
54529
54533
54538
54541
54545
54552
54559
54568
54571
54575
54576
54578
54579
54581
54588
54589
54598
54606
54613
54617
54625
54634
54651
54652
54654
54657
54661
54663
54664
54667
54669
54670
54677
54686
54688
54691
54701
54706
54720
54735
54740
54741
54744
54755
54756
54757
54758
54761
54767
54768
54782
54783
54787
54790
54801
54806
54807
54808
54815
54820
54824
54827
54829
54839
54844
54845
54847
54852
54857
54862
54864
54865
54872
54876
54882
54884
54885
54886
54893
54898
54904
54908
54910
54912
54915
54917
54918
54928
54930
54935
54937
54942
54943
54950
54954
54957
54960
54962
54964
54967
54971
54984
54985
54989
54990
54994
54996
54999
55002
55004
55011
55020
55024
55028
55036
55038
55041
55047
55055
55058
55068
55078
55080
55081
55083
55085
55086
55090
55091
55093
55095
55097
55103
55104
55107
55108
55109
55117
55121
55124
55126
55127
55128
55130
55132
55134
55139
55149
55154
55156
55161
55164
55166
55169
55171
55173
55176
55184
55190
55201
55210
55218
55233
55234
55236
55251
55255
55257
55264
55274
55275
55279
55285
55295
55299
55302
55306
55308
55309
55311
55313
55318
55320
55321
55323
55327
55329
55335
55341
55343
55344
55345
55352
55354
55355
55359
55361
55367
55371
55376
55378
55386
55388
55391
55399
55400
55401
55406
55407
55410
55415
55416
55418
55420
55422
55427
55428
55429
55436
55441
55446
55451
55455
55457
55463
55467
55468
55478
55488
55512
55514
55517
55519
55520
55525
55526
55535
55537
55538
55547
55548
55550
55551
55553
55557
55564
55569
55579
55588
55594
55596
55599
55603
55614
55619
55621
55623
55628
55633
55637
55638
55639
55641
55643
55645
55647
55650
55652
55653
55654
55655
55659
55660
55661
55666
55667
55669
55674
55675
55677
55686
55697
55703
55706
55707
55709
55714
55716
55719
55725
55730
55734
55736
55746
55757
55759
55772
55774
55775
55777
55782
55786
55787
55797
55801
55802
55810
55814
55817
55825
55826
55827
55835
55836
55837
55840
55841
55843
55850
55852
55854
55864
55871
55878
55880
55882
55883
55887
55889
55894
55896
55898
55899
55900
55908
55911
55916
55917
55920
55923
55926
55934
55942
55953
55956
55960
55964
55975
55977
55988
55996
55998
56004
56005
56011
56014
56016
56019
56030
56035
56047
56048
56049
56050
56060
56069
56075
56086
56088
56091
56092
56093
56094
56096
56099
56100
56101
56102
56104
56106
56110
56111
56112
56115
56116
56122
56127
56129
56133
56143
56146
56157
56159
56163
56167
56172
56175
56177
56178
56181
56184
56188
56197
56198
56199
56201
56203
56204
56210
56211
56214
56215
56216
56223
56228
56230
56233
56237
56240
56242
56251
56255
56257
56258
56264
56276
56282
56283
56292
56299
56301
56307
56317
56331
56332
56357
56360
56363
56366
56370
56371
56375
56382
56392
56393
56396
56406
56407
56411
56414
56415
56420
56425
56428
56432
56435
56440
56444
56449
56455
56464
56465
56470
56471
56472
56480
56485
56490
56493
56494
56495
56496
56498
56506
56513
56516
56518
56519
56522
56525
56528
56536
56545
56548
56558
56559
56564
56569
56573
56578
56579
56581
56583
56589
56595
56597
56600
56604
56608
56609
56611
56612
56613
56617
56626
56627
56628
56629
56641
56643
56648
56649
56651
56653
56657
56658
56667
56670
56675
56680
56684
56689
56690
56694
56695
56696
56707
56711
56713
56715
56723
56729
56731
56750
56752
56753
56755
56756
56757
56758
56759
56763
56765
56769
56774
56776
56777
56778
56781
56783
56786
56790
56791
56793
56795
56796
56799
56802
56807
56811
56816
56818
56824
56825
56830
56834
56836
56837
56840
56848
56860
56867
56878
56879
56885
56891
56894
56895
56897
56900
56903
56911
56914
56923
56931
56933
56934
56938
56941
56943
56946
56952
56954
56959
56965
56969
56971
56972
56974
56976
56981
56990
56996
56997
57001
57003
57005
57023
57027
57031
57035
57040
57044
57049
57057
57061
57062
57065
57072
57075
57079
57082
57083
57084
57085
57086
57087
57090
57091
57099
57101
57107
57112
57114
57116
57118
57119
57123
57129
57134
57137
57138
57140
57145
57151
57153
57166
57168
57171
57173
57174
57176
57180
57186
57199
57202
57209
57211
57212
57217
57220
57221
57233
57234
57238
57247
57248
57254
57255
57264
57266
57267
57271
57272
57274
57278
57282
57284
57289
57294
57295
57306
57312
57314
57317
57318
57321
57330
57338
57341
57343
57347
57348
57355
57363
57366
57368
57369
57373
57377
57386
57387
57393
57399
57400
57401
57405
57406
57410
57413
57419
57422
57423
57424
57433
57435
57447
57459
57460
57473
57474
57483
57487
57488
57491
57492
57496
57497
57501
57503
57506
57508
57513
57526
57528
57529
57532
57536
57541
57544
57554
57562
57571
57575
57577
57579
57581
57586
57589
57598
57601
57606
57609
57616
57620
57624
57632
57633
57634
57637
57638
57639
57642
57644
57650
57651
57652
57655
57658
57659
57663
57664
57669
57671
57673
57674
57679
57681
57684
57685
57695
57697
57701
57711
57714
57717
57719
57722
57724
57731
57732
57734
57735
57738
57740
57741
57742
57745
57748
57749
57758
57770
57775
57780
57782
57791
57805
57806
57809
57812
57816
57817
57819
57821
57830
57833
57837
57841
57843
57845
57851
57853
57858
57864
57873
57874
57876
57880
57882
57883
57884
57889
57890
57892
57896
57898
57900
57901
57902
57904
57909
57915
57916
57919
57921
57927
57935
57937
57945
57949
57957
57960
57964
57982
57985
57986
57990
57992
57994
57997
58001
58003
58005
58021
58024
58029
58030
58032
58036
58039
58041
58043
58044
58055
58059
58062
58074
58077
58090
58093
58096
58100
58101
58104
58107
58113
58114
58120
58125
58127
58129
58130
58134
58148
58150
58151
58154
58161
58163
58170
58176
58184
58190
58194
58196
58200
58210
58214
58216
58222
58223
58232
58233
58234
58235
58236
58238
58243
58244
58257
58258
58260
58266
58273
58278
58280
58283
58301
58304
58306
58313
58314
58315
58316
58322
58325
58329
58332
58336
58340
58341
58347
58349
58353
58354
58356
58361
58367
58372
58377
58378
58382
58385
58387
58388
58392
58397
58404
58409
58419
58422
58425
58427
58429
58431
58438
58439
58444
58447
58452
58457
58460
58461
58465
58470
58472
58475
58476
58478
58481
58489
58502
58511
58512
58515
58517
58520
58523
58529
58535
58542
58544
58546
58555
58556
58563
58570
58574
58578
58582
58583
58585
58596
58603
58608
58614
58617
58621
58632
58641
58654
58659
58661
58666
58669
58672
58674
58675
58676
58680
58683
58685
58687
58688
58692
58696
58697
58698
58700
58709
58711
58713
58714
58716
58717
58718
58719
58722
58731
58736
58737
58742
58744
58750
58754
58755
58760
58762
58766
58772
58783
58784
58786
58795
58800
58803
58804
58807
58815
58819
58827
58829
58835
58837
58838
58842
58845
58849
58864
58866
58878
58882
58884
58886
58889
58903
58905
58906
58909
58916
58918
58922
58930
58938
58939
58944
58952
58954
58961
58963
58968
58971
58973
58980
58982
58989
58990
58991
59005
59008
59012
59015
59016
59025
59027
59031
59032
59034
59035
59037
59038
59039
59042
59045
59047
59048
59050
59057
59059
59064
59066
59070
59071
59078
59085
59099
59106
59107
59110
59113
59114
59123
59127
59134
59137
59157
59159
59161
59167
59170
59183
59185
59187
59190
59195
59199
59201
59226
59229
59232
59233
59236
59242
59247
59250
59260
59264
59275
59276
59281
59282
59287
59291
59292
59294
59295
59299
59306
59310
59317
59321
59323
59334
59335
59339
59357
59363
59369
59370
59372
59374
59378
59381
59383
59385
59387
59388
59399
59405
59406
59412
59415
59417
59421
59425
59433
59438
59445
59453
59455
59465
59494
59495
59510
59512
59518
59521
59526
59528
59529
59537
59538
59548
59554
59562
59574
59580
59585
59598
59600
59601
59604
59618
59620
59624
59627
59632
59640
59645
59653
59654
59659
59662
59664
59667
59671
59673
59676
59677
59679
59680
59691
59694
59696
59702
59706
59707
59708
59710
59711
59716
59725
59726
59731
59741
59742
59745
59749
59750
59751
59759
59760
59762
59766
59767
59773
59774
59780
59782
59783
59790
59791
59802
59814
59816
59820
59821
59822
59823
59829
59840
59844
59851
59861
59866
59869
59878
59883
59885
59886
59889
59890
59892
59893
59895
59896
59898
59900
59901
59902
59903
59905
59907
59914
59916
59921
59922
59924
59926
59927
59929
59935
59946
59950
59951
59955
59959
59963
59964
59967
59971
59972
59977
59978
59980
59983
59984
59985
59986
59987
59991
59994
59995
59996
59998
60007
60011
60015
60018
60020
60025
60027
60029
60030
60033
60037
60040
60048
60049
60052
60066
60074
60090
60091
60096
60103
60114
60118
60121
60136
60138
60142
60145
60146
60150
60153
60154
60157
60160
60161
60163
60167
60169
60172
60174
60183
60188
60192
60199
60200
60201
60202
60210
60212
60216
60217
60219
60224
60225
60227
60234
60236
60238
60246
60249
60253
60256
60258
60261
60263
60265
60270
60273
60276
60280
60286
60299
60303
60312
60314
60317
60323
60327
60332
60337
60339
60340
60343
60346
60348
60349
60357
60364
60369
60377
60378
60385
60387
60392
60398
60407
60408
60410
60413
60419
60428
60429
60435
60436
60444
60445
60449
60455
60465
60466
60468
60480
60482
60483
60485
60493
60495
60496
60497
60518
60526
60528
60534
60536
60542
60547
60549
60551
60552
60557
60565
60567
60568
60574
60583
60592
60594
60595
60597
60598
60599
60603
60605
60608
60611
60633
60635
60641
60642
60650
60652
60654
60659
60660
60676
60680
60683
60685
60687
60692
60694
60698
60699
60701
60702
60706
60708
60710
60712
60714
60718
60720
60731
60734
60736
60738
60743
60755
60756
60758
60760
60761
60766
60769
60776
60780
60781
60785
60786
60792
60794
60795
60805
60809
60811
60812
60813
60814
60817
60821
60822
60833
60835
60837
60851
60854
60859
60861
60865
60866
60876
60887
60898
60906
60916
60917
60922
60923
60924
60927
60933
60941
60945
60953
60957
60966
60980
60981
60988
61001
61011
61013
61014
61015
61019
61029
61034
61038
61040
61045
61058
61066
61067
61072
61074
61078
61080
61082
61086
61091
61093
61094
61098
61099
61109
61110
61115
61136
61145
61147
61151
61153
61158
61159
61161
61164
61165
61175
61181
61182
61184
61190
61196
61201
61205
61207
61212
61214
61223
61239
61240
61257
61266
61272
61276
61279
61280
61282
61287
61294
61295
61299
61306
61307
61311
61316
61319
61321
61325
61326
61334
61337
61343
61354
61358
61361
61364
61368
61369
61375
61384
61386
61390
61391
61392
61396
61417
61420
61425
61428
61431
61432
61433
61434
61437
61440
61442
61446
61453
61455
61457
61458
61461
61462
61464
61465
61466
61468
61469
61475
61479
61495
61507
61508
61512
61515
61522
61523
61529
61539
61542
61544
61546
61547
61551
61553
61555
61568
61577
61582
61583
61584
61590
61592
61596
61598
61607
61612
61620
61623
61624
61627
61628
61630
61632
61634
61640
61656
61663
61665
61670
61672
61681
61691
61692
61695
61699
61703
61713
61714
61718
61719
61726
61737
61744
61749
61751
61760
61762
61766
61769
61781
61784
61788
61796
61797
61808
61811
61812
61815
61816
61821
61824
61826
61830
61835
61837
61838
61839
61841
61853
61854
61874
61882
61885
61888
61890
61891
61899
61900
61903
61908
61911
61912
61916
61918
61920
61922
61925
61927
61930
61931
61939
61940
61952
61953
61973
61974
61978
61979
61981
61982
61990
62000
62007
62013
62016
62017
62023
62032
62034
62035
62037
62040
62043
62079
62096
62098
62103
62105
62110
62126
62133
62134
62139
62140
62160
62162
62163
62164
62166
62173
62178
62184
62185
62187
62194
62206
62208
62216
62221
62224
62225
62227
62230
62231
62234
62235
62236
62237
62242
62248
62249
62255
62258
62260
62265
62270
62273
62279
62284
62285
62288
62298
62310
62312
62322
62326
62327
62342
62346
62352
62362
62365
62371
62373
62381
62388
62391
62394
62404
62407
62408
62410
62417
62424
62426
62437
62454
62456
62457
62461
62463
62466
62467
62469
62471
62474
62481
62482
62484
62494
62495
62500
62502
62515
62520
62528
62541
62547
62549
62550
62552
62554
62558
62560
62566
62567
62575
62577
62581
62589
62592
62597
62598
62605
62611
62612
62615
62617
62621
62627
62636
62646
62653
62657
62660
62679
62687
62688
62690
62698
62704
62708
62737
62749
62751
62754
62755
62757
62758
62759
62765
62775
62777
62780
62784
62791
62800
62804
62807
62808
62809
62811
62814
62815
62818
62819
62832
62834
62837
62838
62841
62848
62854
62857
62866
62869
62875
62889
62892
62895
62905
62912
62927
62928
62933
62936
62937
62940
62941
62942
62948
62950
62951
62960
62962
62969
62971
62972
62974
63000
63008
63019
63020
63023
63030
63034
63037
63041
63050
63058
63061
63066
63072
63082
63086
63088
63091
63093
63101
63105
63110
63130
63131
63133
63135
63138
63139
63141
63143
63144
63148
63152
63160
63161
63183
63184
63185
63192
63204
63210
63221
63228
63238
63240
63248
63257
63262
63269
63270
63272
63273
63277
63280
63294
63302
63306
63334
63345
63352
63357
63363
63364
63366
63369
63370
63376
63377
63380
63386
63388
63389
63390
63395
63396
63400
63418
63419
63423
63430
63432
63440
63443
63444
63450
63451
63460
63461
63464
63468
63469
63471
63474
63475
63479
63480
63503
63507
63510
63512
63522
63528
63530
63532
63536
63540
63541
63543
63547
63550
63551
63564
63577
63578
63580
63582
63588
63590
63593
63594
63596
63602
63606
63616
63625
63629
63647
63649
63651
63654
63655
63665
63674
63679
63682
63683
63684
63687
63688
63694
63695
63705
63707
63713
63715
63718
63722
63728
63738
63742
63745
63750
63754
63755
63759
63763
63764
63766
63768
63773
63774
63776
63780
63783
63785
63788
63795
63798
63803
63808
63812
63816
63819
63821
63831
63838
63842
63847
63848
63849
63852
63855
63876
63877
63882
63888
63892
63894
63902
63903
63904
63909
63914
63915
63922
63931
63933
63935
63936
63939
63946
63947
63951
63956
63962
63969
63970
63982
63990
63992
63997
64001
64004
64009
64013
64018
64025
64032
64039
64051
64056
64057
64062
64063
64070
64074
64078
64083
64084
64087
64095
64097
64106
64108
64116
64117
64129
64146
64148
64149
64151
64156
64159
64162
64165
64171
64176
64180
64181
64186
64188
64192
64194
64195
64198
64203
64209
64215
64219
64220
64229
64230
64232
64237
64244
64250
64251
64252
64254
64262
64274
64275
64279
64283
64288
64293
64296
64307
64310
64311
64315
64324
64326
64332
64338
64339
64340
64341
64342
64343
64350
64351
64352
64354
64362
64364
64366
64373
64379
64387
64403
64404
64405
64409
64410
64412
64414
64424
64435
64437
64438
64450
64451
64452
64455
64456
64458
64464
64482
64485
64491
64499
64506
64507
64515
64517
64523
64524
64527
64539
64544
64549
64555
64556
64557
64561
64570
64573
64574
64582
64587
64590
64591
64593
64598
64610
64612
64615
64617
64626
64633
64639
64642
64652
64662
64665
64667
64674
64692
64695
64702
64714
64716
64721
64736
64747
64750
64758
64763
64768
64775
64776
64778
64780
64785
64800
64804
64806
64810
64812
64814
64816
64818
64819
64825
64828
64831
64832
64835
64843
64847
64848
64851
64859
64863
64865
64871
64892
64895
64902
64904
64908
64911
64917
64939
64944
64949
64971
64978
64979
64984
64985
64989
64991
64993
64995
65001
65002
65004
65006
65010
65027
65031
65044
65048
65054
65059
65076
65081
65083
65087
65096
65098
65110
65117
65120
65121
65122
65123
65133
65136
65137
65140
65144
65146
65149
65151
65153
65154
65164
65166
65170
65177
65178
65181
65188
65190
65198
65203
65206
65209
65212
65213
65218
65220
65232
65233
65247
65252
65268
65270
65272
65276
65279
65285
65286
65288
65289
65293
65302
65305
65315
65316
65319
65325
65329
65333
65338
65350
65366
65370
65377
65386
65390
65391
65395
65397
65408
65415
65425
65426
65429
65431
65433
65435
65442
65449
65450
65455
65463
65469
65479
65483
65492
65493
65499
65500
65503
65514
65518
65520
65527
65528
65538
65542
65552
65559
65563
65564
65566
65569
65571
65578
65584
65593
65595
65597
65599
65600
65610
65613
65616
65623
65624
65631
65632
65633
65636
65638
65639
65643
65644
65647
65660
65671
65674
65690
65694
65696
65702
65705
65709
65715
65718
65726
65728
65736
65738
65741
65743
65744
65747
65752
65760
65768
65781
65784
65785
65790
65793
65800
65806
65807
65812
65816
65829
65834
65839
65841
65847
65855
65859
65863
65868
65882
65890
65891
65895
65898
65905
65911
65926
65930
65931
65936
65938
65942
65943
65947
65956
65963
65966
65970
65988
66000
66001
66012
66013
66018
66024
66032
66046
66056
66061
66064
66066
66070
66071
66080
66084
66085
66087
66094
66096
66097
66113
66115
66117
66119
66129
66135
66145
66147
66151
66176
66179
66188
66192
66193
66201
66206
66208
66209
66212
66213
66214
66223
66229
66234
66235
66237
66243
66244
66259
66263
66271
66272
66278
66283
66309
66310
66317
66322
66329
66343
66350
66353
66357
66358
66361
66363
66365
66366
66373
66375
66379
66382
66393
66402
66403
66412
66427
66430
66437
66447
66456
66472
66486
66487
66488
66494
66495
66497
66499
66502
66508
66510
66531
66532
66536
66538
66539
66550
66553
66555
66556
66559
66560
66571
66575
66576
66578
66579
66587
66592
66594
66598
66620
66622
66624
66636
66639
66640
66642
66643
66645
66649
66651
66657
66684
66691
66692
66697
66698
66699
66705
66722
66727
66742
66755
66761
66779
66788
66791
66808
66815
66819
66825
66837
66842
66846
66848
66852
66854
66861
66863
66866
66867
66869
66875
66877
66888
66892
66901
66909
66912
66927
66931
66933
66945
66963
66964
66965
66967
66970
66971
66972
66977
66989
67002
67003
67007
67008
67019
67021
67024
67028
67032
67034
67038
67040
67041
67043
67049
67072
67075
67086
67088
67090
67098
67100
67101
67115
67120
67123
67132
67136
67141
67143
67148
67153
67160
67167
67179
67185
67190
67199
67200
67201
67205
67207
67208
67218
67224
67228
67237
67241
67242
67247
67252
67259
67262
67265
67266
67270
67276
67286
67289
67290
67299
67302
67309
67315
67337
67344
67345
67357
67373
67402
67403
67405
67406
67407
67409
67412
67413
67417
67419
67429
67433
67438
67439
67440
67443
67446
67452
67453
67456
67457
67458
67464
67469
67473
67485
67500
67501
67503
67508
67516
67517
67524
67526
67537
67542
67563
67569
67572
67576
67583
67600
67604
67606
67611
67613
67621
67624
67627
67642
67647
67651
67674
67675
67681
67682
67687
67690
67691
67698
67700
67706
67711
67723
67724
67725
67734
67750
67764
67775
67778
67779
67816
67817
67826
67851
67863
67884
67896
67901
67905
67909
67910
67914
67917
67926
67927
67932
67933
67946
67950
67951
67954
67956
67960
67965
67966
67971
67974
67986
67987
68002
68007
68009
68010
68014
68018
68020
68022
68024
68025
68030
68031
68032
68040
68053
68055
68061
68068
68073
68083
68086
68088
68091
68098
68114
68135
68139
68144
68148
68156
68163
68179
68181
68211
68218
68220
68228
68229
68240
68244
68245
68256
68257
68261
68275
68276
68277
68290
68292
68296
68304
68310
68313
68320
68323
68335
68344
68357
68362
68363
68371
68372
68375
68376
68410
68415
68418
68432
68443
68444
68447
68451
68461
68463
68466
68470
68473
68475
68476
68489
68493
68494
68495
68497
68506
68527
68528
68531
68537
68539
68553
68556
68568
68571
68575
68576
68604
68611
68613
68625
68629
68630
68641
68648
68656
68667
68675
68676
68678
68679
68682
68688
68692
68703
68722
68730
68741
68758
68764
68767
68771
68775
68781
68783
68790
68794
68812
68816
68818
68819
68824
68831
68838
68840
68844
68856
68871
68874
68883
68894
68896
68897
68924
68927
68942
68969
68974
68977
68995
68998
68999
69010
69017
69030
69032
69047
69048
69051
69060
69062
69064
69072
69084
69092
69094
69100
69105
69109
69111
69120
69121
69125
69140
69141
69172
69174
69175
69176
69180
69188
69189
69217
69219
69232
69233
69239
69240
69242
69245
69270
69277
69281
69284
69290
69295
69296
69297
69301
69302
69306
69307
69308
69311
69330
69331
69332
69338
69358
69367
69378
69384
69402
69404
69406
69408
69424
69427
69431
69433
69435
69444
69454
69458
69491
69498
69504
69506
69508
69514
69525
69529
69531
69533
69534
69537
69539
69543
69554
69555
69561
69564
69565
69566
69568
69574
69577
69587
69595
69607
69610
69623
69633
69636
69637
69638
69648
69655
69656
69660
69664
69669
69672
69680
69685
69686
69688
69697
69700
69705
69715
69717
69731
69740
69758
69764
69774
69786
69796
69801
69807
69820
69821
69838
69846
69859
69860
69878
69883
69884
69885
69891
69893
69904
69910
69917
69919
69922
69928
69934
69940
69949
69951
69957
69958
69970
69973
69975
69977
69999
70009
70011
70018
70023
70037
70038
70045
70058
70060
70061
70062
70063
70071
70072
70077
70082
70090
70099
70101
70104
70117
70129
70141
70144
70149
70151
70157
70159
70164
70171
70190
70192
70196
70205
70208
70210
70213
70214
70221
70222
70225
70233
70236
70243
70253
70262
70273
70274
70307
70314
70315
70319
70322
70323
70328
70364
70371
70374
70378
70383
70389
70392
70402
70408
70409
70411
70424
70426
70440
70441
70453
70461
70469
70503
70506
70507
70513
70516
70519
70526
70527
70528
70536
70541
70552
70555
70574
70578
70597
70599
70605
70608
70621
70640
70658
70660
70664
70670
70682
70712
70714
70720
70728
70729
70749
70756
70761
70765
70770
70781
70784
70795
70800
70804
70807
70811
70812
70816
70824
70832
70845
70856
70864
70865
70868
70869
70874
70875
70884
70888
70898
70901
70902
70904
70905
70912
70915
70921
70925
70937
70941
70942
70948
70949
70951
70959
70968
70971
70991
70997
70998
71002
71018
71021
71024
71026
71031
71043
71046
71054
71055
71076
71086
71088
71091
71102
71107
71114
71117
71132
71135
71149
71164
71180
71182
71186
71188
71218
71226
71229
71245
71246
71251
71259
71277
71285
71298
71301
71310
71317
71323
71326
71347
71350
71355
71360
71366
71382
71391
71397
71398
71403
71413
71414
71423
71426
71440
71442
71446
71460
71464
71479
71494
71500
71514
71529
71530
71534
71535
71543
71558
71564
71565
71569
71575
71590
71614
71616
71665
71668
71683
71687
71708
71712
71726
71749
71757
71760
71768
71781
71799
71816
71830
71846
71852
71858
71859
71867
71875
71877
71884
71902
71904
71910
71921
71926
71932
71936
71941
71946
71950
71955
71974
71978
71984
71989
71992
72000
72019
72033
72037
72051
72076
72077
72091
72113
72116
72120
72126
72134
72135
72162
72168
72171
72176
72181
72201
72215
72237
72245
72248
72249
72277
72278
72285
72304
72305
72309
72315
72337
72340
72366
72371
72384
72390
72409
72434
72436
72437
72444
72445
72447
72485
72531
72533
72535
72556
72557
72558
72569
72571
72581
72583
72597
72598
72618
72628
72657
72659
72664
72666
72668
72673
72678
72682
72686
72689
72706
72708
72719
72728
72742
72748
72749
72779
72797
72801
72816
72819
72829
72834
72851
72862
72875
72878
72898
72899
72904
72917
72939
72950
72951
72955
72965
72967
72972
73010
73013
73017
73022
73033
73055
73065
73070
73075
73083
73093
73098
73110
73112
73114
73148
73165
73172
73181
73193
73194
73195
73207
73210
73222
73243
73279
73289
73306
73313
73316
73318
73321
73347
73359
73360
73373
73377
73395
73400
73410
73418
73420
73431
73449
73464
73465
73469
73477
73478
73495
73504
73526
73527
73533
73537
73540
73549
73555
73557
73565
73571
73573
73579
73589
73594
73597
73604
73606
73618
73619
73621
73623
73624
73630
73637
73639
73640
73654
73667
73671
73676
73698
73701
73709
73711
73713
73728
73762
73764
73772
73774
73776
73827
73828
73835
73838
73862
73889
73901
73906
73907
73914
73915
73930
73933
73940
73955
73957
73966
73972
73987
73994
73996
73998
74011
74012
74016
74020
74042
74059
74060
74100
74106
74111
74114
74126
74143
74151
74163
74181
74202
74206
74214
74217
74233
74236
74241
74243
74255
74256
74267
74268
74272
74316
74318
74330
74344
74353
74356
74363
74371
74378
74383
74405
74424
74431
74437
74441
74454
74479
74508
74520
74548
74551
74553
74557
74562
74571
74582
74587
74598
74610
74615
74616
74625
74639
74642
74648
74650
74652
74662
74692
74751
74784
74796
74798
74802
74803
74805
74839
74851
74855
74856
74864
74865
74868
74873
74882
74889
74892
74898
74921
74922
74938
74939
74940
74941
74943
74953
74956
74959
74986
74993
75006
75009
75022
75055
75070
75095
75143
75149
75169
75214
75227
75231
75237
75239
75250
75338
75341
75345
75358
75377
75395
75398
75406
75408
75426
75434
75441
75443
75454
75455
75458
75459
75464
75468
75479
75491
75504
75507
75519
75526
75537
75542
75549
75553
75602
75607
75630
75675
75685
75702
75708
75712
75720
75730
75738
75744
75766
75774
75777
75787
75812
75822
75829
75843
75852
75858
75869
75878
75885
75893
75895
75896
75901
75914
75923
75935
75936
75941
75950
75952
75989
75996
76002
76009
76012
76025
76031
76067
76088
76100
76114
76118
76135
76149
76164
76189
76190
76194
76201
76220
76231
76239
76249
76261
76267
76281
76286
76291
76295
76312
76315
76324
76328
76334
76339
76349
76360
76372
76375
76389
76391
76395
76413
76444
76460
76482
76495
76523
76551
76569
76573
76581
76588
76610
76631
76637
76640
76647
76652
76654
76668
76695
76752
76754
76771
76798
76803
76821
76824
76835
76848
76855
76856
76890
76908
76917
76920
76924
76980
76984
76988
76990
77003
77013
77033
77034
77052
77064
77074
77086
77102
77108
77109
77123
77148
77175
77181
77184
77192
77198
77203
77208
77232
77236
77244
77275
77282
77300
77335
77349
77384
77392
77445
77448
77476
77525
77543
77564
77566
77606
77612
77638
77642
77646
77663
77668
77682
77711
77713
77722
77744
77747
77750
77756
77772
77775
77783
77796
77809
77815
77817
77820
77826
77828
77870
77873
77876
77877
77901
77910
77925
77939
77951
77963
77970
77973
77976
77987
78019
78020
78022
78025
78027
78036
78045
78049
78052
78064
78080
78093
78104
78119
78145
78150
78169
78170
78183
78212
78217
78234
78238
78248
78249
78285
78292
78322
78354
78382
78389
78405
78417
78419
78425
78430
78439
78449
78461
78479
78487
78496
78512
78545
78563
78577
78578
78582
78588
78610
78612
78631
78639
78643
78644
78659
78662
78663
78681
78691
78704
78711
78715
78744
78748
78762
78767
78769
78781
78803
78804
78809
78829
78855
78867
78871
78873
78902
78911
78943
78974
78981
78990
79007
79012
79015
79034
79058
79063
79076
79080
79084
79110
79120
79130
79134
79135
79144
79150
79151
79168
79171
79174
79227
79228
79236
79251
79253
79278
79280
79282
79295
79309
79314
79337
79359
79369
79374
79402
79454
79456
79471
79484
79496
79499
79523
79579
79587
79603
79635
79644
79664
79669
79673
79695
79715
79725
79727
79735
79740
79741
79748
79763
79785
79844
79847
79897
79898
79964
79969
79999
80011
80032
80047
80050
80054
80062
80087
80092
80115
80139
80150
80151
80165
80176
80191
80196
80218
80241
80249
80259
80267
80276
80278
80289
80298
80299
80302
80321
80328
80341
80366
80370
80374
80387
80404
80429
80447
80457
80466
80467
80478
80496
80508
80530
80558
80559
80569
80574
80582
80589
80596
80602
80626
80643
80645
80647
80667
80676
80685
80701
80712
80721
80776
80783
80794
80798
80837
80865
80928
80931
80935
80956
80976
80985
80987
80988
81000
81006
81022
81039
81062
81069
81079
81089
81113
81125
81152
81155
81158
81180
81186
81188
81197
81211
81241
81361
81369
81397
81471
81496
81561
81603
81610
81660
81701
81702
81752
81786
81810
81834
81835
81845
81865
81871
81948
81952
81957
81959
81981
81989
82004
82028
82044
82046
82063
82066
82085
82108
82112
82130
82133
82145
82149
82176
82179
82182
82221
82258
82307
82316
82326
82462
82468
82469
82491
82523
82546
82555
82563
82566
82591
82595
82610
82612
82621
82625
82633
82648
82663
82681
82687
82697
82733
82734
82736
82752
82756
82760
82762
82788
82808
82823
82829
82859
82901
82916
82925
82938
82975
83008
83026
83027
83040
83071
83098
83111
83129
83167
83196
83198
83241
83257
83262
83263
83270
83286
83322
83325
83361
83368
83384
83385
83448
83461
83475
83489
83500
83506
83520
83533
83551
83564
83567
83609
83614
83638
83677
83690
83705
83749
83752
83774
83783
83810
83811
83854
83869
83878
83960
83979
84002
84007
84026
84031
84048
84049
84066
84070
84096
84152
84155
84162
84195
84203
84218
84239
84257
84297
84304
84331
84377
84386
84448
84450
84501
84525
84657
84673
84756
84761
84771
84775
84779
84817
84857
84871
84873
84926
85048
85130
85165
85170
85178
85182
85188
85197
85232
85240
85241
85247
85271
85283
85290
85326
85330
85364
85381
85397
85405
85459
85505
85531
85539
85541
85543
85544
85583
85584
85612
85649
85667
85705
85709
85715
85738
85752
85772
85801
85810
85838
85849
85855
85895
85903
85910
85915
86015
86063
86089
86130
86167
86171
86182
86214
86233
86241
86245
86315
86323
86335
86390
86427
86442
86466
86486
86515
86528
86538
86545
86570
86587
86619
86636
86652
86664
86678
86686
86705
86719
86723
86731
86736
86739
86755
86778
86894
86912
87022
87071
87134
87175
87210
87319
87330
87357
87365
87366
87415
87496
87499
87511
87545
87554
87605
87639
87666
87699
87705
87726
87780
87786
87811
87834
87853
87864
87875
87896
87900
87904
87934
87940
87948
88072
88081
88082
88135
88139
88189
88213
88248
88357
88368
88369
88386
88392
88449
88618
88630
88712
88717
88773
88796
88850
88855
88859
88954
89008
89013
89024
89081
89100
89156
89197
89245
89271
89280
89313
89338
89430
89458
89478
89502
89584
89594
89595
89685
89716
89733
89777
89829
89859
89874
89886
89973
89974
89989
89996
90005
90019
90043
90046
90151
90155
90157
90186
90193
90261
90266
90289
90304
90393
90394
90399
90458
90534
90576
90613
90624
90659
90671
90685
90783
90871
90879
90932
90941
90948
91026
91057
91068
91187
91235
91259
91362
91509
91550
91607
91610
91614
91650
91652
91810
91814
91876
92022
92234
92237
92260
92338
92347
92437
92522
92546
92583
92724
92728
92730
92888
92899
92971
92982
93035
93187
93400
93405
93426
93438
93512
93541
93600
93712
93736
93752
93815
93837
93862
93885
93907
93947
93957
93974
94004
94008
94210
94258
94280
94617
94652
94669
94735
94836
94911
94934
94939
95202
95215
95219
95240
95268
95325
95330
95520
95540
95565
95572
95605
95725
95730
95814
95878
95936
95954
95965
96057
96065
96070
96180
96232
96245
96254
96336
96449
96450
96590
96674
96692
96750
96854
96863
97099
97155
97300
97391
97449
97750
97855
97884
98019
98106
98262
98294
98329
98332
98368
98745
98787
98867
98894
98958
99008
99012
99113
99128
124120
124686
124705
124713
124763
124805
125119
125405
125439
125457
125467
125482
125487
125515
125536
125543
125560
125632
125796
125879
126056
126072
126098
126202
126213
126225
126227
126231
126284
126293
126302
126313
126399
126421
126463
126482
126499
126699
126737
127128
127603
128313
128330
128399
128536
128547
128557
128572
128642
128662
128743
128897
128936
128968
128975
129116
129257
129309
129335
129568
129743
129751
129942
130177
130272
130359
130366
131069
131418
131722
131942
132025
132657
136586
142115
144031
144073
144254
144921
145149
145266
