0
1
2
3
4
5
6
7
8
9
10
11
12
13
14
15
16
17
18
19
20
21
22
23
24
25
26
27
28
29
30
31
32
33
34
35
36
37
38
39
40
41
42
43
44
45
46
47
48
49
50
51
52
53
54
55
56
57
58
59
60
61
62
63
64
65
66
67
68
69
70
71
72
73
74
75
76
77
78
79
80
81
82
83
84
85
86
87
88
89
90
91
92
93
94
95
96
97
99
101
102
103
105
107
108
110
112
113
114
115
116
117
118
120
121
122
123
126
136
137
146
170
220
222
223
224
225
226
227
228
229
230
231
233
234
235
236
237
238
239
240
241
242
243
244
245
246
247
248
250
251
252
254
255
258
259
261
263
264
265
266
267
268
269
270
271
272
273
274
275
276
277
278
279
281
282
283
284
285
287
288
289
290
291
292
293
294
295
296
297
299
300
301
302
303
304
305
306
307
308
309
311
312
313
314
315
316
318
320
321
322
323
324
325
326
327
328
329
330
331
332
333
334
335
336
337
339
342
343
344
346
347
348
349
350
351
352
353
354
355
356
357
358
359
360
361
362
363
364
365
366
367
368
369
370
371
372
373
374
375
376
377
378
379
380
382
383
384
385
386
387
388
389
390
391
392
393
395
396
398
399
400
401
402
403
404
405
406
407
408
409
410
411
412
413
415
416
417
418
419
420
421
422
423
424
425
426
427
428
429
431
432
433
434
435
436
437
438
439
440
441
442
443
444
445
446
447
448
449
450
451
452
453
454
455
457
458
459
460
461
462
465
466
467
468
469
470
471
472
473
474
476
477
478
479
480
481
482
483
484
485
486
487
488
489
490
491
492
493
494
495
496
497
498
499
500
501
502
504
505
506
507
508
509
511
512
514
516
517
518
519
520
521
522
523
524
525
526
527
528
529
530
531
533
534
535
536
537
538
539
541
542
544
545
546
547
548
549
550
551
552
553
554
555
556
557
558
559
560
562
563
564
566
567
568
569
570
572
573
574
575
576
577
578
579
580
581
582
583
584
585
586
587
588
589
590
591
592
593
594
595
596
597
600
601
602
603
604
606
607
608
609
610
611
613
614
615
616
617
618
619
620
621
622
623
625
626
627
628
629
630
631
632
633
634
635
636
637
638
639
640
641
642
643
644
645
646
647
648
649
650
651
652
653
654
655
656
657
658
659
660
661
662
663
665
666
667
668
669
670
671
672
673
674
675
676
677
678
679
680
681
682
683
684
685
686
687
689
690
691
692
693
694
695
696
697
699
700
701
702
703
704
705
706
707
708
709
711
712
713
714
716
717
718
719
721
722
723
724
726
727
728
729
730
732
733
734
737
738
739
740
742
744
745
746
747
748
749
750
752
753
754
755
757
758
759
760
761
762
763
764
765
766
767
768
769
770
771
772
773
774
775
776
777
778
779
780
781
782
783
784
785
787
788
790
791
792
793
794
795
796
798
799
802
803
804
805
806
807
808
809
810
811
812
813
814
815
816
817
818
819
821
822
823
824
825
826
827
828
829
830
831
832
833
834
835
836
837
838
839
840
841
842
843
844
845
847
848
849
850
851
852
854
855
856
858
859
860
861
862
863
864
865
866
867
868
869
870
872
873
874
875
877
878
879
880
882
883
884
886
887
888
889
890
891
892
894
895
896
897
898
899
900
901
902
904
905
906
908
909
910
911
912
913
914
915
916
917
918
920
922
923
924
925
926
927
928
929
930
931
932
933
934
936
937
938
939
940
941
942
943
944
945
946
947
948
949
950
952
953
954
956
957
958
959
960
961
962
963
965
966
967
968
969
970
971
973
974
975
976
977
978
979
983
984
986
987
988
989
990
991
992
993
994
995
997
998
1000
1001
1002
1003
1004
1005
1007
1008
1009
1011
1012
1013
1014
1015
1016
1018
1020
1021
1023
1024
1026
1027
1028
1029
1030
1031
1032
1033
1034
1035
1036
1037
1038
1039
1040
1041
1042
1043
1044
1045
1047
1049
1050
1051
1052
1053
1054
1055
1056
1058
1059
1061
1062
1063
1064
1065
1069
1070
1071
1072
1073
1074
1075
1076
1077
1078
1079
1080
1081
1082
1083
1084
1085
1086
1087
1088
1090
1091
1092
1093
1094
1095
1096
1097
1098
1099
1100
1101
1102
1103
1105
1107
1108
1109
1110
1111
1112
1113
1114
1115
1116
1117
1118
1119
1120
1121
1122
1123
1124
1125
1126
1127
1128
1129
1130
1131
1132
1133
1134
1135
1136
1137
1139
1140
1141
1142
1143
1146
1147
1148
1149
1150
1151
1152
1154
1155
1156
1158
1159
1160
1161
1162
1163
1164
1165
1167
1168
1169
1170
1172
1173
1174
1175
1176
1177
1178
1179
1180
1181
1182
1184
1185
1186
1187
1188
1189
1190
1191
1192
1194
1195
1196
1197
1198
1199
1200
1202
1203
1204
1205
1206
1207
1210
1211
1212
1214
1215
1216
1217
1220
1221
1222
1223
1224
1225
1228
1229
1230
1231
1232
1233
1234
1235
1237
1238
1240
1241
1242
1245
1246
1247
1249
1250
1251
1252
1253
1254
1256
1257
1260
1262
1263
1265
1266
1267
1268
1269
1270
1271
1272
1273
1274
1276
1279
1280
1281
1282
1283
1285
1287
1289
1290
1291
1292
1293
1294
1296
1297
1298
1299
1300
1301
1302
1303
1304
1306
1307
1308
1310
1311
1312
1313
1314
1315
1317
1318
1319
1320
1321
1323
1324
1325
1329
1330
1331
1332
1333
1334
1335
1336
1337
1338
1339
1340
1341
1342
1343
1344
1345
1346
1347
1348
1349
1350
1351
1352
1353
1355
1356
1358
1359
1360
1361
1362
1363
1365
1366
1367
1368
1369
1370
1371
1372
1373
1374
1375
1376
1377
1378
1379
1380
1381
1384
1386
1387
1388
1389
1391
1392
1393
1395
1397
1398
1399
1401
1402
1403
1404
1405
1409
1410
1411
1412
1413
1414
1415
1416
1417
1418
1419
1420
1421
1422
1424
1425
1427
1429
1430
1431
1432
1435
1436
1437
1438
1440
1442
1443
1445
1446
1447
1448
1449
1453
1454
1455
1456
1457
1458
1459
1460
1461
1462
1463
1464
1465
1466
1467
1468
1469
1471
1472
1473
1474
1475
1476
1477
1478
1479
1480
1481
1482
1483
1484
1486
1487
1488
1489
1490
1492
1493
1494
1495
1496
1497
1499
1500
1501
1503
1504
1505
1506
1507
1508
1509
1510
1511
1512
1513
1514
1515
1517
1519
1520
1521
1522
1523
1524
1525
1526
1527
1528
1529
1530
1531
1532
1534
1535
1536
1537
1538
1539
1541
1542
1543
1547
1549
1550
1551
1552
1555
1556
1557
1558
1560
1561
1562
1563
1564
1565
1566
1568
1569
1570
1571
1573
1574
1575
1576
1577
1578
1579
1580
1581
1582
1584
1585
1587
1588
1589
1590
1591
1592
1593
1594
1596
1597
1598
1599
1600
1602
1603
1605
1606
1607
1608
1609
1610
1611
1612
1613
1614
1615
1616
1618
1619
1620
1621
1622
1624
1626
1627
1629
1630
1632
1633
1634
1635
1636
1637
1638
1639
1640
1641
1642
1643
1644
1645
1646
1648
1649
1650
1651
1652
1653
1654
1655
1656
1657
1658
1659
1660
1661
1663
1664
1665
1667
1668
1669
1671
1672
1673
1674
1675
1676
1677
1678
1679
1681
1682
1683
1684
1685
1687
1688
1690
1692
1694
1695
1697
1700
1701
1702
1703
1704
1705
1706
1707
1709
1711
1712
1713
1714
1715
1716
1717
1718
1719
1720
1721
1723
1724
1725
1726
1728
1729
1730
1731
1732
1733
1734
1735
1736
1737
1739
1740
1741
1742
1743
1744
1745
1746
1748
1749
1750
1751
1752
1753
1754
1757
1758
1759
1760
1761
1762
1763
1765
1766
1767
1770
1772
1773
1774
1775
1776
1777
1778
1779
1781
1782
1783
1784
1785
1786
1787
1788
1790
1791
1793
1794
1795
1796
1799
1800
1801
1802
1803
1805
1806
1807
1808
1809
1811
1815
1816
1817
1818
1819
1820
1822
1824
1825
1826
1827
1828
1829
1830
1831
1832
1833
1835
1836
1837
1838
1839
1841
1842
1845
1846
1847
1848
1849
1850
1851
1852
1853
1854
1855
1856
1857
1858
1859
1860
1861
1862
1863
1864
1865
1866
1867
1868
1869
1870
1872
1873
1874
1875
1876
1877
1878
1879
1880
1881
1882
1883
1884
1885
1886
1887
1890
1892
1893
1894
1895
1896
1897
1898
1899
1900
1901
1902
1905
1906
1909
1910
1911
1912
1913
1914
1915
1916
1917
1918
1919
1921
1922
1923
1924
1925
1927
1928
1930
1931
1932
1933
1934
1936
1937
1939
1940
1941
1942
1943
1944
1945
1946
1947
1948
1949
1950
1951
1952
1953
1955
1956
1957
1958
1959
1960
1961
1962
1963
1964
1965
1966
1967
1968
1969
1972
1973
1974
1975
1977
1978
1982
1983
1984
1985
1986
1987
1988
1989
1990
1991
1992
1993
1995
1996
1997
1998
1999
2000
2002
2003
2004
2005
2006
2007
2008
2009
2010
2011
2013
2014
2015
2016
2017
2018
2020
2021
2022
2024
2025
2027
2028
2030
2032
2033
2034
2036
2038
2040
2041
2043
2045
2048
2049
2050
2051
2052
2053
2054
2055
2056
2058
2060
2061
2062
2064
2066
2067
2068
2069
2070
2071
2072
2073
2074
2075
2077
2078
2079
2080
2081
2082
2083
2085
2086
2087
2088
2090
2092
2093
2095
2096
2097
2098
2100
2101
2102
2103
2104
2105
2106
2107
2111
2112
2113
2114
2115
2118
2119
2120
2121
2122
2123
2124
2125
2126
2127
2128
2129
2130
2132
2136
2137
2138
2139
2141
2142
2143
2144
2145
2146
2148
2149
2150
2151
2152
2153
2154
2155
2156
2157
2159
2160
2162
2163
2164
2165
2167
2168
2169
2170
2172
2173
2174
2176
2178
2180
2181
2182
2183
2185
2186
2188
2189
2190
2191
2193
2195
2197
2198
2200
2201
2202
2203
2205
2207
2208
2209
2210
2212
2213
2216
2217
2218
2219
2220
2221
2222
2224
2225
2227
2228
2230
2238
2239
2240
2241
2244
2245
2246
2248
2249
2250
2251
2252
2253
2254
2256
2257
2258
2260
2261
2263
2264
2265
2266
2267
2268
2269
2270
2271
2272
2273
2274
2275
2276
2277
2279
2280
2282
2283
2284
2285
2286
2287
2291
2293
2294
2296
2297
2299
2300
2301
2302
2304
2305
2306
2308
2309
2310
2311
2313
2314
2317
2319
2320
2323
2324
2325
2326
2327
2328
2329
2331
2332
2335
2336
2337
2338
2339
2340
2341
2342
2343
2346
2347
2348
2350
2352
2353
2354
2355
2356
2359
2361
2362
2363
2364
2367
2370
2371
2372
2374
2375
2376
2377
2378
2379
2380
2381
2382
2383
2384
2385
2387
2388
2390
2391
2392
2393
2395
2396
2397
2400
2401
2403
2404
2406
2407
2408
2409
2410
2411
2412
2413
2414
2415
2416
2417
2419
2420
2421
2422
2423
2424
2425
2426
2427
2428
2429
2430
2432
2433
2434
2435
2436
2437
2438
2439
2441
2444
2445
2446
2447
2448
2449
2450
2452
2453
2454
2456
2459
2460
2461
2462
2463
2464
2467
2468
2469
2470
2471
2472
2473
2474
2475
2477
2478
2479
2480
2481
2482
2483
2484
2485
2487
2488
2490
2491
2493
2494
2498
2500
2501
2502
2503
2504
2506
2507
2508
2510
2512
2513
2514
2515
2516
2518
2519
2521
2522
2524
2525
2526
2527
2528
2530
2533
2534
2535
2537
2539
2541
2543
2544
2545
2548
2550
2551
2554
2556
2560
2562
2564
2565
2566
2567
2568
2569
2571
2572
2573
2574
2576
2577
2578
2580
2581
2583
2584
2585
2587
2588
2589
2590
2591
2593
2596
2598
2599
2603
2606
2607
2608
2609
2610
2611
2612
2613
2614
2615
2617
2618
2619
2620
2621
2623
2624
2625
2627
2628
2629
2630
2631
2632
2635
2636
2639
2640
2642
2643
2645
2647
2649
2652
2654
2655
2656
2657
2659
2660
2661
2662
2664
2665
2666
2667
2668
2669
2670
2672
2673
2674
2675
2677
2679
2680
2681
2682
2684
2685
2686
2687
2688
2689
2690
2691
2692
2694
2696
2697
2699
2700
2701
2703
2704
2705
2706
2711
2712
2714
2715
2716
2717
2718
2719
2721
2723
2724
2725
2726
2727
2728
2730
2731
2732
2733
2734
2735
2736
2737
2738
2739
2740
2744
2745
2746
2747
2749
2750
2752
2753
2755
2757
2758
2762
2765
2766
2767
2768
2770
2771
2773
2774
2776
2777
2778
2779
2780
2781
2782
2783
2784
2785
2786
2787
2789
2790
2792
2793
2794
2795
2796
2797
2798
2799
2801
2802
2803
2804
2805
2806
2807
2808
2809
2810
2811
2812
2813
2814
2816
2819
2820
2821
2822
2823
2825
2827
2828
2832
2833
2835
2838
2840
2841
2842
2843
2844
2845
2847
2849
2850
2852
2853
2854
2855
2856
2857
2858
2860
2861
2863
2867
2868
2869
2870
2872
2874
2876
2877
2878
2879
2883
2884
2885
2886
2887
2888
2889
2890
2892
2893
2894
2896
2897
2898
2899
2900
2906
2907
2908
2910
2911
2912
2914
2915
2916
2918
2919
2921
2922
2923
2924
2925
2926
2927
2928
2929
2930
2931
2932
2934
2935
2936
2937
2938
2939
2940
2941
2942
2943
2944
2945
2946
2948
2949
2950
2952
2953
2954
2955
2956
2959
2962
2963
2966
2968
2969
2970
2971
2973
2974
2975
2978
2980
2982
2985
2986
2987
2988
2989
2990
2992
2994
2995
2997
2999
3000
3001
3002
3003
3004
3005
3007
3008
3010
3012
3015
3016
3017
3018
3019
3020
3021
3022
3025
3026
3027
3028
3029
3031
3033
3034
3036
3037
3039
3040
3041
3042
3043
3046
3048
3049
3051
3054
3055
3056
3057
3059
3060
3061
3063
3065
3066
3067
3069
3070
3072
3073
3075
3076
3077
3078
3080
3081
3082
3083
3084
3085
3087
3089
3090
3091
3092
3093
3094
3095
3096
3098
3100
3101
3102
3103
3104
3106
3108
3110
3112
3113
3114
3116
3117
3118
3119
3120
3122
3123
3124
3126
3127
3128
3129
3130
3131
3132
3133
3134
3135
3136
3137
3138
3139
3140
3141
3143
3145
3146
3147
3149
3150
3151
3152
3154
3155
3156
3157
3158
3159
3160
3161
3162
3163
3164
3165
3166
3167
3168
3170
3171
3172
3173
3175
3178
3179
3181
3182
3183
3184
3185
3187
3188
3189
3191
3193
3196
3197
3198
3199
3200
3201
3204
3205
3207
3208
3209
3210
3213
3214
3216
3217
3218
3220
3221
3226
3228
3229
3231
3232
3233
3234
3235
3238
3239
3240
3241
3242
3243
3245
3246
3248
3249
3250
3251
3252
3253
3254
3255
3256
3257
3258
3259
3260
3261
3262
3263
3264
3265
3266
3267
3270
3271
3272
3273
3275
3277
3278
3279
3281
3283
3285
3286
3287
3288
3289
3290
3291
3292
3293
3294
3296
3298
3300
3301
3303
3304
3305
3306
3307
3308
3309
3310
3311
3312
3313
3314
3316
3318
3319
3321
3322
3326
3328
3330
3331
3333
3334
3335
3337
3338
3339
3341
3342
3343
3346
3347
3348
3349
3350
3351
3352
3354
3355
3356
3357
3359
3360
3362
3363
3364
3365
3366
3367
3368
3369
3371
3372
3373
3375
3376
3377
3378
3379
3381
3383
3384
3385
3386
3387
3389
3390
3391
3392
3393
3394
3395
3398
3399
3403
3404
3405
3406
3407
3408
3409
3410
3411
3412
3413
3414
3415
3417
3418
3419
3421
3422
3423
3424
3425
3426
3427
3428
3429
3430
3431
3432
3433
3434
3435
3437
3438
3439
3440
3441
3443
3444
3445
3446
3448
3449
3452
3454
3455
3457
3460
3461
3462
3463
3465
3466
3468
3470
3472
3473
3476
3477
3478
3479
3480
3481
3482
3483
3484
3487
3489
3491
3492
3493
3494
3495
3496
3497
3498
3501
3503
3504
3506
3508
3510
3512
3516
3517
3520
3521
3523
3524
3526
3527
3528
3529
3530
3531
3533
3535
3536
3537
3538
3539
3540
3541
3542
3545
3546
3548
3549
3550
3551
3552
3553
3554
3555
3556
3557
3558
3561
3562
3563
3564
3565
3566
3567
3569
3574
3578
3579
3581
3582
3583
3585
3587
3589
3590
3591
3592
3593
3594
3596
3598
3599
3600
3601
3602
3605
3606
3607
3608
3611
3612
3613
3614
3616
3617
3619
3621
3624
3625
3627
3629
3630
3632
3633
3635
3637
3638
3639
3641
3643
3644
3645
3647
3649
3650
3651
3652
3654
3656
3658
3660
3662
3664
3665
3667
3668
3669
3671
3672
3674
3678
3680
3681
3683
3684
3685
3686
3687
3688
3689
3690
3691
3692
3693
3694
3695
3696
3697
3698
3700
3701
3702
3703
3704
3705
3706
3707
3709
3711
3714
3717
3719
3720
3721
3722
3723
3725
3726
3727
3728
3729
3730
3731
3732
3735
3736
3738
3739
3740
3742
3743
3744
3745
3746
3748
3749
3751
3753
3754
3756
3757
3758
3759
3760
3761
3762
3763
3766
3767
3769
3770
3771
3772
3774
3776
3779
3780
3783
3784
3785
3786
3787
3788
3790
3791
3793
3795
3796
3797
3800
3802
3805
3806
3807
3808
3810
3811
3812
3815
3817
3818
3819
3820
3821
3822
3825
3828
3829
3830
3831
3832
3834
3835
3837
3838
3839
3840
3841
3842
3843
3844
3845
3846
3847
3848
3849
3850
3851
3852
3853
3854
3855
3856
3859
3861
3862
3863
3865
3866
3867
3868
3871
3872
3873
3874
3876
3877
3878
3880
3881
3882
3883
3884
3885
3886
3887
3889
3890
3891
3892
3893
3894
3896
3897
3900
3901
3903
3906
3908
3909
3910
3911
3912
3914
3915
3919
3920
3921
3922
3923
3924
3925
3926
3927
3928
3930
3931
3933
3934
3936
3937
3939
3940
3941
3942
3944
3945
3946
3947
3948
3949
3950
3951
3952
3953
3955
3958
3959
3960
3961
3962
3966
3968
3969
3970
3971
3972
3973
3974
3975
3976
3977
3978
3979
3980
3981
3982
3983
3984
3985
3986
3987
3988
3990
3991
3992
3994
3999
4000
4002
4003
4004
4008
4009
4011
4013
4014
4016
4017
4018
4019
4020
4021
4022
4024
4025
4026
4027
4030
4031
4032
4034
4036
4038
4039
4040
4041
4044
4045
4046
4050
4051
4052
4056
4057
4058
4059
4060
4062
4063
4064
4065
4067
4069
4072
4074
4075
4076
4078
4079
4081
4082
4085
4086
4087
4091
4092
4093
4094
4099
4101
4103
4104
4107
4108
4110
4111
4113
4114
4115
4116
4118
4119
4120
4121
4122
4123
4124
4126
4127
4128
4130
4131
4132
4133
4134
4135
4137
4139
4141
4142
4143
4144
4145
4146
4147
4148
4149
4152
4154
4155
4157
4158
4160
4161
4162
4168
4171
4172
4176
4177
4179
4180
4182
4183
4184
4185
4187
4188
4190
4191
4193
4194
4195
4196
4197
4198
4201
4203
4204
4205
4207
4211
4212
4215
4217
4218
4220
4221
4222
4223
4225
4226
4227
4228
4229
4230
4231
4233
4236
4237
4238
4239
4240
4241
4243
4244
4245
4246
4247
4248
4249
4250
4251
4253
4254
4256
4258
4259
4260
4261
4262
4263
4264
4265
4266
4268
4269
4270
4271
4272
4274
4275
4276
4278
4279
4280
4281
4282
4284
4285
4286
4287
4288
4289
4290
4295
4296
4297
4298
4300
4302
4303
4305
4308
4311
4312
4313
4314
4316
4317
4318
4319
4320
4321
4322
4323
4324
4325
4329
4330
4331
4332
4335
4336
4337
4340
4342
4343
4344
4345
4346
4347
4349
4350
4351
4354
4357
4360
4361
4362
4363
4366
4367
4368
4370
4371
4374
4377
4378
4379
4382
4384
4385
4388
4389
4390
4392
4396
4398
4399
4400
4401
4402
4403
4405
4406
4407
4410
4411
4412
4413
4414
4416
4418
4419
4420
4421
4422
4423
4426
4427
4428
4429
4431
4434
4435
4436
4437
4438
4439
4441
4442
4443
4445
4446
4448
4449
4450
4453
4454
4457
4458
4459
4460
4462
4463
4465
4467
4471
4473
4475
4476
4477
4478
4479
4480
4482
4483
4484
4485
4486
4487
4488
4489
4490
4491
4492
4493
4494
4495
4496
4498
4499
4500
4501
4503
4504
4505
4507
4509
4510
4511
4512
4516
4517
4518
4519
4520
4521
4522
4524
4527
4530
4531
4532
4533
4534
4535
4537
4538
4540
4541
4544
4545
4549
4553
4554
4558
4559
4561
4564
4565
4566
4568
4570
4571
4572
4573
4574
4577
4578
4580
4581
4582
4583
4585
4586
4588
4589
4591
4592
4593
4596
4598
4599
4600
4601
4603
4605
4608
4609
4611
4613
4614
4615
4616
4617
4619
4620
4621
4622
4623
4625
4626
4627
4628
4629
4631
4633
4634
4636
4637
4638
4640
4641
4643
4644
4645
4646
4647
4648
4650
4652
4654
4656
4657
4658
4659
4662
4663
4664
4666
4667
4668
4669
4671
4672
4673
4675
4676
4677
4678
4680
4682
4683
4686
4688
4689
4692
4693
4694
4695
4697
4699
4700
4703
4704
4706
4707
4709
4711
4712
4713
4714
4715
4716
4717
4718
4719
4720
4722
4724
4726
4727
4728
4730
4733
4734
4736
4737
4738
4739
4740
4741
4743
4744
4745
4746
4747
4748
4751
4752
4753
4754
4755
4756
4759
4760
4763
4764
4765
4766
4767
4768
4769
4771
4772
4774
4775
4776
4778
4780
4781
4785
4787
4788
4791
4792
4794
4795
4796
4797
4798
4802
4803
4805
4806
4807
4808
4809
4812
4813
4814
4815
4816
4818
4819
4820
4822
4825
4826
4827
4828
4829
4830
4831
4832
4834
4835
4837
4839
4841
4842
4843
4844
4845
4846
4848
4849
4853
4854
4855
4856
4862
4863
4864
4865
4867
4868
4869
4872
4873
4874
4878
4879
4880
4882
4883
4886
4887
4889
4890
4892
4893
4895
4896
4897
4900
4901
4903
4904
4905
4908
4909
4910
4911
4914
4915
4916
4917
4922
4923
4924
4925
4926
4928
4929
4931
4932
4933
4935
4936
4937
4938
4939
4940
4941
4942
4943
4944
4946
4948
4951
4953
4955
4957
4958
4959
4960
4961
4963
4965
4968
4969
4972
4977
4979
4982
4984
4985
4987
4990
4991
4992
4993
4994
4995
4997
4998
5000
5001
5002
5003
5004
5005
5006
5007
5008
5009
5010
5011
5012
5016
5017
5019
5020
5021
5022
5023
5024
5025
5027
5029
5030
5033
5035
5036
5038
5041
5042
5043
5044
5045
5046
5048
5049
5050
5052
5053
5054
5055
5058
5059
5061
5064
5066
5068
5071
5072
5074
5075
5076
5080
5082
5085
5086
5089
5091
5093
5095
5098
5099
5100
5101
5103
5106
5107
5109
5110
5111
5112
5114
5115
5116
5117
5120
5123
5124
5125
5126
5127
5128
5130
5131
5135
5136
5137
5138
5139
5141
5142
5144
5145
5146
5147
5148
5155
5157
5158
5159
5162
5163
5165
5166
5167
5168
5169
5170
5175
5176
5177
5178
5181
5183
5184
5185
5186
5187
5189
5190
5191
5193
5197
5198
5199
5202
5203
5204
5205
5206
5207
5208
5209
5211
5213
5214
5215
5218
5220
5221
5222
5223
5225
5227
5230
5232
5233
5234
5235
5239
5240
5241
5242
5244
5245
5248
5249
5250
5251
5252
5254
5255
5256
5257
5258
5260
5262
5263
5264
5265
5266
5269
5270
5271
5272
5274
5275
5276
5277
5278
5279
5282
5284
5285
5288
5290
5292
5293
5295
5296
5297
5298
5299
5300
5301
5302
5304
5305
5306
5307
5308
5309
5310
5311
5312
5313
5316
5322
5323
5325
5326
5327
5328
5330
5331
5333
5334
5335
5337
5338
5339
5342
5344
5347
5349
5350
5351
5353
5355
5356
5358
5359
5362
5363
5364
5366
5368
5369
5371
5372
5373
5375
5379
5380
5381
5382
5383
5386
5387
5390
5392
5394
5395
5396
5397
5398
5400
5403
5404
5405
5409
5411
5412
5413
5415
5416
5419
5420
5421
5424
5426
5428
5429
5430
5431
5434
5435
5437
5440
5443
5444
5445
5450
5451
5452
5456
5457
5458
5459
5461
5464
5465
5467
5468
5470
5472
5473
5475
5476
5477
5479
5480
5481
5482
5483
5485
5486
5487
5488
5489
5491
5492
5493
5496
5497
5499
5501
5503
5504
5505
5506
5508
5510
5512
5515
5516
5517
5519
5520
5522
5523
5524
5525
5526
5527
5529
5530
5533
5534
5535
5536
5537
5538
5539
5540
5542
5543
5545
5546
5547
5548
5549
5552
5553
5555
5556
5557
5558
5559
5561
5562
5565
5566
5567
5569
5570
5573
5576
5577
5579
5580
5582
5583
5584
5586
5588
5589
5590
5591
5593
5598
5599
5600
5601
5602
5604
5605
5607
5609
5610
5611
5612
5614
5615
5616
5617
5619
5620
5621
5622
5623
5624
5625
5626
5627
5628
5633
5636
5637
5638
5639
5640
5641
5643
5644
5645
5646
5648
5649
5650
5651
5652
5653
5654
5655
5656
5657
5658
5660
5662
5663
5664
5665
5666
5668
5669
5670
5671
5672
5675
5676
5677
5679
5683
5685
5686
5687
5688
5689
5690
5691
5692
5693
5694
5695
5696
5699
5700
5701
5702
5707
5708
5709
5710
5711
5712
5713
5714
5717
5718
5719
5721
5723
5724
5726
5729
5730
5733
5737
5739
5740
5741
5742
5743
5744
5745
5746
5748
5749
5750
5752
5754
5755
5757
5760
5761
5763
5764
5765
5766
5767
5768
5769
5770
5771
5772
5774
5775
5776
5777
5779
5780
5781
5782
5785
5786
5787
5788
5790
5791
5792
5795
5796
5798
5799
5800
5802
5803
5804
5805
5807
5810
5811
5813
5815
5819
5820
5821
5822
5823
5827
5828
5829
5830
5831
5832
5833
5834
5836
5837
5838
5840
5841
5842
5843
5847
5848
5849
5851
5852
5853
5855
5857
5858
5859
5862
5863
5864
5865
5866
5867
5868
5871
5873
5880
5881
5883
5886
5887
5888
5889
5890
5891
5893
5896
5897
5899
5904
5905
5906
5908
5910
5912
5916
5918
5922
5926
5927
5930
5931
5934
5936
5937
5938
5942
5943
5944
5946
5947
5948
5949
5950
5952
5956
5961
5963
5967
5969
5970
5972
5974
5975
5976
5977
5978
5979
5980
5981
5984
5985
5986
5987
5989
5990
5991
5994
5997
5999
6001
6002
6004
6005
6006
6008
6009
6010
6012
6013
6014
6016
6018
6019
6021
6022
6023
6025
6026
6027
6028
6029
6032
6033
6036
6038
6040
6042
6044
6045
6049
6050
6051
6052
6053
6054
6058
6059
6065
6066
6069
6070
6072
6073
6076
6077
6078
6079
6081
6083
6084
6088
6089
6091
6092
6093
6094
6095
6097
6098
6099
6102
6105
6108
6109
6113
6115
6116
6118
6119
6122
6123
6124
6125
6126
6127
6128
6130
6131
6132
6133
6135
6136
6138
6139
6140
6144
6145
6146
6147
6148
6149
6151
6154
6155
6156
6157
6159
6161
6162
6164
6165
6168
6169
6170
6171
6172
6174
6176
6177
6178
6181
6185
6188
6190
6191
6193
6194
6196
6197
6200
6202
6203
6206
6207
6208
6209
6210
6212
6215
6216
6217
6219
6220
6222
6223
6226
6230
6233
6234
6236
6237
6238
6239
6240
6241
6243
6244
6245
6247
6248
6249
6250
6252
6254
6255
6259
6261
6264
6265
6267
6269
6271
6272
6275
6276
6277
6278
6280
6282
6283
6284
6285
6286
6290
6291
6292
6293
6295
6296
6297
6299
6301
6303
6304
6305
6306
6308
6309
6310
6311
6315
6319
6321
6323
6324
6325
6326
6328
6329
6331
6334
6335
6337
6339
6340
6342
6344
6347
6349
6350
6351
6352
6355
6357
6358
6359
6362
6363
6364
6366
6368
6371
6372
6375
6376
6377
6379
6380
6381
6384
6385
6386
6388
6392
6393
6395
6396
6397
6398
6402
6405
6406
6407
6408
6412
6413
6414
6419
6422
6423
6424
6426
6427
6428
6429
6430
6433
6434
6436
6437
6438
6439
6440
6441
6445
6447
6450
6451
6452
6454
6457
6459
6460
6461
6464
6465
6467
6468
6469
6470
6471
6476
6478
6480
6481
6484
6485
6486
6487
6489
6493
6495
6496
6498
6500
6502
6504
6505
6509
6512
6513
6514
6515
6517
6519
6521
6524
6527
6529
6530
6531
6532
6533
6534
6535
6537
6538
6540
6541
6543
6544
6546
6547
6548
6551
6552
6553
6554
6555
6556
6558
6559
6560
6562
6565
6566
6568
6569
6572
6573
6576
6577
6579
6582
6583
6584
6585
6586
6587
6588
6589
6590
6591
6592
6594
6595
6598
6601
6602
6604
6605
6608
6609
6610
6613
6616
6617
6620
6623
6624
6625
6627
6628
6629
6633
6635
6638
6639
6642
6643
6644
6645
6646
6647
6648
6649
6651
6652
6654
6655
6657
6659
6660
6661
6662
6663
6664
6666
6667
6668
6670
6672
6673
6675
6679
6681
6682
6683
6685
6686
6687
6691
6693
6695
6696
6697
6701
6702
6703
6704
6705
6706
6707
6708
6711
6712
6713
6716
6718
6719
6720
6721
6722
6723
6724
6726
6727
6728
6729
6730
6731
6733
6737
6738
6739
6740
6741
6743
6747
6749
6752
6753
6754
6755
6756
6757
6758
6759
6760
6761
6762
6763
6765
6767
6769
6770
6771
6772
6773
6774
6775
6776
6777
6778
6781
6782
6783
6785
6786
6787
6788
6789
6790
6792
6795
6797
6798
6801
6802
6803
6804
6805
6808
6809
6810
6811
6813
6814
6815
6816
6817
6819
6821
6822
6823
6825
6826
6828
6830
6832
6835
6836
6837
6838
6839
6841
6842
6844
6845
6846
6849
6850
6851
6852
6853
6855
6857
6861
6862
6863
6864
6865
6866
6867
6869
6871
6872
6874
6876
6879
6880
6882
6884
6885
6887
6888
6891
6894
6896
6898
6899
6902
6903
6907
6908
6909
6910
6911
6912
6914
6915
6916
6918
6919
6920
6921
6922
6923
6924
6925
6927
6928
6929
6930
6931
6932
6934
6935
6937
6938
6939
6940
6941
6944
6945
6946
6950
6951
6952
6953
6954
6955
6957
6959
6961
6963
6966
6967
6968
6969
6972
6973
6974
6975
6976
6978
6979
6981
6982
6984
6986
6993
6995
6996
6997
6998
7001
7002
7006
7008
7009
7010
7012
7013
7014
7015
7017
7019
7022
7023
7024
7025
7027
7028
7029
7032
7034
7035
7036
7037
7038
7039
7040
7042
7043
7044
7046
7049
7050
7052
7053
7054
7055
7058
7061
7063
7064
7065
7066
7069
7070
7071
7072
7073
7075
7077
7079
7082
7083
7084
7085
7086
7087
7089
7090
7091
7093
7094
7096
7099
7100
7101
7102
7105
7106
7107
7112
7117
7119
7123
7124
7125
7128
7130
7132
7133
7134
7135
7136
7137
7138
7139
7143
7145
7146
7147
7148
7149
7151
7154
7155
7157
7160
7162
7166
7167
7168
7170
7171
7172
7174
7175
7177
7178
7179
7180
7183
7184
7186
7190
7192
7193
7194
7196
7197
7199
7201
7203
7205
7206
7209
7211
7212
7214
7215
7216
7217
7218
7219
7220
7221
7222
7225
7228
7230
7231
7232
7236
7240
7241
7244
7246
7247
7248
7249
7250
7252
7253
7254
7255
7256
7259
7261
7262
7263
7264
7265
7266
7268
7269
7270
7271
7272
7274
7276
7279
7281
7282
7283
7284
7286
7287
7288
7289
7290
7291
7292
7294
7295
7297
7298
7299
7301
7303
7304
7305
7306
7308
7310
7312
7313
7314
7319
7321
7323
7324
7326
7327
7329
7332
7337
7338
7339
7340
7341
7343
7347
7348
7350
7351
7354
7355
7357
7359
7361
7363
7364
7369
7370
7373
7375
7376
7377
7378
7379
7380
7381
7382
7385
7388
7390
7391
7394
7399
7400
7401
7402
7403
7404
7405
7406
7407
7409
7410
7411
7412
7414
7416
7417
7418
7420
7421
7422
7424
7425
7428
7431
7433
7434
7437
7441
7442
7443
7444
7445
7446
7448
7449
7455
7457
7459
7460
7462
7464
7465
7466
7467
7468
7469
7471
7473
7474
7475
7477
7478
7479
7481
7482
7483
7484
7485
7487
7488
7490
7491
7493
7496
7497
7498
7500
7503
7504
7506
7507
7509
7511
7512
7513
7514
7516
7517
7519
7521
7522
7523
7525
7526
7530
7531
7532
7538
7539
7540
7541
7542
7543
7546
7548
7553
7556
7557
7558
7559
7560
7563
7564
7565
7566
7567
7570
7571
7572
7575
7576
7577
7578
7579
7585
7586
7587
7589
7595
7596
7598
7600
7602
7604
7606
7607
7608
7610
7611
7612
7614
7615
7616
7622
7623
7625
7626
7627
7628
7629
7632
7637
7638
7640
7646
7647
7649
7653
7655
7656
7658
7661
7662
7664
7671
7673
7674
7675
7676
7678
7679
7680
7681
7682
7683
7684
7686
7687
7690
7691
7693
7695
7697
7698
7699
7702
7703
7704
7706
7707
7708
7709
7710
7711
7712
7714
7716
7718
7720
7722
7725
7726
7728
7729
7730
7731
7733
7735
7737
7739
7741
7742
7743
7745
7746
7748
7749
7751
7752
7754
7755
7756
7757
7760
7761
7762
7766
7767
7768
7770
7771
7772
7774
7775
7777
7778
7779
7780
7781
7783
7784
7785
7786
7787
7789
7790
7792
7794
7795
7797
7798
7799
7800
7801
7802
7806
7807
7811
7812
7813
7814
7816
7820
7821
7822
7823
7824
7826
7828
7831
7834
7836
7837
7838
7839
7840
7842
7845
7849
7850
7851
7852
7853
7854
7855
7856
7857
7858
7859
7860
7861
7862
7863
7865
7866
7868
7870
7872
7873
7876
7877
7880
7881
7882
7886
7887
7888
7889
7890
7891
7892
7897
7899
7901
7902
7904
7906
7907
7909
7910
7911
7912
7916
7919
7920
7923
7924
7925
7933
7934
7936
7937
7940
7941
7942
7943
7945
7946
7947
7949
7950
7951
7952
7953
7954
7956
7958
7960
7962
7963
7964
7966
7967
7968
7969
7970
7971
7973
7975
7976
7977
7978
7979
7981
7982
7983
7984
7985
7987
7988
7989
7990
7992
7993
7995
7996
7999
8002
8003
8004
8006
8007
8008
8011
8012
8013
8014
8016
8017
8023
8024
8025
8027
8028
8029
8030
8031
8033
8034
8035
8036
8037
8038
8039
8040
8041
8042
8045
8046
8048
8049
8051
8052
8053
8055
8056
8059
8060
8061
8063
8065
8066
8071
8072
8073
8078
8082
8084
8085
8086
8088
8089
8090
8093
8094
8095
8098
8104
8105
8106
8107
8108
8109
8110
8111
8112
8113
8115
8116
8120
8121
8123
8125
8126
8127
8128
8129
8130
8131
8135
8138
8141
8142
8145
8146
8147
8148
8149
8151
8153
8155
8159
8160
8162
8163
8166
8167
8168
8169
8170
8171
8172
8173
8174
8175
8176
8177
8180
8182
8183
8185
8186
8187
8188
8189
8193
8194
8198
8199
8200
8201
8205
8206
8207
8210
8211
8212
8213
8217
8220
8221
8224
8225
8226
8227
8229
8231
8232
8234
8239
8241
8245
8246
8249
8251
8252
8253
8256
8257
8258
8259
8260
8261
8263
8264
8265
8266
8267
8270
8273
8276
8277
8278
8279
8280
8281
8282
8284
8285
8286
8287
8290
8294
8295
8296
8299
8300
8303
8304
8305
8307
8310
8311
8312
8313
8314
8315
8316
8317
8318
8319
8321
8322
8325
8327
8328
8329
8330
8335
8336
8338
8339
8340
8341
8343
8344
8345
8346
8347
8350
8353
8354
8356
8357
8359
8362
8364
8365
8366
8368
8370
8371
8372
8373
8374
8376
8379
8380
8381
8382
8386
8388
8391
8392
8394
8395
8397
8398
8403
8405
8406
8408
8411
8412
8413
8415
8416
8420
8422
8423
8424
8425
8426
8427
8429
8430
8432
8433
8434
8436
8437
8438
8440
8441
8444
8445
8446
8447
8448
8450
8451
8452
8453
8454
8455
8457
8458
8459
8460
8462
8463
8464
8468
8469
8470
8471
8473
8474
8475
8477
8478
8480
8482
8483
8485
8489
8491
8493
8494
8495
8498
8499
8500
8501
8502
8503
8505
8506
8507
8509
8511
8513
8514
8515
8521
8522
8523
8527
8528
8531
8535
8536
8538
8541
8542
8544
8545
8546
8547
8549
8550
8551
8552
8553
8554
8556
8557
8564
8565
8567
8568
8569
8570
8573
8574
8575
8577
8579
8580
8584
8585
8590
8592
8593
8595
8596
8597
8598
8599
8600
8601
8602
8603
8604
8605
8606
8608
8609
8610
8613
8615
8618
8621
8622
8626
8627
8628
8629
8630
8631
8633
8635
8640
8641
8642
8643
8644
8645
8647
8648
8649
8651
8652
8653
8654
8655
8656
8658
8660
8661
8664
8665
8666
8668
8669
8670
8671
8673
8674
8675
8676
8677
8679
8680
8682
8683
8684
8686
8691
8692
8695
8696
8697
8698
8699
8700
8703
8704
8705
8706
8708
8709
8711
8713
8715
8717
8718
8719
8720
8722
8725
8728
8729
8731
8732
8733
8735
8736
8737
8741
8745
8746
8747
8748
8749
8750
8751
8752
8753
8755
8756
8759
8760
8761
8765
8766
8767
8769
8770
8771
8774
8775
8776
8777
8778
8780
8781
8784
8785
8788
8789
8791
8792
8793
8794
8795
8798
8800
8801
8804
8806
8807
8809
8811
8813
8814
8815
8817
8818
8819
8820
8821
8823
8826
8828
8830
8831
8832
8833
8835
8836
8837
8841
8844
8845
8847
8848
8849
8851
8852
8853
8856
8858
8859
8860
8862
8865
8866
8867
8869
8870
8872
8873
8876
8877
8878
8881
8883
8885
8886
8887
8889
8891
8892
8893
8894
8895
8896
8900
8904
8906
8907
8909
8910
8913
8914
8915
8916
8919
8922
8923
8926
8930
8932
8933
8935
8938
8940
8942
8943
8944
8947
8948
8949
8952
8953
8954
8957
8958
8960
8962
8964
8968
8969
8970
8971
8973
8974
8975
8978
8979
8983
8985
8987
8988
8990
8991
8993
8994
8995
8996
8999
9001
9004
9005
9006
9007
9009
9011
9014
9015
9016
9019
9021
9022
9023
9026
9027
9029
9033
9034
9036
9037
9042
9043
9044
9048
9052
9055
9057
9058
9059
9063
9064
9065
9066
9067
9069
9071
9072
9073
9074
9077
9079
9080
9081
9082
9085
9086
9087
9088
9089
9090
9091
9094
9096
9099
9104
9106
9108
9109
9111
9112
9114
9115
9117
9118
9119
9120
9121
9124
9125
9126
9127
9128
9129
9130
9131
9133
9134
9135
9136
9137
9139
9141
9142
9144
9145
9148
9149
9150
9151
9154
9155
9156
9157
9158
9160
9162
9164
9166
9167
9170
9173
9175
9176
9177
9179
9180
9183
9184
9185
9186
9189
9190
9191
9192
9193
9194
9197
9198
9201
9202
9203
9210
9211
9213
9214
9218
9221
9222
9223
9224
9225
9226
9228
9234
9236
9237
9239
9240
9241
9243
9244
9245
9247
9250
9251
9252
9253
9254
9255
9256
9257
9267
9270
9271
9272
9273
9274
9275
9276
9278
9279
9282
9283
9285
9286
9287
9289
9290
9292
9293
9294
9295
9296
9298
9299
9300
9303
9305
9307
9308
9309
9311
9313
9314
9315
9316
9317
9318
9319
9320
9322
9324
9325
9327
9329
9330
9331
9333
9334
9336
9337
9339
9341
9342
9343
9344
9349
9350
9354
9355
9356
9357
9362
9363
9364
9368
9374
9376
9378
9379
9380
9382
9383
9387
9389
9390
9391
9392
9393
9394
9395
9396
9400
9403
9407
9410
9411
9412
9414
9416
9417
9418
9419
9420
9421
9423
9425
9428
9429
9430
9431
9432
9433
9434
9435
9437
9442
9446
9447
9448
9449
9450
9452
9453
9454
9459
9460
9462
9463
9464
9465
9467
9470
9471
9472
9474
9475
9477
9481
9482
9483
9484
9485
9486
9487
9489
9490
9492
9494
9495
9496
9497
9498
9499
9500
9501
9503
9507
9508
9509
9510
9511
9512
9513
9518
9519
9520
9521
9522
9529
9530
9532
9534
9536
9537
9539
9540
9542
9544
9546
9547
9548
9549
9551
9552
9555
9557
9560
9562
9565
9566
9567
9569
9572
9575
9582
9583
9584
9585
9586
9587
9588
9589
9590
9592
9593
9597
9603
9605
9606
9611
9612
9613
9618
9619
9620
9621
9625
9627
9629
9630
9632
9634
9635
9637
9642
9645
9646
9649
9650
9652
9654
9656
9658
9660
9662
9663
9664
9666
9668
9669
9671
9675
9677
9679
9680
9681
9683
9686
9688
9689
9690
9691
9692
9693
9694
9695
9696
9700
9701
9702
9703
9704
9705
9707
9709
9710
9711
9718
9720
9721
9723
9724
9726
9728
9729
9731
9733
9734
9735
9736
9738
9740
9741
9742
9744
9745
9748
9750
9751
9752
9755
9756
9759
9760
9761
9765
9767
9768
9771
9772
9773
9774
9775
9777
9778
9779
9780
9784
9785
9787
9788
9789
9790
9792
9793
9794
9795
9798
9801
9802
9803
9805
9806
9807
9808
9809
9810
9812
9814
9815
9816
9817
9819
9820
9821
9824
9825
9826
9829
9830
9831
9832
9833
9834
9835
9836
9838
9842
9848
9850
9851
9853
9855
9856
9857
9860
9861
9864
9865
9866
9867
9873
9876
9878
9881
9882
9884
9885
9886
9887
9889
9891
9892
9893
9894
9895
9896
9897
9898
9901
9904
9905
9906
9908
9911
9913
9914
9917
9918
9919
9920
9924
9926
9931
9934
9935
9936
9940
9942
9945
9946
9947
9949
9951
9952
9954
9956
9958
9959
9960
9961
9962
9963
9964
9965
9966
9967
9968
9970
9971
9972
9974
9975
9976
9977
9979
9980
9981
9982
9983
9984
9985
9986
9989
9990
9991
9994
9995
10000
10001
10004
10006
10007
10008
10009
10010
10011
10012
10017
10018
10022
10023
10024
10026
10028
10029
10030
10031
10032
10034
10039
10041
10042
10048
10049
10054
10057
10058
10061
10063
10066
10067
10068
10070
10072
10073
10074
10077
10078
10080
10082
10083
10084
10085
10088
10089
10091
10098
10099
10101
10106
10107
10110
10112
10113
10114
10115
10118
10124
10125
10126
10127
10130
10134
10135
10136
10138
10140
10141
10143
10146
10147
10148
10151
10155
10156
10158
10159
10161
10163
10164
10168
10170
10173
10174
10175
10178
10180
10185
10186
10187
10188
10191
10195
10196
10197
10198
10199
10200
10204
10207
10212
10214
10215
10219
10223
10224
10226
10227
10230
10232
10234
10235
10238
10240
10242
10244
10245
10246
10247
10250
10251
10252
10253
10254
10255
10258
10259
10262
10264
10265
10266
10267
10268
10269
10270
10271
10272
10273
10275
10276
10277
10279
10281
10282
10283
10284
10285
10288
10291
10292
10293
10294
10295
10296
10298
10300
10302
10303
10304
10306
10308
10309
10310
10315
10316
10317
10319
10320
10321
10322
10323
10324
10326
10328
10331
10334
10335
10337
10338
10339
10341
10342
10348
10349
10350
10351
10352
10354
10355
10357
10358
10360
10361
10362
10369
10374
10375
10378
10380
10381
10383
10386
10387
10388
10392
10393
10394
10396
10397
10400
10402
10406
10408
10412
10413
10414
10415
10416
10420
10423
10424
10430
10431
10432
10434
10435
10438
10440
10441
10444
10446
10449
10450
10451
10452
10453
10454
10455
10456
10457
10459
10463
10464
10466
10468
10469
10471
10472
10475
10476
10477
10479
10480
10482
10485
10486
10487
10488
10491
10492
10494
10496
10497
10498
10500
10502
10504
10505
10506
10507
10509
10510
10511
10512
10514
10515
10517
10519
10520
10521
10523
10524
10525
10526
10530
10531
10533
10535
10542
10544
10545
10546
10548
10549
10550
10552
10553
10555
10557
10560
10561
10562
10563
10565
10566
10567
10568
10570
10572
10573
10576
10577
10578
10580
10581
10582
10584
10585
10587
10588
10591
10592
10593
10594
10596
10597
10599
10601
10602
10603
10604
10605
10606
10607
10611
10612
10613
10615
10618
10619
10620
10621
10622
10623
10627
10628
10635
10636
10637
10641
10645
10646
10650
10652
10653
10654
10655
10657
10658
10659
10660
10661
10665
10667
10668
10672
10673
10674
10677
10680
10681
10684
10685
10687
10689
10690
10692
10693
10694
10695
10696
10698
10701
10702
10704
10706
10707
10709
10713
10715
10717
10718
10719
10720
10721
10723
10724
10728
10729
10732
10733
10734
10735
10740
10742
10743
10744
10745
10746
10747
10748
10751
10755
10756
10758
10761
10762
10767
10769
10770
10771
10772
10773
10774
10775
10776
10777
10778
10779
10780
10782
10783
10785
10787
10788
10793
10795
10796
10797
10798
10799
10801
10802
10805
10806
10807
10808
10809
10810
10812
10815
10816
10819
10820
10822
10823
10824
10826
10828
10831
10833
10834
10836
10837
10838
10839
10840
10842
10843
10844
10846
10847
10850
10851
10854
10855
10856
10858
10859
10860
10861
10862
10864
10865
10866
10867
10868
10869
10875
10876
10878
10879
10880
10881
10882
10886
10887
10888
10891
10895
10897
10900
10901
10902
10905
10908
10909
10911
10913
10915
10916
10917
10919
10920
10921
10922
10923
10924
10925
10926
10927
10935
10936
10938
10940
10942
10943
10944
10946
10948
10950
10951
10953
10955
10956
10960
10962
10963
10964
10965
10967
10968
10970
10971
10973
10974
10975
10976
10978
10980
10981
10982
10984
10987
10990
10993
10994
10997
11000
11001
11002
11004
11007
11012
11013
11016
11017
11020
11023
11030
11031
11032
11035
11037
11038
11039
11041
11042
11044
11045
11046
11047
11048
11050
11051
11052
11054
11055
11056
11058
11059
11060
11062
11064
11066
11067
11074
11075
11076
11078
11079
11081
11083
11086
11087
11088
11089
11093
11094
11095
11097
11098
11099
11100
11101
11102
11104
11105
11107
11108
11109
11110
11111
11112
11113
11114
11116
11117
11121
11122
11127
11129
11130
11131
11133
11134
11136
11137
11140
11141
11144
11148
11153
11156
11158
11159
11160
11162
11163
11164
11165
11167
11169
11170
11171
11174
11176
11178
11179
11181
11182
11183
11184
11185
11186
11187
11188
11190
11191
11192
11194
11198
11200
11201
11202
11203
11204
11208
11209
11211
11213
11214
11215
11216
11218
11220
11221
11222
11223
11226
11228
11229
11232
11234
11236
11237
11239
11240
11242
11243
11244
11245
11247
11249
11250
11251
11252
11253
11256
11259
11260
11261
11263
11264
11266
11267
11268
11272
11276
11278
11279
11284
11285
11287
11290
11291
11292
11293
11294
11295
11296
11297
11298
11299
11300
11302
11303
11307
11308
11313
11317
11320
11321
11326
11327
11331
11333
11334
11338
11340
11341
11343
11344
11345
11346
11348
11350
11351
11352
11358
11359
11363
11364
11366
11367
11368
11369
11371
11372
11373
11374
11375
11376
11377
11379
11383
11385
11386
11387
11390
11392
11395
11396
11397
11400
11401
11405
11406
11409
11412
11413
11414
11416
11418
11419
11422
11423
11424
11425
11426
11427
11428
11429
11430
11433
11434
11435
11436
11437
11438
11442
11443
11445
11446
11449
11450
11451
11453
11454
11455
11457
11458
11459
11461
11464
11465
11466
11468
11469
11470
11471
11473
11474
11475
11476
11477
11479
11480
11482
11483
11486
11487
11489
11491
11492
11493
11494
11495
11496
11497
11499
11500
11502
11504
11505
11507
11508
11510
11511
11513
11514
11515
11516
11519
11520
11521
11522
11523
11526
11532
11535
11537
11538
11539
11540
11548
11549
11550
11551
11552
11553
11554
11555
11556
11558
11560
11561
11562
11563
11565
11566
11567
11568
11574
11575
11576
11577
11578
11579
11580
11581
11582
11585
11586
11587
11588
11589
11590
11591
11594
11595
11596
11598
11599
11601
11602
11604
11605
11607
11610
11611
11613
11615
11616
11618
11619
11623
11625
11626
11627
11628
11629
11631
11632
11633
11635
11636
11639
11642
11643
11645
11646
11647
11649
11651
11652
11654
11655
11657
11658
11659
11660
11665
11666
11668
11669
11670
11672
11673
11674
11675
11676
11677
11678
11679
11680
11682
11683
11685
11686
11687
11689
11691
11692
11695
11698
11699
11702
11703
11704
11705
11706
11707
11708
11713
11715
11721
11722
11724
11725
11726
11727
11728
11731
11732
11733
11734
11735
11736
11737
11738
11744
11745
11752
11753
11756
11757
11758
11759
11763
11765
11766
11769
11770
11772
11773
11774
11775
11778
11779
11782
11785
11788
11789
11790
11791
11792
11793
11794
11797
11799
11802
11807
11809
11810
11811
11813
11814
11816
11821
11822
11823
11827
11828
11829
11830
11831
11832
11833
11834
11835
11836
11839
11840
11843
11845
11846
11848
11850
11852
11853
11855
11857
11860
11862
11863
11864
11866
11867
11870
11871
11872
11873
11874
11876
11877
11879
11880
11882
11885
11888
11889
11891
11892
11893
11894
11896
11900
11902
11903
11905
11906
11907
11908
11909
11911
11912
11913
11918
11919
11922
11924
11926
11929
11930
11931
11932
11935
11937
11939
11941
11942
11944
11948
11952
11954
11956
11957
11958
11959
11960
11961
11964
11966
11967
11968
11972
11974
11976
11977
11980
11981
11982
11983
11984
11985
11986
11989
11992
11994
11995
11996
11997
11998
11999
12000
12001
12002
12003
12004
12009
12010
12011
12014
12020
12021
12022
12023
12026
12027
12030
12032
12033
12034
12035
12036
12037
12039
12040
12041
12044
12045
12046
12050
12051
12055
12058
12059
12060
12061
12062
12063
12064
12066
12069
12070
12072
12074
12077
12079
12080
12087
12088
12089
12090
12091
12092
12094
12095
12098
12100
12102
12103
12107
12109
12110
12111
12114
12115
12116
12118
12120
12123
12126
12127
12128
12131
12133
12136
12137
12140
12146
12149
12152
12155
12156
12157
12158
12159
12161
12162
12163
12164
12165
12166
12167
12169
12170
12171
12176
12177
12179
12180
12181
12182
12183
12187
12188
12190
12192
12193
12194
12196
12199
12200
12203
12205
12209
12210
12211
12212
12213
12217
12218
12223
12224
12226
12227
12230
12233
12234
12235
12238
12239
12240
12242
12243
12244
12246
12252
12255
12258
12260
12261
12262
12264
12269
12270
12271
12275
12276
12277
12278
12280
12282
12285
12289
12290
12291
12292
12294
12295
12296
12299
12300
12303
12304
12305
12307
12308
12309
12311
12313
12314
12315
12318
12320
12321
12322
12324
12325
12327
12328
12329
12335
12336
12337
12338
12341
12343
12344
12345
12346
12347
12348
12349
12351
12352
12353
12354
12357
12359
12361
12363
12364
12366
12369
12371
12375
12378
12379
12380
12386
12388
12390
12392
12394
12396
12400
12406
12408
12409
12412
12415
12416
12417
12418
12421
12422
12424
12425
12426
12429
12433
12434
12435
12436
12440
12442
12448
12449
12450
12452
12453
12455
12456
12457
12460
12461
12462
12463
12466
12469
12472
12473
12474
12475
12477
12478
12480
12481
12482
12483
12486
12487
12488
12492
12495
12498
12499
12500
12503
12506
12507
12508
12509
12510
12514
12515
12516
12517
12518
12522
12523
12528
12529
12534
12536
12537
12538
12540
12542
12543
12544
12545
12548
12549
12550
12552
12553
12554
12555
12556
12557
12558
12559
12560
12562
12563
12564
12565
12567
12570
12575
12577
12579
12580
12582
12586
12588
12589
12590
12591
12592
12595
12596
12598
12600
12604
12607
12610
12611
12612
12613
12616
12617
12621
12622
12623
12624
12625
12626
12629
12632
12634
12635
12637
12640
12641
12642
12644
12645
12646
12647
12648
12649
12650
12654
12656
12658
12660
12661
12664
12667
12671
12674
12675
12676
12677
12678
12679
12681
12684
12685
12687
12689
12695
12699
12700
12703
12707
12710
12711
12712
12713
12715
12716
12720
12721
12725
12726
12728
12729
12730
12731
12733
12738
12740
12741
12743
12746
12751
12752
12754
12755
12756
12761
12762
12763
12764
12765
12767
12768
12770
12771
12772
12773
12776
12778
12780
12781
12783
12784
12785
12786
12788
12789
12793
12794
12796
12799
12800
12801
12804
12809
12811
12812
12815
12816
12817
12818
12819
12820
12822
12824
12826
12827
12828
12829
12831
12832
12833
12834
12836
12838
12839
12840
12845
12846
12849
12850
12851
12852
12853
12856
12858
12859
12864
12866
12869
12870
12871
12872
12875
12876
12878
12879
12880
12882
12883
12884
12886
12887
12888
12890
12893
12894
12895
12896
12898
12899
12903
12904
12905
12907
12909
12910
12911
12912
12913
12914
12917
12919
12921
12922
12923
12926
12929
12932
12934
12937
12938
12939
12941
12942
12943
12944
12949
12955
12956
12957
12958
12959
12960
12962
12963
12965
12966
12968
12969
12973
12975
12979
12982
12983
12984
12985
12987
12989
12990
12991
12992
12994
12997
12999
13002
13007
13008
13009
13011
13012
13013
13014
13015
13016
13017
13019
13020
13023
13025
13026
13027
13028
13029
13032
13034
13036
13037
13038
13041
13042
13046
13047
13048
13049
13054
13055
13057
13059
13060
13064
13065
13068
13070
13073
13074
13075
13078
13079
13081
13082
13083
13088
13089
13090
13093
13095
13096
13097
13098
13101
13111
13112
13113
13115
13118
13119
13120
13121
13125
13127
13128
13129
13131
13133
13134
13136
13137
13139
13140
13142
13143
13151
13152
13153
13154
13155
13157
13159
13160
13161
13162
13163
13164
13166
13168
13169
13175
13177
13179
13180
13181
13184
13185
13186
13187
13188
13190
13198
13207
13208
13210
13212
13213
13214
13215
13216
13217
13218
13221
13222
13224
13225
13229
13230
13232
13233
13234
13235
13236
13238
13240
13241
13242
13243
13245
13248
13249
13250
13255
13256
13257
13259
13261
13263
13264
13269
13272
13273
13276
13278
13280
13281
13282
13284
13289
13291
13293
13294
13295
13299
13302
13303
13304
13307
13308
13309
13310
13313
13314
13315
13316
13317
13318
13319
13320
13322
13324
13326
13328
13329
13330
13331
13333
13334
13336
13339
13340
13342
13346
13347
13348
13349
13350
13351
13352
13354
13355
13358
13363
13364
13367
13369
13370
13374
13378
13380
13382
13383
13384
13385
13386
13387
13388
13389
13390
13391
13392
13394
13398
13401
13402
13403
13404
13406
13408
13409
13411
13416
13417
13420
13422
13424
13425
13428
13430
13431
13432
13433
13434
13438
13440
13444
13446
13449
13450
13451
13452
13454
13455
13458
13459
13464
13469
13470
13472
13473
13474
13475
13479
13480
13481
13482
13483
13484
13485
13487
13488
13489
13495
13496
13497
13498
13503
13505
13506
13509
13510
13511
13513
13515
13516
13518
13520
13526
13527
13529
13530
13532
13534
13536
13537
13540
13542
13546
13547
13549
13550
13551
13552
13553
13556
13561
13563
13566
13569
13570
13571
13572
13573
13574
13578
13580
13581
13582
13583
13586
13587
13589
13595
13598
13600
13601
13604
13605
13606
13612
13615
13617
13619
13620
13621
13622
13623
13625
13626
13627
13628
13629
13630
13631
13632
13633
13637
13638
13639
13642
13643
13646
13647
13648
13653
13655
13656
13657
13658
13660
13664
13666
13669
13671
13673
13674
13675
13678
13686
13688
13692
13699
13701
13702
13703
13705
13706
13709
13710
13711
13713
13714
13716
13718
13719
13723
13726
13727
13730
13731
13732
13734
13737
13740
13742
13747
13750
13753
13757
13758
13759
13761
13762
13763
13767
13769
13771
13772
13774
13775
13776
13778
13779
13782
13784
13788
13791
13794
13795
13796
13798
13802
13803
13807
13808
13809
13810
13812
13814
13815
13817
13820
13823
13824
13826
13828
13829
13830
13831
13833
13834
13835
13837
13839
13841
13847
13850
13851
13852
13853
13855
13856
13862
13866
13867
13870
13873
13876
13878
13879
13880
13881
13882
13883
13884
13885
13886
13890
13891
13895
13896
13897
13900
13901
13903
13904
13906
13910
13911
13912
13914
13915
13918
13919
13920
13922
13923
13928
13929
13934
13935
13936
13938
13939
13940
13942
13943
13944
13946
13948
13951
13954
13955
13956
13957
13958
13959
13962
13963
13964
13966
13968
13970
13971
13972
13975
13977
13978
13979
13980
13981
13983
13991
13992
13993
13994
13995
13997
14002
14006
14008
14009
14010
14011
14016
14017
14018
14019
14021
14023
14024
14027
14028
14029
14030
14034
14035
14036
14037
14038
14043
14046
14047
14051
14052
14053
14056
14057
14060
14061
14063
14064
14065
14068
14069
14071
14074
14075
14077
14078
14079
14080
14083
14084
14087
14093
14097
14099
14100
14101
14102
14103
14105
14106
14109
14115
14121
14122
14123
14126
14127
14131
14132
14133
14134
14135
14136
14137
14138
14141
14147
14152
14154
14155
14156
14158
14163
14164
14165
14168
14173
14175
14177
14178
14181
14184
14185
14186
14187
14189
14190
14195
14197
14198
14199
14201
14203
14205
14207
14211
14212
14215
14216
14219
14225
14226
14227
14228
14230
14235
14238
14239
14242
14246
14247
14248
14249
14250
14254
14255
14257
14259
14260
14261
14262
14263
14264
14268
14269
14272
14274
14275
14277
14279
14282
14283
14284
14285
14289
14290
14291
14295
14298
14300
14301
14302
14303
14304
14305
14307
14308
14309
14310
14311
14312
14316
14317
14318
14319
14320
14321
14322
14324
14325
14331
14332
14336
14338
14340
14344
14346
14348
14352
14354
14356
14360
14366
14367
14371
14373
14376
14378
14380
14381
14383
14385
14387
14389
14390
14396
14397
14398
14400
14401
14402
14403
14404
14406
14408
14409
14411
14413
14417
14418
14419
14421
14422
14423
14425
14427
14429
14431
14432
14433
14435
14436
14443
14444
14448
14450
14452
14453
14455
14456
14461
14462
14465
14468
14470
14473
14475
14476
14481
14485
14487
14489
14490
14492
14493
14494
14496
14501
14502
14503
14506
14507
14508
14509
14510
14511
14512
14513
14520
14521
14525
14527
14529
14532
14533
14538
14539
14540
14542
14545
14548
14549
14550
14552
14553
14554
14556
14557
14560
14561
14562
14563
14564
14566
14568
14570
14574
14576
14577
14579
14582
14583
14584
14586
14587
14588
14589
14590
14591
14592
14593
14594
14595
14596
14597
14600
14601
14602
14603
14604
14605
14606
14609
14611
14612
14613
14614
14615
14616
14622
14623
14624
14625
14626
14627
14629
14630
14632
14633
14634
14638
14639
14644
14647
14648
14649
14650
14651
14652
14655
14656
14658
14659
14662
14666
14667
14668
14671
14678
14679
14680
14683
14685
14686
14689
14692
14693
14694
14695
14696
14697
14700
14704
14708
14709
14713
14715
14716
14719
14720
14722
14725
14726
14733
14737
14740
14741
14743
14744
14747
14749
14754
14755
14756
14758
14761
14762
14764
14766
14768
14769
14772
14773
14774
14780
14781
14785
14787
14788
14791
14792
14796
14798
14800
14801
14804
14805
14806
14807
14810
14811
14816
14817
14819
14820
14822
14823
14824
14829
14830
14833
14835
14836
14838
14840
14843
14848
14849
14850
14851
14852
14856
14858
14859
14860
14861
14862
14865
14867
14872
14873
14874
14875
14877
14878
14881
14884
14885
14886
14887
14888
14889
14890
14892
14894
14895
14897
14898
14900
14901
14902
14903
14906
14907
14909
14910
14911
14912
14913
14915
14917
14919
14921
14924
14925
14927
14928
14930
14931
14933
14934
14938
14940
14944
14946
14950
14951
14952
14953
14961
14963
14967
14968
14970
14971
14974
14975
14976
14977
14978
14980
14981
14982
14983
14985
14986
14988
14989
14990
14991
14994
14995
14996
14997
14999
15003
15004
15006
15007
15008
15010
15011
15016
15017
15019
15021
15022
15024
15025
15026
15029
15033
15035
15036
15037
15039
15043
15044
15045
15047
15048
15050
15051
15053
15054
15055
15056
15057
15058
15061
15065
15066
15067
15069
15072
15079
15082
15083
15085
15086
15088
15089
15093
15095
15097
15098
15099
15102
15104
15105
15106
15112
15113
15114
15115
15118
15120
15121
15122
15128
15129
15130
15132
15134
15136
15138
15139
15142
15144
15145
15148
15150
15151
15152
15154
15155
15156
15159
15160
15163
15170
15172
15173
15175
15177
15179
15181
15183
15186
15190
15191
15192
15193
15194
15195
15198
15201
15202
15203
15204
15205
15206
15207
15209
15212
15215
15216
15217
15218
15220
15221
15223
15229
15230
15232
15233
15234
15235
15236
15239
15243
15244
15245
15247
15248
15251
15252
15254
15255
15257
15259
15261
15262
15263
15265
15269
15271
15272
15273
15274
15275
15276
15277
15278
15279
15280
15282
15284
15289
15293
15294
15296
15298
15301
15302
15303
15305
15307
15308
15310
15311
15313
15314
15316
15317
15319
15322
15326
15327
15328
15330
15331
15332
15333
15335
15336
15339
15344
15352
15354
15355
15356
15357
15358
15359
15364
15367
15368
15369
15373
15378
15379
15382
15383
15384
15386
15387
15388
15391
15392
15394
15395
15398
15400
15401
15404
15407
15408
15409
15410
15412
15415
15417
15419
15420
15422
15423
15428
15430
15432
15433
15435
15438
15439
15440
15441
15442
15444
15445
15448
15449
15453
15455
15456
15457
15459
15460
15461
15465
15468
15469
15470
15473
15474
15477
15478
15479
15482
15484
15485
15486
15490
15491
15493
15494
15496
15498
15502
15503
15504
15510
15511
15513
15514
15515
15516
15518
15521
15522
15526
15530
15532
15533
15534
15540
15542
15544
15546
15547
15549
15551
15552
15554
15556
15560
15562
15563
15565
15569
15574
15576
15577
15578
15580
15582
15584
15585
15586
15587
15588
15589
15590
15592
15594
15599
15602
15605
15610
15611
15614
15616
15619
15621
15623
15625
15629
15632
15633
15634
15636
15640
15642
15649
15650
15651
15652
15653
15655
15659
15661
15662
15663
15664
15666
15667
15668
15669
15671
15672
15673
15678
15679
15681
15683
15687
15688
15689
15691
15692
15693
15695
15696
15699
15700
15701
15704
15705
15706
15707
15708
15711
15712
15713
15715
15718
15721
15723
15725
15726
15729
15732
15733
15736
15738
15739
15740
15743
15747
15748
15750
15751
15754
15755
15756
15758
15759
15767
15770
15772
15773
15779
15780
15786
15787
15788
15789
15791
15792
15795
15797
15800
15801
15802
15803
15804
15806
15811
15813
15815
15817
15819
15824
15826
15829
15830
15833
15840
15843
15846
15849
15854
15858
15859
15860
15862
15864
15867
15871
15873
15878
15882
15884
15885
15886
15888
15892
15893
15894
15900
15901
15904
15905
15907
15908
15911
15913
15914
15917
15919
15920
15928
15930
15933
15934
15935
15938
15940
15944
15948
15949
15953
15955
15957
15959
15963
15964
15965
15966
15968
15971
15975
15977
15978
15983
15985
15986
15987
15988
15990
15991
15993
15994
15995
15998
15999
16000
16001
16002
16003
16004
16005
16007
16009
16012
16013
16014
16016
16017
16022
16023
16024
16025
16026
16027
16032
16033
16035
16036
16037
16045
16046
16048
16051
16052
16053
16055
16061
16062
16064
16065
16069
16070
16071
16072
16073
16077
16080
16081
16083
16085
16086
16087
16090
16093
16098
16099
16100
16102
16103
16105
16106
16107
16108
16109
16110
16115
16118
16119
16120
16123
16124
16128
16129
16134
16136
16138
16141
16143
16144
16145
16148
16150
16151
16154
16155
16156
16158
16162
16163
16165
16169
16170
16171
16173
16174
16175
16176
16180
16182
16183
16184
16185
16188
16191
16192
16193
16194
16196
16198
16199
16201
16202
16205
16208
16209
16210
16211
16216
16217
16218
16220
16222
16223
16224
16225
16227
16228
16229
16230
16232
16234
16244
16245
16246
16247
16248
16250
16252
16253
16254
16256
16257
16259
16261
16262
16263
16266
16267
16272
16275
16276
16278
16281
16282
16283
16285
16287
16288
16290
16292
16293
16295
16296
16297
16301
16302
16307
16311
16312
16315
16316
16317
16319
16321
16327
16328
16334
16335
16338
16340
16341
16345
16346
16347
16353
16354
16355
16358
16359
16362
16364
16366
16367
16373
16374
16375
16376
16377
16379
16380
16381
16384
16387
16390
16392
16396
16398
16400
16401
16402
16403
16407
16415
16417
16423
16426
16428
16429
16430
16431
16435
16437
16438
16439
16441
16442
16443
16444
16445
16447
16453
16457
16460
16462
16464
16465
16467
16470
16471
16473
16481
16482
16484
16485
16486
16488
16491
16493
16496
16498
16500
16502
16503
16505
16506
16507
16510
16512
16513
16516
16517
16519
16522
16523
16524
16532
16533
16535
16536
16538
16539
16541
16546
16548
16549
16550
16551
16554
16555
16556
16557
16558
16564
16566
16570
16574
16575
16576
16577
16579
16580
16581
16582
16585
16587
16588
16589
16593
16594
16595
16597
16599
16601
16602
16603
16606
16608
16614
16615
16619
16621
16622
16624
16625
16626
16627
16629
16631
16632
16634
16636
16637
16639
16642
16643
16645
16651
16652
16653
16654
16656
16657
16658
16659
16660
16661
16662
16663
16665
16668
16672
16674
16675
16676
16680
16687
16688
16690
16691
16692
16694
16695
16697
16698
16701
16702
16703
16704
16709
16710
16713
16715
16720
16721
16722
16723
16724
16725
16729
16730
16731
16733
16734
16736
16737
16739
16740
16742
16745
16749
16754
16755
16759
16767
16769
16770
16771
16772
16774
16775
16776
16780
16781
16782
16787
16788
16789
16790
16792
16795
16797
16798
16799
16800
16803
16804
16807
16809
16811
16815
16816
16819
16820
16821
16822
16823
16824
16827
16829
16830
16835
16838
16839
16840
16841
16842
16844
16846
16847
16849
16851
16852
16857
16858
16859
16869
16870
16876
16877
16878
16882
16883
16886
16887
16889
16892
16893
16896
16899
16902
16904
16905
16906
16907
16910
16911
16914
16916
16919
16923
16925
16926
16927
16928
16929
16931
16936
16937
16938
16941
16947
16948
16950
16951
16952
16953
16954
16960
16962
16963
16965
16970
16971
16972
16973
16974
16982
16983
16985
16986
16987
16989
16992
16994
16999
17001
17002
17003
17004
17006
17007
17009
17011
17013
17017
17018
17019
17020
17022
17023
17024
17030
17031
17033
17035
17039
17040
17041
17042
17043
17045
17046
17047
17048
17053
17059
17064
17066
17071
17072
17073
17078
17079
17080
17082
17083
17085
17086
17088
17089
17090
17092
17095
17097
17102
17105
17106
17110
17112
17113
17115
17116
17117
17121
17122
17124
17125
17131
17132
17133
17136
17139
17141
17142
17143
17144
17147
17152
17160
17163
17165
17167
17171
17172
17176
17179
17180
17183
17184
17186
17188
17189
17190
17193
17194
17195
17196
17199
17201
17203
17204
17205
17206
17207
17209
17214
17215
17216
17217
17218
17220
17221
17224
17225
17226
17227
17229
17230
17232
17233
17235
17236
17239
17240
17243
17245
17246
17247
17250
17251
17252
17256
17258
17259
17261
17263
17267
17270
17275
17276
17280
17281
17287
17288
17289
17291
17292
17294
17298
17306
17314
17318
17320
17322
17323
17327
17328
17330
17331
17337
17339
17356
17358
17360
17361
17363
17364
17365
17366
17367
17368
17371
17372
17373
17374
17375
17377
17378
17381
17383
17387
17389
17390
17391
17392
17394
17395
17399
17407
17408
17411
17412
17416
17417
17420
17423
17424
17426
17428
17432
17433
17436
17438
17439
17445
17449
17450
17452
17454
17457
17458
17460
17461
17466
17471
17473
17478
17479
17480
17481
17482
17484
17486
17489
17490
17493
17494
17495
17496
17500
17501
17502
17503
17505
17508
17513
17520
17522
17524
17526
17529
17530
17532
17538
17540
17541
17543
17544
17545
17548
17551
17552
17553
17562
17563
17564
17567
17568
17569
17573
17575
17576
17579
17582
17584
17585
17588
17589
17590
17592
17594
17595
17596
17599
17600
17601
17602
17603
17605
17606
17608
17611
17612
17614
17616
17618
17619
17623
17625
17627
17628
17632
17633
17635
17639
17646
17651
17654
17655
17658
17659
17662
17666
17669
17672
17675
17677
17680
17681
17683
17684
17688
17689
17692
17695
17697
17699
17702
17704
17707
17708
17709
17711
17712
17715
17716
17719
17721
17726
17727
17728
17732
17734
17735
17736
17738
17744
17748
17749
17750
17755
17757
17758
17760
17763
17764
17765
17767
17768
17769
17770
17773
17774
17775
17776
17778
17779
17782
17785
17788
17792
17795
17796
17797
17798
17801
17809
17811
17812
17814
17819
17821
17822
17823
17827
17828
17829
17832
17833
17835
17837
17838
17839
17841
17843
17845
17846
17847
17849
17852
17854
17855
17857
17858
17859
17860
17862
17872
17873
17879
17880
17884
17885
17887
17888
17889
17892
17893
17896
17899
17903
17904
17911
17913
17914
17920
17921
17923
17924
17925
17927
17929
17930
17931
17933
17935
17937
17938
17943
17944
17949
17951
17956
17958
17961
17963
17965
17966
17967
17968
17970
17971
17973
17975
17976
17977
17979
17983
17984
17991
17995
17996
17999
18003
18004
18006
18010
18013
18019
18020
18024
18027
18028
18030
18031
18034
18035
18037
18039
18040
18041
18042
18043
18045
18046
18047
18048
18050
18051
18052
18053
18054
18056
18058
18068
18070
18072
18078
18079
18083
18087
18090
18092
18093
18095
18096
18097
18099
18100
18102
18106
18107
18113
18114
18115
18117
18122
18123
18126
18128
18130
18131
18132
18136
18138
18139
18141
18142
18143
18144
18145
18146
18150
18154
18156
18157
18160
18162
18163
18166
18168
18169
18170
18172
18174
18175
18178
18179
18180
18181
18183
18186
18189
18194
18198
18199
18202
18207
18209
18210
18211
18212
18213
18214
18217
18218
18222
18223
18224
18225
18227
18228
18231
18232
18233
18234
18235
18237
18239
18241
18246
18250
18253
18265
18266
18267
18270
18279
18280
18281
18283
18284
18286
18287
18289
18292
18293
18294
18295
18299
18301
18303
18304
18306
18307
18308
18310
18312
18315
18316
18318
18319
18320
18321
18324
18327
18332
18335
18336
18337
18339
18342
18345
18346
18349
18353
18356
18358
18360
18366
18367
18368
18370
18371
18372
18373
18374
18376
18377
18378
18379
18383
18386
18392
18395
18400
18401
18402
18404
18405
18409
18412
18413
18414
18415
18418
18422
18431
18432
18436
18437
18438
18442
18446
18447
18448
18454
18457
18458
18462
18469
18472
18474
18476
18477
18478
18482
18484
18486
18487
18491
18494
18495
18502
18504
18508
18509
18511
18512
18513
18514
18518
18521
18523
18525
18527
18528
18529
18531
18532
18533
18536
18539
18542
18545
18549
18555
18560
18562
18563
18564
18566
18568
18572
18573
18575
18577
18579
18580
18581
18582
18589
18590
18592
18595
18596
18598
18601
18602
18603
18604
18607
18608
18609
18610
18613
18618
18619
18621
18627
18629
18630
18634
18635
18636
18637
18638
18643
18644
18645
18646
18647
18648
18649
18650
18651
18652
18653
18654
18656
18657
18658
18659
18660
18661
18662
18663
18665
18666
18668
18675
18677
18679
18680
18683
18689
18691
18694
18696
18697
18700
18702
18703
18704
18705
18706
18707
18708
18709
18710
18712
18713
18714
18719
18720
18721
18726
18727
18728
18730
18731
18732
18734
18737
18738
18739
18740
18741
18746
18747
18748
18752
18753
18758
18759
18761
18762
18765
18767
18770
18773
18774
18776
18778
18779
18780
18781
18784
18790
18791
18796
18799
18800
18801
18802
18803
18804
18805
18806
18807
18808
18809
18812
18813
18816
18817
18821
18822
18823
18824
18827
18828
18836
18838
18840
18841
18848
18849
18852
18854
18859
18860
18861
18863
18865
18866
18867
18873
18874
18875
18876
18877
18879
18880
18881
18883
18885
18886
18888
18889
18890
18892
18894
18898
18899
18900
18901
18903
18905
18906
18907
18910
18915
18919
18921
18923
18925
18927
18929
18935
18939
18940
18944
18945
18946
18950
18951
18952
18955
18957
18958
18960
18961
18964
18966
18967
18968
18969
18970
18971
18976
18977
18982
18984
18985
18986
18987
18990
18993
18994
18996
19000
19002
19005
19006
19008
19009
19012
19016
19017
19020
19021
19023
19024
19025
19026
19028
19029
19030
19031
19032
19033
19036
19037
19038
19040
19041
19042
19043
19044
19046
19048
19049
19050
19053
19056
19057
19059
19062
19067
19069
19072
19073
19078
19080
19081
19082
19083
19085
19087
19089
19091
19092
19095
19097
19099
19100
19101
19102
19103
19110
19112
19114
19115
19116
19117
19119
19120
19124
19125
19126
19128
19130
19131
19132
19135
19136
19138
19140
19142
19143
19145
19147
19149
19151
19152
19154
19155
19156
19159
19161
19163
19165
19166
19168
19171
19172
19173
19174
19179
19180
19185
19186
19187
19188
19189
19190
19192
19193
19196
19197
19198
19202
19203
19204
19206
19207
19211
19212
19215
19216
19217
19219
19221
19225
19226
19227
19228
19232
19233
19234
19237
19240
19241
19242
19243
19246
19248
19249
19252
19253
19256
19257
19258
19259
19260
19265
19267
19270
19274
19275
19276
19277
19281
19284
19287
19288
19289
19290
19292
19295
19298
19299
19300
19301
19305
19307
19308
19309
19310
19314
19315
19316
19318
19321
19322
19323
19325
19334
19335
19337
19338
19342
19344
19346
19351
19352
19353
19354
19357
19360
19361
19362
19368
19369
19370
19372
19375
19378
19379
19380
19382
19383
19386
19389
19390
19393
19395
19396
19397
19399
19405
19407
19408
19409
19410
19415
19419
19420
19423
19424
19425
19426
19429
19430
19432
19433
19434
19435
19439
19440
19446
19451
19453
19454
19455
19456
19458
19459
19460
19461
19462
19466
19469
19472
19473
19476
19478
19481
19482
19490
19492
19496
19497
19498
19499
19500
19501
19502
19503
19505
19507
19508
19511
19515
19516
19518
19525
19527
19529
19530
19531
19533
19539
19540
19543
19544
19548
19551
19552
19554
19556
19558
19561
19563
19565
19569
19571
19572
19576
19577
19578
19580
19583
19584
19585
19586
19588
19589
19590
19591
19594
19598
19599
19602
19603
19608
19609
19613
19614
19617
19619
19620
19624
19625
19626
19633
19634
19636
19637
19638
19639
19640
19641
19643
19644
19648
19649
19650
19652
19653
19654
19655
19658
19660
19661
19662
19663
19666
19669
19671
19673
19675
19677
19678
19680
19681
19684
19685
19689
19690
19692
19696
19697
19698
19699
19701
19703
19706
19708
19710
19716
19721
19723
19724
19725
19726
19734
19735
19740
19742
19743
19744
19745
19747
19749
19750
19752
19753
19754
19755
19756
19757
19760
19761
19762
19766
19769
19770
19771
19772
19773
19775
19777
19779
19780
19781
19783
19784
19785
19789
19791
19795
19798
19799
19800
19801
19805
19807
19809
19810
19811
19818
19819
19820
19822
19825
19826
19827
19828
19832
19833
19836
19837
19838
19839
19840
19842
19846
19847
19850
19851
19853
19854
19856
19857
19858
19859
19860
19861
19862
19865
19866
19867
19868
19869
19870
19873
19874
19875
19879
19881
19883
19885
19887
19890
19892
19893
19895
19898
19910
19911
19912
19915
19919
19924
19926
19927
19929
19931
19933
19936
19939
19940
19941
19944
19948
19950
19952
19955
19957
19959
19961
19962
19963
19965
19970
19972
19980
19984
19985
19988
19990
19991
19992
19995
19998
20001
20004
20005
20006
20013
20014
20016
20017
20018
20019
20021
20023
20027
20030
20031
20033
20035
20036
20037
20038
20042
20043
20044
20045
20049
20052
20053
20057
20058
20059
20060
20062
20065
20066
20068
20069
20070
20072
20073
20079
20081
20083
20084
20093
20094
20095
20097
20100
20101
20102
20105
20107
20112
20113
20114
20116
20117
20118
20119
20120
20123
20129
20131
20137
20138
20141
20142
20143
20145
20146
20147
20148
20149
20150
20155
20156
20161
20162
20165
20166
20169
20170
20171
20172
20173
20174
20175
20178
20179
20181
20182
20185
20186
20187
20189
20190
20192
20194
20199
20201
20204
20205
20207
20208
20214
20217
20218
20219
20224
20225
20233
20236
20238
20239
20241
20242
20244
20245
20247
20249
20259
20265
20269
20270
20271
20276
20278
20280
20282
20283
20284
20285
20286
20287
20288
20290
20291
20293
20296
20297
20300
20302
20306
20308
20309
20311
20312
20314
20315
20316
20317
20322
20324
20325
20327
20329
20332
20333
20334
20336
20337
20341
20343
20346
20347
20350
20359
20361
20362
20366
20367
20368
20369
20371
20372
20374
20380
20391
20394
20395
20397
20403
20406
20408
20409
20410
20411
20415
20416
20419
20420
20423
20425
20426
20427
20428
20431
20436
20437
20438
20441
20443
20444
20445
20446
20448
20449
20455
20459
20461
20463
20465
20466
20469
20470
20473
20474
20475
20476
20477
20480
20481
20482
20483
20485
20486
20489
20490
20491
20493
20496
20498
20499
20500
20503
20507
20508
20512
20513
20514
20520
20521
20523
20524
20527
20530
20536
20538
20539
20540
20543
20544
20545
20547
20548
20551
20556
20561
20566
20567
20572
20577
20578
20588
20589
20590
20594
20595
20598
20601
20603
20605
20607
20608
20609
20612
20617
20621
20622
20623
20628
20629
20630
20631
20632
20633
20636
20637
20638
20642
20643
20644
20647
20648
20651
20654
20655
20658
20662
20664
20666
20668
20671
20677
20678
20679
20680
20683
20684
20685
20686
20690
20691
20692
20693
20694
20695
20696
20697
20699
20700
20701
20704
20705
20706
20713
20718
20720
20721
20725
20727
20728
20729
20731
20733
20734
20738
20739
20740
20743
20748
20751
20752
20753
20756
20757
20760
20761
20762
20763
20764
20765
20767
20771
20772
20775
20776
20781
20783
20785
20790
20792
20793
20795
20796
20799
20803
20804
20805
20806
20808
20814
20815
20816
20820
20822
20826
20827
20828
20829
20830
20834
20836
20838
20839
20840
20842
20843
20844
20846
20847
20849
20851
20853
20854
20861
20864
20866
20868
20869
20870
20872
20876
20880
20882
20890
20892
20898
20901
20902
20903
20905
20907
20909
20913
20915
20922
20923
20924
20927
20930
20932
20947
20949
20950
20951
20952
20956
20957
20958
20959
20961
20965
20967
20968
20969
20971
20972
20973
20975
20976
20977
20980
20983
20987
20988
20992
20995
21000
21006
21009
21010
21015
21018
21023
21025
21028
21029
21030
21031
21040
21042
21043
21048
21051
21052
21057
21058
21059
21061
21062
21063
21066
21067
21068
21070
21071
21080
21084
21085
21091
21097
21099
21100
21101
21104
21106
21111
21113
21116
21117
21120
21123
21126
21127
21129
21130
21131
21132
21133
21134
21136
21139
21140
21143
21144
21145
21149
21150
21152
21154
21159
21160
21161
21162
21163
21165
21167
21171
21177
21183
21187
21188
21189
21191
21192
21193
21197
21201
21204
21206
21208
21209
21211
21214
21215
21217
21219
21220
21224
21226
21231
21234
21235
21236
21237
21239
21240
21241
21244
21248
21250
21251
21252
21256
21258
21261
21262
21264
21265
21266
21267
21269
21271
21272
21273
21274
21275
21276
21277
21283
21285
21286
21290
21291
21292
21294
21300
21303
21304
21306
21307
21308
21309
21312
21313
21314
21315
21316
21318
21319
21320
21321
21323
21326
21327
21328
21330
21331
21334
21340
21341
21355
21356
21357
21359
21367
21372
21373
21376
21381
21384
21386
21387
21388
21389
21390
21391
21392
21393
21394
21395
21396
21399
21403
21405
21410
21411
21412
21413
21415
21422
21424
21428
21429
21430
21431
21434
21436
21438
21439
21440
21441
21444
21445
21446
21447
21448
21451
21452
21453
21454
21455
21460
21461
21463
21467
21468
21470
21474
21475
21476
21477
21479
21483
21484
21487
21490
21491
21495
21501
21502
21504
21508
21511
21512
21513
21514
21516
21517
21518
21520
21521
21525
21529
21532
21536
21538
21551
21553
21555
21561
21564
21565
21566
21568
21573
21575
21578
21580
21582
21583
21584
21585
21587
21589
21591
21593
21594
21595
21597
21599
21601
21603
21607
21608
21609
21612
21614
21615
21619
21622
21624
21628
21630
21632
21633
21634
21638
21639
21642
21645
21646
21647
21651
21657
21658
21665
21666
21667
21669
21671
21674
21676
21677
21682
21683
21685
21687
21693
21696
21700
21705
21707
21709
21711
21712
21713
21715
21717
21718
21719
21720
21721
21725
21728
21730
21732
21737
21738
21739
21741
21745
21749
21750
21755
21756
21758
21761
21762
21763
21764
21765
21766
21770
21771
21772
21774
21776
21777
21780
21781
21782
21785
21786
21787
21788
21789
21793
21794
21800
21802
21803
21804
21806
21807
21810
21815
21818
21825
21828
21830
21831
21833
21836
21837
21841
21844
21845
21848
21851
21852
21853
21855
21856
21857
21860
21862
21863
21864
21867
21870
21872
21873
21874
21877
21878
21880
21881
21882
21886
21889
21890
21891
21892
21893
21895
21896
21898
21903
21907
21908
21910
21911
21913
21914
21916
21917
21921
21922
21924
21925
21926
21927
21928
21930
21933
21935
21937
21938
21940
21941
21943
21944
21945
21946
21955
21958
21961
21963
21965
21966
21969
21974
21975
21976
21978
21979
21982
21984
21985
21989
21990
21992
21994
21995
21996
21998
21999
22000
22002
22008
22010
22011
22012
22017
22023
22024
22028
22029
22031
22032
22034
22036
22038
22040
22043
22047
22049
22051
22053
22054
22059
22060
22062
22064
22067
22068
22072
22073
22076
22077
22079
22080
22081
22087
22089
22090
22091
22092
22093
22096
22098
22103
22105
22106
22111
22112
22113
22117
22118
22119
22120
22126
22130
22131
22133
22136
22137
22138
22140
22146
22148
22150
22151
22153
22160
22161
22162
22164
22166
22167
22170
22171
22172
22174
22175
22178
22180
22183
22184
22188
22191
22192
22193
22199
22201
22202
22204
22205
22208
22219
22227
22231
22232
22235
22236
22238
22240
22242
22246
22251
22254
22257
22259
22265
22266
22267
22268
22269
22271
22272
22273
22274
22276
22277
22278
22279
22281
22282
22286
22288
22289
22290
22291
22293
22294
22296
22299
22300
22302
22305
22308
22309
22310
22311
22313
22314
22315
22316
22317
22324
22325
22326
22327
22328
22329
22331
22333
22334
22338
22344
22346
22348
22350
22351
22352
22354
22358
22360
22361
22362
22364
22368
22372
22373
22375
22377
22378
22379
22380
22381
22383
22384
22386
22388
22389
22390
22393
22395
22396
22398
22399
22404
22405
22406
22407
22409
22410
22414
22415
22417
22421
22426
22434
22435
22437
22443
22447
22449
22450
22452
22453
22454
22455
22457
22459
22461
22463
22464
22466
22467
22471
22474
22477
22478
22479
22485
22488
22491
22492
22493
22497
22499
22500
22502
22503
22508
22513
22514
22515
22516
22517
22518
22520
22522
22524
22526
22527
22531
22532
22535
22538
22540
22544
22545
22546
22549
22550
22551
22553
22555
22557
22560
22561
22567
22570
22571
22573
22574
22575
22577
22583
22584
22586
22587
22591
22592
22593
22596
22601
22604
22605
22606
22611
22615
22617
22619
22624
22629
22630
22633
22634
22636
22638
22639
22641
22642
22646
22647
22651
22652
22656
22658
22660
22662
22664
22666
22670
22672
22674
22676
22681
22687
22692
22695
22696
22698
22703
22706
22707
22708
22711
22713
22715
22721
22727
22728
22729
22730
22733
22734
22737
22739
22740
22741
22742
22744
22745
22746
22749
22751
22752
22757
22758
22761
22766
22769
22780
22786
22791
22792
22794
22797
22798
22799
22800
22804
22806
22809
22813
22814
22815
22816
22817
22818
22819
22823
22825
22827
22830
22835
22836
22838
22841
22843
22844
22845
22846
22847
22848
22850
22853
22854
22856
22860
22862
22863
22864
22865
22869
22870
22871
22875
22877
22878
22879
22881
22883
22884
22888
22889
22894
22896
22897
22898
22899
22900
22901
22904
22906
22907
22908
22909
22913
22918
22920
22925
22927
22930
22931
22932
22934
22936
22939
22943
22945
22949
22950
22951
22954
22955
22959
22962
22963
22965
22970
22971
22973
22977
22978
22980
22982
22984
22986
22990
22992
22993
22994
22995
22999
23001
23006
23007
23009
23010
23011
23016
23017
23018
23022
23025
23030
23033
23034
23035
23036
23039
23042
23043
23045
23046
23047
23048
23051
23054
23055
23056
23057
23061
23065
23067
23069
23071
23074
23076
23077
23078
23080
23085
23087
23088
23091
23092
23094
23095
23099
23101
23106
23108
23111
23113
23115
23117
23120
23123
23129
23130
23132
23133
23134
23137
23138
23139
23141
23143
23145
23146
23148
23149
23150
23151
23153
23155
23156
23157
23160
23163
23166
23168
23170
23172
23175
23176
23179
23180
23183
23184
23185
23187
23189
23190
23192
23193
23195
23196
23198
23200
23201
23202
23204
23205
23206
23208
23209
23210
23218
23219
23220
23221
23222
23223
23227
23229
23230
23234
23237
23239
23240
23242
23245
23246
23249
23251
23252
23253
23257
23261
23262
23264
23268
23269
23270
23274
23275
23279
23281
23283
23284
23285
23288
23291
23293
23296
23297
23300
23301
23306
23308
23309
23313
23314
23316
23318
23320
23321
23322
23323
23325
23327
23331
23333
23334
23335
23336
23343
23344
23346
23350
23352
23354
23355
23358
23361
23362
23366
23368
23371
23375
23377
23380
23381
23382
23387
23388
23389
23390
23393
23395
23397
23400
23401
23403
23405
23407
23410
23413
23414
23415
23418
23424
23425
23429
23432
23434
23447
23449
23453
23457
23460
23461
23462
23463
23467
23468
23469
23470
23471
23473
23475
23477
23480
23484
23487
23489
23490
23491
23497
23498
23500
23501
23502
23504
23505
23507
23511
23512
23513
23517
23519
23521
23522
23523
23525
23526
23527
23528
23529
23534
23535
23539
23541
23542
23544
23546
23549
23551
23552
23554
23557
23558
23559
23560
23562
23563
23565
23568
23570
23576
23577
23578
23579
23583
23591
23592
23593
23594
23595
23601
23602
23603
23604
23606
23607
23608
23609
23611
23613
23616
23618
23619
23620
23623
23626
23627
23628
23630
23631
23632
23638
23640
23641
23643
23644
23645
23646
23647
23648
23651
23652
23654
23657
23659
23662
23663
23665
23667
23670
23675
23677
23678
23681
23682
23685
23689
23690
23692
23694
23695
23699
23700
23702
23704
23709
23711
23715
23717
23721
23722
23725
23726
23727
23729
23730
23732
23733
23734
23736
23737
23738
23739
23740
23741
23742
23746
23748
23749
23751
23752
23753
23754
23757
23759
23760
23765
23766
23768
23769
23771
23774
23776
23777
23780
23782
23783
23786
23788
23790
23791
23795
23798
23803
23804
23806
23809
23810
23811
23812
23815
23818
23819
23821
23824
23826
23828
23831
23833
23839
23840
23841
23843
23844
23845
23848
23849
23850
23853
23856
23857
23859
23863
23864
23867
23869
23870
23876
23880
23881
23883
23887
23889
23890
23892
23893
23899
23900
23901
23905
23906
23907
23908
23910
23911
23913
23914
23915
23916
23918
23920
23921
23922
23924
23925
23930
23931
23933
23935
23938
23939
23941
23942
23943
23945
23946
23947
23949
23950
23952
23953
23956
23957
23958
23959
23961
23962
23963
23966
23967
23968
23969
23970
23971
23973
23974
23975
23977
23983
23985
23988
23992
23994
23995
23998
24001
24004
24009
24010
24016
24017
24019
24020
24022
24024
24025
24026
24029
24030
24031
24034
24035
24036
24037
24038
24039
24043
24047
24050
24052
24054
24055
24057
24058
24060
24061
24065
24067
24069
24074
24078
24079
24080
24081
24083
24084
24085
24093
24095
24096
24098
24099
24106
24108
24109
24113
24127
24128
24129
24132
24133
24134
24136
24138
24139
24140
24142
24145
24150
24153
24154
24157
24165
24168
24171
24172
24177
24181
24182
24187
24190
24191
24194
24196
24198
24199
24202
24203
24206
24207
24209
24210
24213
24215
24217
24220
24230
24231
24232
24233
24236
24240
24241
24242
24243
24244
24245
24246
24248
24250
24253
24256
24257
24258
24262
24263
24275
24279
24284
24287
24288
24289
24295
24297
24298
24301
24303
24306
24307
24311
24317
24318
24321
24326
24327
24328
24332
24334
24335
24336
24341
24346
24347
24350
24353
24354
24355
24357
24364
24366
24367
24369
24370
24371
24373
24376
24378
24379
24380
24382
24385
24387
24388
24389
24392
24394
24398
24402
24403
24404
24410
24411
24413
24416
24421
24424
24425
24427
24430
24434
24438
24441
24443
24446
24448
24453
24454
24455
24456
24458
24459
24461
24464
24467
24468
24470
24472
24473
24474
24477
24479
24480
24481
24483
24484
24488
24491
24492
24493
24494
24495
24498
24503
24504
24505
24506
24509
24510
24511
24513
24514
24515
24516
24518
24521
24522
24523
24524
24525
24526
24527
24528
24530
24531
24532
24534
24535
24537
24538
24542
24543
24544
24545
24547
24548
24549
24550
24554
24560
24561
24563
24566
24568
24569
24571
24572
24580
24586
24588
24591
24592
24596
24599
24601
24607
24609
24610
24611
24612
24613
24614
24617
24618
24619
24623
24624
24626
24629
24631
24632
24633
24636
24637
24638
24640
24644
24645
24647
24648
24649
24650
24651
24654
24656
24660
24663
24667
24668
24669
24673
24675
24676
24678
24679
24685
24688
24691
24692
24696
24698
24700
24704
24705
24706
24707
24708
24712
24714
24715
24716
24718
24719
24722
24723
24727
24729
24730
24732
24737
24740
24741
24742
24744
24745
24748
24750
24758
24761
24763
24765
24768
24774
24777
24779
24784
24785
24786
24790
24794
24796
24797
24798
24799
24800
24803
24805
24806
24807
24808
24810
24811
24812
24813
24822
24824
24826
24832
24835
24836
24837
24838
24844
24846
24847
24849
24854
24860
24861
24862
24863
24865
24867
24869
24870
24871
24872
24875
24877
24878
24879
24880
24883
24885
24886
24891
24892
24893
24894
24896
24900
24902
24903
24905
24906
24908
24909
24913
24914
24915
24916
24917
24919
24923
24927
24928
24930
24931
24932
24935
24936
24937
24938
24939
24940
24946
24947
24951
24954
24955
24957
24961
24965
24969
24970
24973
24979
24980
24982
24986
24987
24989
24990
24991
24992
24995
24998
24999
25004
25006
25009
25013
25014
25016
25017
25018
25020
25021
25024
25026
25027
25028
25029
25031
25032
25033
25034
25037
25042
25044
25047
25051
25055
25057
25059
25062
25064
25065
25066
25069
25070
25071
25072
25073
25076
25079
25081
25083
25084
25090
25092
25094
25097
25098
25099
25100
25103
25104
25105
25109
25111
25112
25114
25115
25118
25119
25124
25127
25128
25129
25135
25136
25139
25140
25144
25147
25148
25150
25151
25153
25155
25156
25163
25164
25165
25166
25167
25171
25173
25174
25179
25180
25181
25182
25183
25185
25187
25188
25189
25191
25193
25195
25196
25197
25202
25210
25214
25215
25217
25219
25220
25221
25224
25225
25226
25230
25235
25236
25238
25239
25240
25242
25244
25247
25248
25250
25257
25260
25262
25263
25265
25266
25269
25271
25272
25273
25279
25281
25282
25283
25284
25286
25288
25292
25293
25294
25296
25298
25299
25300
25303
25304
25305
25307
25308
25310
25311
25312
25316
25318
25322
25323
25328
25331
25334
25335
25342
25348
25349
25350
25351
25352
25355
25359
25361
25362
25364
25365
25366
25367
25369
25373
25374
25377
25379
25381
25382
25383
25384
25385
25386
25388
25392
25395
25398
25403
25406
25407
25408
25411
25413
25414
25415
25417
25422
25426
25434
25440
25441
25442
25444
25445
25448
25453
25458
25459
25461
25462
25463
25465
25466
25470
25471
25472
25476
25477
25480
25484
25488
25489
25492
25496
25498
25500
25502
25503
25505
25506
25507
25512
25516
25523
25527
25528
25529
25530
25532
25536
25538
25542
25546
25548
25551
25553
25555
25558
25559
25573
25574
25578
25580
25585
25587
25588
25590
25591
25593
25594
25595
25597
25598
25599
25600
25603
25606
25608
25609
25610
25612
25614
25619
25621
25625
25629
25631
25636
25646
25647
25648
25649
25650
25652
25654
25655
25657
25659
25661
25662
25665
25673
25674
25678
25681
25682
25683
25684
25685
25686
25687
25691
25692
25693
25694
25697
25700
25701
25704
25708
25709
25716
25723
25732
25735
25737
25738
25739
25743
25744
25747
25748
25749
25754
25755
25756
25758
25764
25766
25776
25777
25779
25784
25785
25787
25790
25793
25799
25800
25801
25803
25806
25808
25810
25812
25817
25820
25822
25824
25826
25828
25830
25832
25833
25834
25836
25838
25839
25840
25843
25849
25851
25852
25853
25859
25860
25861
25863
25866
25867
25868
25869
25872
25877
25878
25879
25880
25881
25882
25883
25886
25893
25894
25895
25898
25902
25904
25908
25911
25917
25919
25921
25927
25929
25930
25934
25935
25936
25938
25941
25943
25944
25945
25947
25949
25955
25956
25958
25962
25963
25964
25975
25978
25980
25983
25984
25985
25986
25987
25988
25989
25992
25993
25996
25998
26001
26003
26005
26009
26011
26012
26013
26014
26018
26024
26025
26026
26028
26029
26030
26032
26033
26034
26037
26038
26040
26044
26045
26048
26050
26052
26053
26057
26060
26062
26063
26064
26066
26070
26071
26075
26078
26079
26084
26087
26093
26095
26096
26098
26099
26101
26103
26105
26108
26110
26111
26112
26113
26114
26115
26116
26118
26119
26120
26125
26127
26128
26131
26132
26135
26137
26138
26141
26142
26145
26148
26150
26151
26154
26155
26158
26160
26161
26163
26164
26166
26168
26172
26175
26176
26177
26178
26179
26182
26183
26184
26187
26189
26193
26194
26198
26199
26200
26202
26204
26208
26210
26211
26212
26213
26214
26215
26218
26219
26221
26224
26225
26227
26228
26233
26234
26235
26236
26237
26239
26244
26247
26248
26253
26255
26262
26263
26264
26269
26271
26272
26277
26278
26279
26282
26286
26289
26291
26292
26294
26297
26298
26299
26301
26303
26305
26306
26307
26308
26312
26313
26317
26319
26324
26326
26331
26333
26334
26339
26340
26341
26344
26345
26348
26349
26351
26356
26359
26360
26361
26363
26364
26366
26367
26368
26369
26372
26373
26374
26376
26378
26386
26388
26389
26390
26391
26392
26396
26397
26400
26403
26410
26411
26412
26413
26414
26415
26417
26422
26425
26426
26427
26430
26431
26433
26435
26437
26438
26443
26444
26447
26450
26457
26462
26463
26464
26466
26467
26469
26471
26473
26474
26475
26480
26482
26484
26490
26492
26493
26499
26500
26502
26507
26509
26510
26511
26514
26518
26520
26522
26524
26526
26527
26528
26530
26533
26537
26538
26540
26541
26544
26545
26549
26551
26552
26553
26555
26557
26558
26562
26563
26567
26568
26569
26571
26573
26574
26576
26577
26580
26583
26587
26588
26589
26592
26594
26599
26600
26602
26604
26613
26614
26615
26618
26620
26621
26623
26625
26626
26628
26630
26632
26638
26640
26642
26643
26645
26646
26647
26648
26649
26650
26655
26656
26659
26664
26668
26669
26671
26673
26674
26675
26676
26678
26683
26684
26687
26691
26692
26695
26697
26702
26704
26705
26707
26708
26711
26713
26716
26718
26725
26727
26732
26733
26735
26736
26741
26742
26745
26746
26747
26749
26750
26752
26753
26754
26757
26759
26761
26762
26763
26764
26765
26766
26768
26774
26775
26777
26778
26779
26785
26788
26789
26791
26792
26796
26798
26801
26802
26803
26805
26807
26811
26819
26826
26829
26830
26832
26833
26835
26837
26843
26845
26847
26848
26851
26858
26859
26862
26865
26867
26868
26869
26871
26875
26877
26881
26885
26889
26891
26892
26893
26894
26896
26897
26905
26906
26907
26910
26912
26915
26916
26917
26918
26924
26931
26935
26937
26938
26942
26943
26944
26945
26951
26953
26957
26960
26961
26963
26964
26967
26968
26972
26975
26976
26977
26980
26984
26989
26990
26992
26993
26995
26997
27001
27003
27011
27015
27018
27019
27020
27022
27023
27024
27030
27031
27033
27035
27037
27039
27040
27045
27046
27047
27048
27051
27057
27061
27063
27064
27069
27071
27075
27076
27079
27082
27083
27084
27086
27088
27092
27093
27097
27099
27101
27102
27106
27107
27112
27115
27118
27120
27122
27124
27127
27130
27133
27134
27136
27138
27139
27141
27145
27147
27153
27154
27155
27160
27163
27164
27172
27176
27177
27179
27180
27181
27185
27187
27188
27190
27193
27196
27197
27199
27208
27211
27215
27217
27218
27219
27222
27224
27227
27228
27230
27231
27232
27233
27235
27236
27239
27243
27248
27250
27252
27254
27258
27259
27261
27262
27263
27264
27267
27268
27269
27270
27273
27278
27279
27280
27283
27287
27290
27291
27292
27295
27297
27300
27303
27315
27321
27322
27323
27324
27333
27339
27343
27347
27348
27351
27354
27355
27356
27357
27360
27362
27364
27368
27371
27373
27378
27379
27383
27385
27387
27393
27395
27397
27400
27401
27402
27403
27404
27406
27408
27409
27412
27419
27420
27423
27428
27430
27431
27432
27433
27436
27437
27444
27447
27451
27454
27455
27456
27459
27462
27466
27467
27468
27469
27471
27472
27474
27476
27478
27480
27482
27485
27488
27489
27491
27492
27493
27497
27498
27500
27501
27503
27505
27507
27508
27509
27512
27521
27522
27523
27524
27526
27527
27528
27532
27534
27536
27539
27540
27543
27545
27548
27549
27550
27553
27554
27555
27561
27564
27570
27571
27572
27573
27575
27576
27577
27578
27581
27582
27585
27586
27589
27591
27594
27596
27597
27598
27600
27601
27602
27603
27604
27605
27606
27611
27612
27618
27625
27627
27630
27634
27636
27643
27644
27645
27647
27653
27657
27664
27665
27667
27671
27672
27679
27680
27681
27682
27685
27686
27687
27688
27696
27699
27703
27705
27707
27709
27712
27713
27714
27715
27716
27718
27721
27722
27723
27729
27730
27731
27732
27744
27745
27746
27748
27749
27756
27758
27759
27760
27765
27775
27776
27777
27783
27785
27787
27790
27792
27796
27797
27798
27799
27800
27802
27804
27810
27813
27815
27819
27821
27826
27829
27830
27831
27832
27833
27835
27836
27841
27843
27844
27848
27850
27853
27854
27856
27857
27860
27861
27865
27870
27872
27874
27875
27878
27879
27882
27885
27886
27887
27889
27893
27894
27895
27896
27897
27899
27902
27903
27905
27906
27908
27910
27911
27914
27915
27916
27922
27926
27929
27930
27931
27934
27936
27937
27940
27941
27942
27947
27949
27950
27951
27953
27954
27955
27956
27957
27959
27960
27962
27966
27968
27970
27971
27973
27974
27975
27976
27979
27984
27985
27988
27989
27991
27993
27994
27996
27997
27998
28001
28003
28006
28008
28015
28016
28023
28024
28025
28030
28032
28034
28035
28037
28040
28041
28042
28044
28045
28046
28047
28049
28050
28058
28059
28060
28063
28066
28073
28074
28077
28079
28082
28084
28085
28089
28091
28093
28098
28100
28101
28104
28110
28113
28117
28118
28119
28125
28128
28130
28132
28134
28135
28137
28140
28141
28143
28146
28147
28151
28152
28158
28160
28162
28163
28169
28170
28171
28180
28187
28192
28193
28195
28198
28199
28202
28203
28205
28206
28208
28211
28213
28215
28217
28218
28220
28225
28229
28231
28232
28234
28235
28240
28242
28246
28249
28251
28252
28253
28254
28256
28268
28273
28274
28276
28284
28285
28288
28289
28292
28293
28295
28300
28307
28308
28309
28312
28313
28314
28316
28320
28322
28324
28331
28333
28337
28338
28340
28341
28347
28359
28360
28361
28366
28368
28370
28372
28373
28374
28377
28379
28380
28383
28385
28387
28388
28390
28392
28393
28396
28397
28402
28405
28408
28409
28410
28412
28416
28417
28418
28419
28424
28426
28427
28428
28431
28433
28436
28438
28439
28443
28446
28449
28450
28451
28455
28456
28459
28460
28461
28462
28464
28465
28469
28474
28475
28476
28478
28479
28480
28485
28488
28490
28492
28500
28501
28502
28503
28504
28507
28513
28514
28516
28518
28522
28523
28525
28527
28529
28533
28539
28541
28542
28544
28546
28551
28552
28554
28556
28558
28561
28564
28566
28568
28572
28573
28576
28578
28579
28580
28583
28584
28586
28590
28591
28593
28595
28603
28604
28607
28609
28610
28611
28615
28618
28620
28621
28622
28627
28632
28635
28636
28638
28639
28640
28642
28643
28645
28646
28649
28655
28659
28660
28661
28662
28667
28668
28670
28672
28674
28679
28682
28683
28684
28686
28688
28690
28693
28699
28703
28704
28707
28708
28709
28710
28715
28718
28719
28720
28721
28722
28727
28729
28736
28737
28738
28739
28744
28745
28746
28749
28750
28752
28753
28759
28761
28762
28765
28766
28767
28768
28769
28772
28774
28778
28779
28782
28783
28786
28788
28790
28795
28799
28800
28804
28805
28806
28808
28810
28811
28813
28820
28821
28823
28824
28827
28831
28833
28835
28837
28839
28842
28844
28846
28847
28848
28850
28851
28852
28853
28858
28859
28860
28862
28863
28866
28867
28870
28872
28873
28874
28876
28886
28887
28888
28891
28894
28898
28900
28901
28910
28911
28913
28920
28922
28926
28928
28929
28931
28935
28940
28942
28948
28950
28952
28956
28960
28967
28969
28970
28971
28973
28977
28979
28984
28988
28990
28994
28996
28998
28999
29000
29002
29003
29004
29005
29014
29015
29016
29018
29019
29022
29023
29024
29026
29029
29032
29033
29036
29039
29046
29047
29048
29054
29055
29058
29060
29062
29064
29067
29068
29070
29071
29073
29080
29083
29084
29088
29091
29092
29094
29098
29099
29100
29102
29105
29106
29109
29115
29121
29123
29127
29129
29130
29131
29133
29136
29137
29139
29140
29141
29142
29144
29145
29146
29149
29151
29152
29155
29157
29160
29169
29176
29177
29178
29179
29180
29181
29182
29183
29187
29193
29195
29196
29199
29200
29201
29203
29204
29205
29208
29211
29214
29215
29216
29221
29222
29224
29228
29232
29234
29235
29236
29238
29242
29243
29250
29253
29255
29257
29259
29260
29263
29273
29274
29278
29280
29282
29287
29288
29289
29290
29293
29295
29297
29301
29305
29309
29311
29317
29318
29325
29327
29333
29337
29338
29340
29344
29347
29349
29350
29351
29353
29354
29356
29360
29362
29363
29364
29366
29367
29373
29374
29377
29381
29385
29388
29399
29400
29402
29403
29404
29405
29407
29408
29410
29411
29412
29417
29419
29420
29424
29425
29426
29428
29434
29435
29436
29438
29443
29445
29447
29448
29449
29455
29456
29458
29461
29462
29463
29464
29465
29467
29468
29469
29470
29471
29476
29481
29483
29489
29492
29494
29496
29497
29498
29500
29501
29505
29507
29508
29509
29513
29514
29516
29517
29519
29522
29526
29527
29530
29531
29533
29535
29536
29537
29538
29539
29543
29547
29549
29551
29552
29553
29559
29560
29561
29562
29565
29566
29567
29573
29574
29575
29576
29586
29587
29588
29589
29590
29593
29595
29596
29599
29600
29604
29606
29608
29609
29611
29612
29614
29615
29618
29625
29626
29627
29630
29632
29634
29636
29638
29640
29642
29643
29647
29648
29650
29654
29658
29659
29660
29664
29668
29670
29671
29673
29674
29677
29678
29681
29682
29689
29691
29697
29698
29700
29701
29702
29703
29706
29711
29716
29717
29720
29724
29726
29728
29729
29730
29731
29733
29735
29736
29737
29740
29743
29744
29745
29747
29748
29753
29754
29755
29757
29761
29762
29763
29764
29769
29775
29780
29781
29783
29784
29785
29786
29790
29793
29803
29809
29812
29814
29824
29828
29829
29831
29845
29850
29853
29857
29860
29862
29863
29868
29869
29870
29873
29875
29877
29878
29881
29882
29885
29886
29887
29888
29890
29894
29898
29903
29905
29906
29909
29910
29911
29912
29913
29915
29917
29918
29920
29921
29922
29923
29927
29930
29931
29933
29935
29938
29939
29942
29944
29947
29948
29949
29952
29953
29954
29956
29969
29970
29972
29973
29974
29979
29980
29981
29982
29985
29986
29987
29989
29994
29995
29998
30007
30013
30014
30017
30020
30021
30022
30023
30025
30027
30029
30033
30035
30037
30039
30040
30041
30042
30044
30046
30053
30055
30056
30058
30060
30061
30062
30064
30072
30075
30078
30080
30081
30083
30084
30086
30088
30092
30094
30097
30102
30104
30105
30106
30107
30109
30112
30115
30117
30120
30122
30124
30125
30126
30128
30129
30130
30131
30133
30137
30138
30142
30143
30144
30145
30148
30151
30152
30153
30155
30156
30157
30161
30172
30176
30178
30184
30186
30188
30191
30193
30194
30198
30199
30200
30201
30204
30207
30208
30216
30219
30220
30222
30224
30229
30231
30232
30234
30235
30240
30242
30243
30246
30248
30249
30250
30251
30252
30255
30256
30257
30259
30261
30262
30268
30270
30272
30273
30276
30278
30280
30282
30283
30284
30287
30288
30289
30292
30294
30296
30297
30298
30302
30303
30305
30306
30308
30309
30310
30312
30316
30317
30319
30321
30326
30328
30333
30334
30335
30336
30337
30339
30342
30345
30347
30349
30352
30356
30357
30358
30361
30364
30367
30368
30370
30371
30373
30374
30378
30380
30383
30384
30385
30387
30394
30398
30399
30401
30402
30403
30411
30412
30414
30416
30418
30420
30423
30426
30427
30428
30429
30430
30432
30435
30436
30437
30441
30443
30444
30450
30451
30452
30453
30455
30457
30459
30462
30471
30472
30476
30486
30489
30491
30497
30501
30503
30505
30506
30508
30513
30524
30525
30533
30536
30537
30538
30545
30546
30548
30549
30550
30551
30554
30555
30557
30560
30563
30565
30568
30570
30572
30574
30575
30576
30578
30580
30585
30587
30591
30592
30595
30600
30604
30605
30606
30607
30610
30611
30613
30614
30615
30617
30619
30620
30621
30627
30635
30636
30637
30639
30640
30641
30643
30644
30647
30649
30650
30652
30653
30657
30660
30664
30665
30667
30668
30679
30681
30682
30683
30685
30686
30687
30688
30689
30690
30691
30694
30696
30697
30699
30700
30703
30705
30710
30715
30716
30717
30718
30720
30722
30724
30725
30729
30731
30739
30746
30747
30751
30753
30754
30755
30757
30758
30759
30763
30766
30769
30770
30774
30777
30778
30780
30782
30783
30786
30787
30789
30790
30794
30800
30803
30806
30808
30809
30812
30815
30816
30820
30822
30825
30826
30830
30833
30836
30841
30843
30845
30846
30849
30853
30854
30855
30856
30859
30865
30866
30869
30871
30872
30874
30876
30878
30890
30891
30893
30894
30896
30897
30902
30903
30904
30905
30906
30908
30909
30913
30914
30915
30919
30922
30923
30927
30931
30937
30939
30942
30951
30952
30954
30955
30956
30969
30972
30976
30978
30979
30980
30982
30983
30984
30987
30994
30995
30996
30997
30998
31000
31003
31004
31006
31007
31009
31013
31015
31016
31022
31025
31026
31032
31033
31034
31039
31040
31041
31045
31046
31048
31051
31052
31053
31057
31058
31061
31062
31064
31065
31069
31070
31071
31072
31074
31077
31080
31083
31084
31085
31086
31087
31089
31094
31096
31097
31107
31116
31127
31130
31132
31136
31138
31140
31141
31145
31146
31149
31152
31155
31157
31160
31162
31163
31164
31167
31169
31172
31175
31177
31180
31183
31184
31193
31202
31205
31213
31214
31217
31220
31223
31227
31228
31229
31231
31240
31241
31243
31245
31246
31248
31249
31253
31259
31260
31262
31264
31265
31266
31267
31268
31270
31272
31273
31275
31280
31281
31288
31289
31290
31293
31299
31302
31303
31304
31306
31308
31313
31315
31318
31321
31326
31327
31329
31337
31340
31342
31345
31346
31347
31348
31349
31350
31355
31360
31361
31362
31364
31365
31366
31367
31374
31379
31383
31385
31387
31389
31392
31393
31394
31395
31398
31399
31401
31405
31410
31415
31419
31420
31423
31427
31428
31430
31431
31432
31438
31441
31442
31444
31445
31446
31449
31450
31451
31457
31458
31459
31465
31467
31468
31471
31473
31475
31476
31480
31493
31494
31495
31496
31499
31500
31502
31503
31508
31510
31514
31516
31518
31520
31523
31525
31527
31528
31529
31532
31533
31535
31538
31539
31541
31543
31544
31547
31551
31553
31554
31556
31559
31560
31566
31569
31571
31572
31577
31578
31581
31582
31589
31592
31596
31598
31599
31603
31604
31608
31609
31614
31618
31619
31620
31624
31625
31626
31629
31630
31631
31632
31635
31637
31638
31642
31643
31645
31646
31648
31649
31652
31653
31655
31657
31658
31660
31662
31664
31665
31667
31669
31676
31677
31680
31689
31690
31692
31694
31695
31697
31699
31701
31712
31713
31717
31724
31727
31728
31733
31734
31738
31739
31742
31743
31745
31747
31749
31753
31754
31755
31756
31757
31758
31759
31760
31762
31766
31772
31773
31774
31775
31783
31785
31786
31787
31788
31789
31794
31798
31799
31803
31805
31806
31817
31818
31821
31826
31828
31831
31832
31837
31839
31842
31844
31845
31846
31847
31849
31851
31852
31859
31861
31863
31866
31867
31871
31873
31874
31878
31880
31881
31887
31891
31897
31899
31901
31904
31907
31908
31909
31910
31912
31918
31919
31921
31924
31925
31928
31930
31932
31939
31944
31945
31948
31953
31959
31963
31967
31969
31973
31976
31977
31984
31985
31986
31988
31993
31995
31996
31999
32000
32002
32003
32007
32008
32009
32011
32012
32016
32017
32019
32020
32026
32031
32034
32035
32037
32042
32047
32049
32051
32052
32055
32057
32060
32062
32064
32065
32066
32072
32073
32079
32080
32082
32084
32085
32089
32095
32096
32099
32107
32111
32113
32114
32115
32118
32122
32125
32130
32132
32134
32135
32138
32142
32143
32146
32147
32149
32150
32151
32155
32156
32157
32160
32163
32164
32166
32167
32168
32169
32170
32171
32173
32174
32177
32179
32187
32188
32189
32191
32194
32197
32198
32199
32200
32204
32205
32206
32215
32217
32218
32219
32221
32226
32227
32230
32237
32240
32241
32247
32248
32250
32252
32256
32259
32260
32261
32273
32281
32282
32283
32284
32286
32291
32293
32294
32298
32300
32303
32305
32306
32307
32308
32312
32313
32315
32319
32322
32324
32325
32327
32332
32333
32334
32335
32336
32338
32340
32342
32345
32347
32349
32350
32352
32355
32359
32360
32364
32365
32367
32368
32371
32372
32379
32382
32383
32384
32387
32388
32389
32391
32394
32395
32400
32404
32405
32408
32410
32411
32417
32418
32419
32420
32422
32427
32434
32438
32440
32442
32447
32449
32452
32455
32456
32457
32462
32466
32470
32475
32477
32478
32483
32486
32488
32489
32492
32495
32496
32497
32500
32501
32505
32506
32507
32510
32511
32515
32517
32518
32520
32521
32522
32524
32530
32533
32534
32538
32539
32547
32551
32552
32554
32559
32563
32568
32572
32578
32580
32584
32586
32587
32589
32590
32592
32595
32597
32599
32603
32605
32612
32618
32619
32621
32623
32626
32628
32631
32639
32640
32645
32649
32650
32657
32658
32662
32663
32666
32667
32674
32675
32676
32679
32680
32681
32684
32685
32687
32688
32689
32690
32692
32694
32697
32698
32700
32710
32711
32712
32718
32719
32720
32722
32724
32726
32728
32730
32731
32732
32733
32734
32736
32740
32744
32745
32749
32750
32751
32759
32760
32762
32765
32767
32769
32771
32773
32774
32777
32779
32780
32787
32789
32794
32795
32796
32803
32809
32812
32816
32819
32821
32824
32829
32834
32835
32842
32844
32847
32853
32854
32856
32857
32864
32865
32869
32875
32877
32880
32883
32886
32887
32892
32893
32894
32895
32897
32900
32901
32902
32903
32904
32908
32913
32915
32929
32930
32939
32942
32944
32946
32947
32949
32950
32953
32955
32957
32961
32967
32970
32972
32974
32975
32976
32979
32980
32983
32984
32997
33000
33002
33003
33004
33006
33011
33014
33015
33017
33018
33019
33020
33022
33024
33025
33029
33031
33033
33034
33036
33041
33043
33044
33045
33047
33050
33053
33054
33056
33060
33061
33064
33066
33067
33068
33072
33079
33082
33085
33086
33091
33094
33102
33105
33112
33121
33123
33125
33127
33129
33131
33132
33134
33135
33136
33137
33139
33140
33141
33142
33143
33144
33148
33150
33153
33154
33159
33160
33161
33163
33167
33168
33181
33182
33187
33192
33193
33194
33196
33197
33200
33203
33207
33210
33211
33213
33218
33221
33222
33223
33224
33225
33228
33233
33234
33242
33244
33248
33249
33250
33251
33252
33253
33256
33262
33263
33266
33269
33270
33273
33275
33278
33280
33282
33283
33285
33286
33289
33290
33292
33307
33311
33316
33319
33322
33323
33326
33327
33328
33329
33331
33338
33340
33341
33345
33346
33349
33353
33354
33356
33357
33358
33360
33364
33367
33368
33371
33375
33377
33379
33380
33383
33384
33390
33391
33392
33394
33395
33396
33400
33404
33407
33412
33414
33420
33421
33422
33426
33427
33428
33431
33437
33438
33443
33444
33445
33446
33448
33449
33452
33453
33455
33457
33458
33461
33463
33464
33468
33472
33475
33476
33479
33482
33483
33485
33486
33489
33493
33494
33496
33502
33503
33506
33508
33516
33519
33525
33526
33527
33529
33530
33531
33532
33544
33545
33547
33548
33549
33551
33553
33554
33555
33561
33562
33565
33571
33572
33578
33581
33583
33584
33585
33588
33592
33597
33599
33601
33607
33610
33611
33612
33616
33621
33622
33625
33628
33631
33634
33638
33639
33640
33642
33644
33646
33648
33651
33654
33656
33657
33659
33663
33668
33671
33674
33675
33676
33677
33679
33681
33682
33683
33685
33686
33689
33693
33699
33702
33707
33712
33714
33716
33719
33721
33723
33724
33727
33731
33733
33738
33746
33753
33754
33756
33758
33763
33764
33765
33767
33768
33769
33771
33772
33773
33776
33780
33781
33789
33796
33798
33799
33802
33806
33808
33817
33818
33819
33822
33828
33829
33832
33833
33837
33841
33844
33845
33847
33848
33851
33854
33855
33859
33865
33866
33871
33873
33875
33876
33878
33879
33888
33889
33891
33896
33897
33906
33909
33911
33913
33917
33918
33922
33923
33927
33932
33940
33944
33946
33950
33953
33954
33955
33958
33961
33962
33963
33966
33968
33970
33972
33973
33974
33975
33978
33990
33992
33993
33998
34001
34002
34003
34004
34005
34006
34013
34016
34017
34018
34020
34021
34024
34027
34030
34031
34034
34035
34038
34039
34041
34046
34047
34048
34049
34055
34056
34059
34062
34068
34069
34072
34074
34075
34078
34079
34080
34086
34089
34090
34092
34095
34097
34098
34101
34102
34106
34108
34111
34112
34114
34117
34118
34119
34123
34125
34126
34130
34131
34136
34138
34142
34151
34154
34156
34166
34167
34168
34169
34170
34171
34172
34179
34181
34183
34188
34191
34192
34193
34194
34200
34201
34205
34206
34208
34209
34211
34217
34218
34219
34220
34221
34222
34226
34227
34228
34231
34235
34236
34239
34241
34242
34243
34244
34248
34250
34252
34253
34254
34255
34256
34258
34259
34263
34272
34274
34279
34281
34282
34286
34288
34290
34293
34301
34302
34303
34304
34306
34307
34308
34310
34312
34314
34316
34320
34326
34328
34332
34334
34335
34340
34346
34347
34349
34353
34354
34355
34359
34360
34367
34372
34373
34382
34383
34388
34389
34390
34391
34392
34394
34396
34398
34402
34407
34408
34409
34411
34415
34416
34417
34419
34426
34428
34430
34434
34435
34437
34439
34441
34444
34447
34448
34449
34452
34457
34458
34461
34463
34467
34469
34475
34484
34485
34489
34494
34495
34502
34503
34505
34506
34507
34508
34511
34512
34522
34527
34531
34532
34534
34536
34538
34541
34547
34549
34553
34561
34563
34564
34565
34568
34574
34576
34578
34580
34581
34584
34585
34587
34588
34589
34592
34593
34594
34595
34606
34610
34611
34612
34615
34616
34617
34618
34619
34620
34625
34626
34627
34630
34631
34632
34634
34635
34639
34640
34641
34643
34644
34645
34648
34650
34651
34661
34662
34663
34666
34667
34669
34673
34676
34678
34679
34682
34684
34685
34686
34687
34688
34689
34692
34700
34702
34704
34707
34712
34713
34716
34721
34725
34726
34731
34733
34738
34740
34743
34744
34748
34750
34751
34755
34756
34761
34762
34767
34769
34771
34772
34776
34782
34783
34784
34791
34797
34801
34806
34808
34809
34815
34818
34819
34831
34834
34835
34836
34838
34840
34844
34846
34847
34852
34854
34855
34857
34860
34862
34865
34867
34869
34870
34871
34873
34875
34877
34879
34881
34882
34887
34888
34890
34891
34896
34898
34899
34901
34906
34911
34914
34915
34916
34917
34918
34921
34922
34924
34927
34928
34931
34933
34935
34936
34937
34938
34940
34941
34945
34946
34947
34948
34950
34951
34957
34959
34960
34962
34964
34965
34969
34971
34974
34975
34978
34982
34983
34986
34987
34988
34990
34995
35000
35005
35006
35008
35010
35013
35021
35022
35025
35026
35027
35028
35031
35036
35042
35044
35051
35052
35054
35057
35059
35067
35069
35070
35074
35076
35077
35079
35082
35085
35090
35092
35096
35097
35101
35102
35107
35110
35111
35113
35114
35116
35118
35119
35121
35123
35127
35131
35132
35133
35136
35137
35139
35144
35147
35150
35153
35154
35155
35156
35157
35158
35159
35161
35162
35163
35168
35170
35171
35177
35181
35182
35183
35184
35185
35186
35187
35192
35197
35201
35202
35203
35210
35219
35221
35224
35230
35232
35233
35239
35241
35242
35246
35251
35264
35266
35267
35268
35269
35270
35273
35275
35277
35278
35280
35287
35294
35296
35299
35300
35301
35309
35312
35316
35317
35318
35324
35331
35333
35334
35343
35344
35349
35351
35360
35367
35369
35370
35371
35378
35383
35386
35389
35393
35396
35398
35400
35404
35405
35406
35408
35413
35416
35417
35421
35428
35430
35432
35436
35437
35439
35440
35443
35444
35448
35461
35465
35467
35469
35472
35473
35474
35476
35480
35481
35492
35493
35495
35504
35508
35511
35512
35513
35517
35523
35525
35527
35531
35534
35535
35536
35544
35546
35548
35550
35554
35555
35558
35559
35561
35564
35565
35566
35570
35573
35580
35581
35584
35587
35589
35592
35593
35595
35598
35602
35604
35605
35606
35607
35608
35609
35615
35616
35617
35618
35621
35623
35624
35626
35634
35639
35641
35642
35644
35647
35649
35651
35652
35654
35655
35660
35662
35665
35667
35669
35672
35675
35678
35679
35681
35683
35688
35692
35693
35698
35701
35702
35704
35706
35707
35708
35713
35715
35721
35723
35724
35731
35732
35734
35741
35745
35750
35753
35757
35758
35761
35762
35764
35765
35767
35770
35775
35776
35780
35782
35786
35791
35792
35795
35799
35803
35807
35808
35810
35818
35821
35822
35824
35825
35827
35831
35834
35835
35837
35841
35844
35845
35847
35852
35856
35858
35859
35867
35868
35869
35874
35877
35878
35880
35881
35889
35895
35899
35902
35903
35907
35915
35918
35919
35929
35930
35931
35933
35936
35938
35948
35953
35957
35961
35964
35965
35966
35967
35968
35971
35972
35975
35979
35980
35981
35982
35983
35985
35988
35995
35996
35998
35999
36000
36002
36004
36005
36006
36009
36010
36019
36020
36023
36025
36033
36035
36038
36040
36041
36043
36045
36048
36053
36054
36061
36063
36064
36065
36067
36069
36072
36079
36080
36082
36089
36091
36092
36096
36099
36101
36102
36104
36111
36112
36114
36119
36120
36122
36123
36124
36125
36127
36129
36130
36132
36134
36135
36137
36139
36140
36141
36146
36149
36150
36153
36156
36160
36163
36178
36184
36187
36190
36194
36195
36200
36204
36210
36211
36214
36218
36230
36240
36241
36243
36250
36253
36255
36256
36257
36266
36273
36274
36275
36277
36279
36280
36281
36284
36286
36287
36290
36292
36293
36297
36298
36300
36301
36302
36306
36309
36319
36324
36331
36332
36333
36335
36340
36341
36344
36349
36351
36353
36355
36356
36361
36362
36365
36366
36371
36375
36376
36377
36378
36380
36382
36388
36389
36392
36393
36396
36398
36400
36405
36406
36412
36413
36414
36418
36428
36432
36433
36438
36439
36441
36443
36445
36447
36448
36450
36454
36455
36458
36459
36463
36464
36465
36477
36481
36482
36483
36486
36488
36489
36493
36494
36501
36504
36505
36506
36508
36512
36515
36517
36518
36519
36523
36528
36531
36533
36535
36537
36540
36542
36543
36544
36545
36547
36549
36550
36553
36559
36563
36564
36567
36568
36569
36570
36571
36574
36579
36582
36583
36586
36593
36597
36612
36613
36619
36623
36626
36628
36631
36633
36634
36635
36637
36638
36639
36645
36646
36648
36649
36655
36656
36657
36659
36661
36665
36666
36668
36670
36671
36672
36674
36676
36678
36679
36683
36684
36689
36692
36693
36696
36698
36705
36707
36708
36710
36711
36712
36716
36724
36728
36730
36731
36732
36733
36737
36738
36739
36740
36741
36743
36746
36748
36749
36750
36751
36756
36757
36759
36760
36762
36763
36764
36765
36769
36774
36775
36776
36780
36783
36790
36791
36795
36802
36807
36808
36810
36812
36813
36819
36820
36823
36824
36826
36833
36835
36838
36840
36843
36846
36854
36856
36858
36859
36860
36861
36863
36864
36865
36870
36873
36879
36887
36893
36894
36896
36897
36900
36901
36909
36912
36918
36922
36923
36925
36926
36931
36933
36937
36940
36943
36946
36948
36950
36952
36953
36954
36957
36959
36960
36961
36962
36965
36966
36967
36972
36975
36977
36981
36986
36988
36991
36994
36997
36999
37000
37002
37006
37007
37017
37018
37019
37020
37021
37024
37026
37030
37032
37036
37040
37041
37045
37047
37052
37056
37066
37070
37071
37074
37075
37078
37080
37081
37089
37093
37095
37099
37101
37102
37104
37106
37107
37108
37110
37112
37113
37115
37116
37117
37118
37120
37121
37123
37126
37131
37139
37141
37143
37145
37146
37147
37150
37152
37153
37154
37155
37156
37158
37163
37165
37166
37167
37168
37169
37170
37174
37175
37179
37181
37189
37191
37194
37198
37200
37205
37209
37214
37221
37225
37228
37229
37230
37232
37239
37241
37244
37249
37250
37263
37266
37273
37277
37279
37280
37284
37291
37299
37300
37303
37311
37313
37319
37324
37326
37327
37328
37335
37337
37348
37355
37361
37362
37364
37367
37373
37375
37376
37377
37380
37381
37383
37384
37386
37388
37390
37391
37393
37394
37395
37399
37402
37405
37408
37423
37425
37429
37430
37431
37435
37438
37442
37444
37447
37450
37451
37452
37453
37459
37461
37464
37469
37471
37475
37481
37486
37487
37492
37493
37494
37495
37499
37500
37503
37511
37512
37514
37516
37517
37518
37520
37521
37526
37531
37532
37533
37535
37538
37539
37542
37543
37545
37549
37550
37555
37556
37558
37561
37562
37563
37564
37569
37572
37573
37574
37575
37576
37578
37580
37581
37583
37584
37596
37597
37598
37600
37602
37607
37609
37610
37614
37616
37623
37627
37629
37632
37636
37637
37645
37647
37648
37652
37656
37659
37661
37664
37665
37666
37669
37674
37675
37682
37683
37684
37685
37687
37688
37693
37696
37700
37705
37707
37709
37710
37711
37712
37717
37724
37726
37727
37729
37736
37738
37739
37741
37742
37746
37752
37764
37765
37766
37767
37769
37772
37776
37780
37783
37788
37789
37791
37794
37795
37797
37799
37805
37806
37811
37813
37814
37815
37816
37821
37829
37830
37834
37836
37838
37840
37843
37845
37847
37849
37850
37852
37855
37860
37864
37867
37868
37870
37871
37873
37874
37875
37883
37887
37888
37894
37897
37901
37904
37906
37907
37908
37911
37917
37919
37920
37922
37925
37928
37930
37932
37935
37936
37937
37938
37939
37942
37948
37951
37952
37956
37961
37969
37974
37975
37976
37986
37989
37990
37997
37998
38004
38015
38018
38019
38020
38023
38025
38030
38031
38033
38038
38039
38042
38043
38044
38048
38049
38051
38053
38055
38057
38058
38060
38061
38062
38066
38067
38068
38069
38070
38071
38075
38079
38093
38095
38100
38101
38102
38103
38105
38110
38111
38112
38116
38123
38124
38127
38131
38135
38138
38142
38147
38148
38151
38153
38155
38156
38159
38160
38162
38170
38172
38173
38174
38175
38181
38184
38185
38191
38193
38197
38200
38207
38213
38214
38215
38219
38220
38222
38224
38226
38232
38233
38237
38239
38242
38245
38247
38248
38251
38261
38270
38271
38274
38275
38277
38279
38280
38281
38282
38286
38288
38292
38293
38296
38297
38298
38305
38306
38312
38313
38318
38321
38324
38327
38331
38333
38335
38336
38337
38338
38341
38345
38347
38348
38349
38350
38355
38357
38359
38362
38364
38369
38370
38371
38373
38374
38375
38376
38385
38387
38389
38390
38393
38396
38400
38401
38403
38410
38411
38415
38420
38422
38424
38425
38426
38429
38432
38435
38437
38443
38444
38447
38451
38453
38454
38455
38462
38468
38470
38471
38474
38475
38477
38478
38480
38485
38491
38493
38494
38498
38499
38500
38501
38503
38508
38511
38512
38514
38515
38516
38519
38520
38521
38527
38530
38533
38534
38537
38540
38545
38546
38553
38554
38556
38561
38562
38565
38566
38569
38571
38572
38576
38578
38579
38580
38582
38586
38587
38589
38593
38595
38596
38597
38600
38601
38610
38617
38618
38619
38620
38624
38625
38627
38636
38639
38641
38642
38647
38648
38649
38650
38660
38664
38667
38671
38673
38675
38682
38686
38687
38703
38704
38710
38713
38714
38717
38723
38724
38725
38726
38728
38729
38730
38733
38734
38741
38743
38744
38753
38755
38756
38757
38758
38763
38767
38768
38769
38770
38773
38774
38781
38784
38785
38787
38788
38797
38798
38807
38809
38820
38822
38824
38828
38835
38843
38849
38853
38854
38855
38856
38859
38862
38870
38872
38875
38890
38895
38899
38901
38905
38907
38910
38917
38919
38920
38921
38923
38926
38927
38928
38929
38932
38934
38935
38937
38940
38944
38952
38954
38955
38956
38960
38961
38965
38967
38969
38970
38973
38974
38975
38976
38977
38979
38985
38986
38991
38999
39001
39006
39007
39013
39020
39026
39030
39032
39034
39039
39042
39043
39046
39048
39049
39053
39055
39056
39058
39060
39061
39063
39064
39074
39075
39086
39089
39090
39094
39097
39099
39100
39101
39102
39103
39107
39108
39113
39114
39116
39120
39124
39128
39134
39139
39140
39142
39143
39146
39147
39149
39150
39152
39156
39160
39171
39173
39174
39181
39182
39185
39191
39192
39194
39200
39201
39204
39207
39208
39210
39212
39215
39216
39217
39218
39220
39222
39224
39230
39234
39235
39236
39240
39243
39244
39245
39249
39258
39260
39261
39265
39268
39270
39271
39273
39282
39286
39291
39294
39295
39296
39299
39301
39305
39309
39312
39313
39318
39324
39332
39339
39342
39343
39344
39358
39359
39360
39361
39364
39367
39375
39376
39377
39378
39384
39386
39387
39389
39391
39393
39394
39395
39400
39401
39403
39405
39408
39410
39419
39421
39422
39430
39431
39436
39441
39442
39443
39445
39450
39451
39452
39455
39458
39463
39465
39468
39483
39488
39489
39492
39493
39499
39502
39505
39506
39507
39509
39512
39516
39517
39523
39525
39529
39533
39534
39538
39540
39546
39548
39549
39551
39552
39557
39558
39560
39561
39566
39572
39576
39577
39579
39587
39588
39589
39590
39592
39596
39599
39600
39601
39602
39604
39605
39608
39610
39611
39612
39613
39614
39615
39620
39621
39628
39630
39632
39641
39645
39646
39653
39656
39657
39658
39659
39660
39661
39662
39671
39674
39682
39686
39688
39696
39698
39699
39700
39701
39704
39706
39709
39711
39712
39715
39716
39721
39725
39727
39731
39732
39735
39738
39739
39745
39750
39751
39753
39754
39756
39763
39770
39772
39776
39780
39783
39784
39785
39791
39796
39801
39802
39803
39804
39807
39812
39814
39815
39816
39817
39819
39828
39835
39841
39842
39843
39844
39852
39856
39862
39864
39867
39871
39872
39878
39879
39880
39883
39886
39889
39890
39891
39896
39903
39906
39910
39911
39913
39916
39921
39930
39932
39933
39940
39941
39944
39946
39947
39950
39961
39963
39967
39970
39971
39976
39980
39986
39994
39995
39996
39997
40000
40001
40009
40013
40014
40015
40016
40022
40024
40028
40031
40033
40035
40037
40041
40043
40045
40047
40053
40062
40063
40064
40065
40067
40068
40080
40084
40089
40093
40102
40105
40106
40108
40114
40117
40119
40121
40123
40126
40131
40134
40135
40138
40140
40145
40147
40150
40151
40153
40155
40158
40159
40162
40164
40165
40173
40176
40183
40186
40189
40195
40196
40198
40199
40200
40202
40205
40206
40208
40215
40217
40221
40223
40227
40228
40229
40230
40233
40234
40239
40242
40248
40252
40253
40254
40256
40258
40262
40265
40267
40269
40270
40276
40277
40284
40285
40289
40290
40294
40298
40302
40305
40306
40307
40311
40316
40320
40321
40324
40333
40335
40339
40340
40342
40343
40344
40345
40348
40350
40352
40355
40356
40358
40362
40363
40365
40366
40367
40368
40370
40372
40376
40377
40380
40382
40389
40393
40395
40396
40399
40403
40407
40409
40411
40429
40434
40436
40437
40444
40445
40448
40451
40454
40460
40463
40464
40466
40467
40470
40472
40474
40476
40477
40478
40479
40480
40481
40482
40485
40487
40489
40493
40498
40502
40508
40510
40513
40514
40519
40522
40523
40526
40528
40530
40532
40537
40543
40549
40551
40552
40553
40558
40559
40560
40563
40568
40570
40572
40573
40574
40575
40577
40578
40586
40587
40590
40591
40593
40598
40601
40602
40603
40605
40608
40613
40616
40632
40634
40640
40641
40644
40645
40647
40652
40657
40659
40661
40663
40665
40669
40670
40672
40676
40677
40678
40680
40682
40685
40692
40695
40698
40700
40701
40702
40703
40704
40710
40712
40713
40716
40724
40729
40734
40736
40737
40740
40741
40751
40753
40756
40757
40759
40761
40762
40767
40768
40772
40774
40775
40782
40784
40786
40788
40789
40791
40796
40797
40802
40803
40810
40811
40813
40819
40825
40826
40829
40836
40837
40841
40843
40844
40847
40851
40852
40854
40857
40859
40860
40861
40863
40864
40872
40874
40876
40878
40879
40880
40885
40891
40893
40896
40898
40899
40900
40903
40907
40909
40913
40914
40918
40921
40928
40929
40930
40931
40933
40934
40936
40937
40941
40942
40945
40948
40956
40959
40963
40965
40966
40968
40969
40970
40971
40975
40976
40979
40980
40984
40987
40989
40990
40993
40996
40999
41000
41001
41007
41008
41011
41017
41018
41020
41025
41026
41028
41029
41031
41032
41034
41036
41041
41042
41043
41047
41048
41050
41054
41058
41059
41060
41062
41070
41074
41077
41084
41090
41097
41099
41100
41102
41108
41109
41110
41111
41112
41116
41119
41121
41123
41127
41128
41139
41140
41141
41142
41145
41147
41151
41154
41155
41158
41162
41166
41171
41172
41176
41177
41180
41184
41185
41187
41189
41192
41195
41198
41199
41201
41204
41206
41208
41209
41211
41212
41213
41215
41216
41217
41220
41221
41227
41229
41238
41251
41253
41256
41257
41258
41262
41265
41268
41274
41278
41284
41286
41290
41291
41292
41293
41298
41300
41302
41307
41308
41309
41310
41315
41316
41318
41319
41323
41328
41336
41338
41341
41342
41345
41346
41347
41351
41352
41365
41372
41382
41384
41393
41394
41396
41397
41400
41402
41408
41409
41411
41413
41421
41424
41434
41435
41436
41437
41441
41447
41452
41460
41461
41462
41463
41474
41475
41481
41482
41484
41490
41492
41497
41502
41506
41508
41509
41512
41517
41518
41519
41520
41523
41526
41531
41532
41535
41540
41541
41542
41544
41545
41548
41549
41555
41557
41560
41563
41566
41567
41569
41575
41579
41585
41587
41588
41591
41594
41599
41602
41612
41614
41615
41626
41627
41628
41632
41634
41639
41640
41642
41656
41661
41662
41666
41669
41670
41674
41677
41678
41679
41680
41682
41686
41695
41702
41705
41717
41719
41723
41724
41726
41730
41731
41732
41733
41734
41735
41736
41739
41740
41746
41747
41752
41753
41755
41757
41759
41761
41763
41764
41765
41769
41770
41771
41780
41783
41787
41788
41789
41793
41796
41802
41804
41806
41807
41814
41820
41822
41829
41831
41833
41834
41845
41849
41850
41854
41858
41859
41860
41861
41863
41866
41867
41869
41870
41872
41875
41881
41882
41885
41886
41890
41891
41904
41908
41910
41912
41914
41918
41923
41924
41927
41928
41930
41935
41936
41938
41944
41946
41947
41948
41949
41957
41959
41961
41963
41967
41971
41976
41980
41981
41984
41985
41986
41987
41988
41989
41992
41996
42000
42001
42002
42004
42011
42014
42020
42021
42022
42029
42030
42031
42032
42036
42042
42043
42045
42046
42049
42054
42057
42060
42061
42062
42065
42069
42077
42079
42082
42086
42089
42094
42095
42100
42105
42106
42112
42113
42114
42115
42121
42123
42126
42127
42134
42141
42143
42145
42146
42148
42151
42156
42157
42158
42166
42174
42176
42177
42180
42184
42186
42188
42189
42191
42196
42203
42208
42214
42216
42218
42221
42230
42233
42235
42237
42241
42242
42246
42247
42250
42254
42256
42258
42259
42260
42261
42264
42266
42274
42276
42279
42283
42284
42294
42295
42296
42298
42302
42310
42314
42318
42320
42322
42323
42325
42326
42327
42343
42346
42348
42350
42355
42356
42357
42358
42359
42360
42364
42367
42368
42374
42375
42376
42377
42392
42395
42396
42402
42404
42410
42415
42416
42422
42423
42424
42425
42426
42429
42430
42432
42435
42439
42441
42449
42454
42460
42461
42463
42465
42473
42476
42478
42479
42481
42482
42484
42488
42489
42491
42493
42495
42500
42503
42506
42508
42513
42518
42529
42532
42533
42536
42540
42541
42543
42545
42547
42553
42554
42555
42556
42558
42560
42561
42562
42565
42566
42567
42569
42570
42572
42575
42576
42580
42582
42584
42585
42586
42588
42592
42593
42597
42600
42601
42607
42612
42613
42615
42620
42626
42627
42632
42633
42638
42639
42641
42643
42645
42647
42648
42649
42654
42657
42659
42661
42662
42663
42666
42670
42672
42673
42675
42677
42680
42683
42684
42685
42687
42688
42689
42690
42691
42693
42702
42705
42706
42710
42712
42719
42722
42724
42728
42733
42739
42740
42744
42747
42748
42749
42750
42751
42754
42755
42756
42768
42773
42774
42775
42776
42778
42779
42780
42781
42783
42790
42793
42797
42801
42803
42806
42807
42811
42815
42818
42822
42827
42829
42831
42839
42840
42842
42845
42850
42857
42861
42864
42872
42878
42880
42881
42882
42885
42886
42893
42895
42897
42898
42903
42910
42914
42915
42919
42920
42923
42924
42926
42927
42929
42930
42932
42933
42937
42939
42940
42941
42944
42949
42954
42956
42958
42961
42964
42966
42968
42969
42970
42972
42973
42977
42981
42984
42985
42987
42988
42992
43001
43004
43006
43007
43009
43014
43016
43020
43022
43025
43026
43029
43030
43033
43045
43046
43052
43053
43054
43056
43058
43059
43063
43064
43065
43068
43069
43072
43075
43077
43079
43080
43084
43086
43087
43088
43091
43093
43096
43097
43098
43100
43102
43105
43111
43113
43114
43119
43121
43122
43123
43124
43125
43126
43129
43130
43135
43136
43137
43139
43145
43147
43150
43151
43152
43154
43159
43162
43165
43173
43177
43179
43191
43197
43199
43204
43205
43208
43210
43212
43214
43215
43217
43218
43221
43222
43224
43227
43228
43229
43230
43235
43246
43250
43253
43255
43257
43265
43278
43279
43287
43292
43293
43294
43297
43302
43306
43309
43310
43313
43327
43330
43334
43338
43339
43340
43345
43347
43348
43351
43353
43354
43358
43359
43361
43363
43365
43366
43367
43368
43372
43381
43383
43388
43391
43393
43399
43400
43401
43403
43409
43411
43413
43414
43415
43417
43418
43422
43428
43431
43434
43439
43440
43443
43447
43452
43455
43461
43464
43465
43470
43478
43483
43487
43489
43492
43494
43495
43496
43498
43499
43503
43509
43510
43511
43512
43523
43524
43525
43528
43531
43532
43537
43538
43542
43549
43550
43551
43553
43556
43558
43560
43561
43562
43564
43567
43568
43569
43570
43580
43581
43582
43585
43587
43592
43594
43595
43599
43600
43601
43602
43605
43607
43610
43611
43613
43616
43621
43625
43627
43628
43630
43634
43636
43641
43642
43643
43645
43658
43668
43674
43676
43679
43680
43683
43689
43690
43693
43696
43697
43698
43704
43709
43710
43714
43717
43718
43725
43735
43740
43744
43747
43750
43751
43753
43754
43760
43761
43762
43764
43765
43766
43770
43774
43775
43777
43778
43781
43783
43785
43787
43790
43792
43794
43795
43796
43798
43799
43801
43808
43810
43812
43813
43816
43817
43821
43822
43824
43825
43828
43829
43832
43835
43837
43843
43848
43852
43854
43856
43857
43858
43862
43863
43869
43873
43877
43879
43882
43883
43885
43893
43895
43902
43910
43913
43914
43917
43924
43928
43930
43933
43936
43939
43940
43941
43943
43948
43954
43957
43963
43967
43972
43974
43975
43977
43980
43988
43989
43990
43992
44005
44015
44016
44020
44025
44029
44030
44035
44041
44066
44067
44068
44070
44071
44072
44079
44088
44090
44101
44107
44114
44115
44118
44120
44121
44131
44133
44134
44136
44139
44141
44143
44148
44158
44159
44161
44164
44167
44169
44172
44174
44178
44184
44185
44186
44188
44190
44193
44196
44197
44200
44204
44205
44211
44214
44215
44216
44217
44218
44219
44222
44223
44232
44235
44239
44240
44245
44247
44248
44250
44257
44261
44270
44273
44274
44278
44282
44283
44291
44293
44295
44296
44297
44304
44305
44306
44308
44313
44315
44319
44321
44325
44326
44327
44333
44334
44335
44337
44343
44345
44346
44359
44362
44365
44366
44369
44370
44373
44375
44377
44378
44380
44382
44387
44391
44393
44398
44403
44406
44409
44410
44412
44417
44418
44419
44420
44422
44423
44425
44426
44430
44432
44436
44437
44439
44443
44444
44447
44452
44457
44463
44468
44469
44471
44472
44478
44482
44486
44487
44493
44495
44499
44500
44505
44506
44507
44508
44511
44512
44514
44516
44519
44520
44524
44528
44535
44538
44540
44541
44544
44547
44548
44551
44552
44559
44560
44563
44564
44566
44567
44569
44570
44572
44573
44577
44580
44588
44595
44597
44602
44604
44607
44610
44613
44614
44615
44621
44623
44624
44626
44631
44638
44642
44643
44647
44650
44662
44664
44669
44673
44674
44675
44676
44677
44687
44696
44698
44699
44700
44705
44707
44713
44719
44724
44725
44730
44734
44736
44738
44739
44742
44743
44744
44748
44750
44758
44763
44770
44772
44773
44774
44777
44778
44780
44782
44787
44788
44792
44799
44803
44804
44809
44812
44815
44825
44826
44837
44850
44855
44856
44863
44864
44865
44866
44867
44868
44872
44874
44876
44879
44890
44892
44893
44894
44895
44899
44900
44901
44909
44913
44915
44922
44923
44925
44926
44929
44933
44935
44936
44939
44944
44945
44946
44948
44950
44953
44954
44958
44960
44967
44969
44971
44972
44983
44985
44989
44990
44992
44993
44995
44996
44998
44999
45003
45004
45013
45015
45021
45025
45028
45034
45035
45037
45039
45041
45042
45046
45047
45049
45060
45063
45068
45072
45075
45085
45088
45092
45097
45099
45101
45107
45108
45109
45111
45115
45117
45120
45125
45127
45129
45132
45133
45137
45140
45143
45144
45150
45156
45158
45166
45168
45170
45172
45173
45176
45184
45195
45196
45198
45199
45201
45202
45203
45204
45205
45209
45211
45215
45218
45223
45224
45227
45229
45231
45232
45237
45238
45242
45245
45249
45250
45251
45255
45260
45261
45268
45276
45277
45282
45284
45285
45286
45287
45291
45292
45297
45298
45302
45303
45307
45317
45331
45334
45336
45350
45353
45354
45360
45364
45366
45370
45371
45373
45374
45379
45380
45382
45384
45387
45388
45398
45401
45403
45406
45410
45414
45415
45417
45423
45431
45440
45451
45452
45457
45460
45462
45464
45467
45469
45470
45474
45479
45486
45488
45493
45495
45501
45503
45504
45505
45512
45515
45516
45518
45520
45527
45530
45531
45539
45543
45548
45555
45556
45558
45560
45561
45564
45571
45572
45576
45579
45582
45584
45590
45592
45596
45601
45604
45607
45613
45614
45616
45619
45622
45628
45635
45640
45642
45643
45646
45652
45653
45655
45662
45663
45664
45671
45684
45685
45689
45691
45694
45698
45704
45711
45717
45720
45723
45724
45729
45731
45735
45736
45739
45740
45741
45744
45746
45749
45750
45753
45763
45764
45765
45766
45767
45769
45770
45773
45776
45777
45778
45779
45781
45783
45790
45799
45800
45804
45806
45810
45812
45816
45826
45827
45828
45835
45840
45841
45843
45844
45845
45846
45855
45857
45859
45860
45862
45868
45869
45870
45879
45880
45882
45886
45888
45891
45893
45896
45897
45903
45910
45914
45916
45920
45925
45927
45931
45932
45935
45938
45942
45944
45947
45948
45951
45952
45956
45959
45960
45966
45975
45979
45984
45988
45993
45994
46000
46001
46002
46003
46012
46020
46026
46028
46032
46035
46036
46037
46041
46042
46045
46049
46052
46062
46065
46066
46068
46069
46076
46077
46080
46095
46096
46097
46099
46101
46105
46108
46109
46110
46113
46114
46118
46124
46128
46137
46140
46142
46143
46147
46149
46150
46153
46168
46170
46174
46175
46177
46180
46181
46183
46187
46188
46191
46193
46197
46202
46204
46205
46206
46208
46210
46211
46217
46222
46229
46235
46236
46238
46241
46245
46261
46262
46263
46264
46265
46270
46276
46278
46279
46280
46283
46287
46289
46293
46296
46297
46300
46303
46304
46313
46314
46316
46320
46326
46331
46335
46339
46342
46344
46347
46349
46351
46360
46362
46366
46370
46377
46379
46387
46389
46392
46393
46394
46397
46399
46400
46403
46416
46420
46421
46422
46424
46425
46430
46440
46441
46447
46449
46450
46455
46459
46461
46468
46469
46472
46476
46478
46484
46489
46490
46491
46494
46495
46496
46501
46503
46508
46509
46514
46516
46520
46523
46524
46526
46533
46534
46536
46537
46543
46544
46547
46552
46557
46558
46560
46561
46564
46572
46574
46578
46579
46583
46585
46597
46601
46609
46610
46611
46612
46613
46615
46617
46618
46628
46629
46632
46633
46636
46637
46645
46647
46648
46650
46652
46653
46654
46657
46659
46662
46664
46665
46666
46669
46673
46674
46677
46681
46683
46684
46690
46692
46693
46694
46696
46697
46698
46702
46704
46709
46710
46711
46719
46720
46726
46731
46734
46741
46742
46743
46746
46747
46749
46754
46755
46756
46759
46761
46762
46763
46766
46769
46780
46786
46791
46792
46793
46796
46797
46798
46803
46804
46805
46810
46812
46813
46816
46823
46830
46831
46834
46835
46839
46840
46841
46842
46847
46849
46850
46852
46855
46857
46860
46862
46864
46866
46867
46870
46876
46878
46879
46883
46885
46887
46889
46891
46893
46895
46897
46899
46906
46908
46909
46911
46913
46915
46918
46925
46926
46933
46935
46936
46941
46942
46943
46947
46958
46963
46965
46967
46969
46970
46978
46979
46980
46981
46982
46983
46985
46990
46992
46994
46995
47004
47010
47011
47014
47020
47027
47031
47032
47033
47035
47037
47038
47046
47048
47049
47056
47073
47074
47077
47085
47088
47089
47095
47097
47106
47107
47108
47118
47121
47127
47132
47140
47148
47151
47154
47159
47160
47161
47163
47175
47177
47182
47190
47191
47194
47195
47198
47199
47201
47202
47203
47205
47206
47209
47211
47212
47217
47234
47235
47236
47238
47241
47243
47245
47249
47251
47253
47259
47261
47264
47266
47268
47274
47278
47279
47281
47283
47284
47288
47289
47290
47294
47296
47299
47308
47312
47314
47317
47319
47328
47329
47334
47338
47343
47348
47351
47352
47353
47358
47366
47368
47373
47384
47386
47387
47394
47401
47406
47407
47410
47412
47413
47421
47434
47435
47438
47439
47440
47442
47448
47450
47451
47462
47466
47471
47473
47475
47480
47482
47484
47486
47487
47490
47498
47500
47506
47507
47509
47514
47516
47520
47530
47535
47537
47539
47541
47544
47553
47554
47555
47564
47565
47566
47568
47569
47574
47577
47578
47579
47586
47588
47589
47591
47592
47593
47594
47596
47600
47602
47604
47609
47612
47613
47615
47621
47623
47624
47627
47628
47630
47638
47639
47640
47641
47648
47649
47652
47654
47661
47662
47670
47672
47674
47676
47677
47679
47681
47682
47686
47688
47689
47693
47700
47701
47702
47707
47709
47710
47713
47714
47725
47731
47732
47738
47739
47740
47741
47744
47747
47748
47753
47754
47762
47763
47769
47775
47783
47787
47788
47791
47793
47796
47797
47803
47807
47811
47813
47817
47819
47822
47823
47826
47829
47834
47846
47848
47850
47852
47855
47860
47861
47862
47864
47869
47873
47884
47885
47887
47888
47894
47898
47901
47902
47905
47909
47913
47914
47917
47923
47925
47928
47938
47942
47943
47944
47946
47953
47956
47957
47958
47961
47962
47963
47964
47968
47969
47971
47973
47974
47978
47980
47986
47995
47998
48000
48001
48002
48005
48009
48012
48013
48017
48020
48025
48028
48036
48037
48038
48039
48040
48041
48048
48050
48051
48055
48060
48062
48069
48070
48079
48083
48084
48086
48087
48088
48091
48093
48095
48097
48101
48103
48105
48112
48113
48114
48127
48129
48130
48136
48142
48143
48146
48154
48155
48160
48162
48164
48166
48167
48168
48173
48176
48177
48179
48181
48186
48204
48207
48212
48213
48214
48215
48216
48218
48226
48229
48231
48233
48234
48235
48236
48239
48240
48241
48244
48245
48249
48252
48258
48261
48262
48263
48267
48270
48273
48278
48280
48286
48287
48288
48293
48295
48297
48304
48307
48317
48319
48322
48324
48327
48328
48329
48331
48333
48336
48342
48346
48348
48349
48351
48359
48372
48379
48380
48382
48388
48392
48393
48397
48398
48399
48400
48409
48423
48425
48428
48432
48433
48444
48446
48452
48453
48454
48465
48472
48477
48479
48481
48482
48486
48488
48490
48492
48493
48501
48505
48509
48512
48514
48523
48524
48525
48526
48529
48535
48536
48538
48539
48540
48541
48543
48544
48547
48548
48549
48554
48555
48559
48561
48564
48565
48567
48569
48572
48580
48583
48585
48586
48587
48595
48596
48601
48605
48607
48609
48615
48620
48623
48627
48635
48636
48637
48643
48646
48648
48650
48658
48660
48670
48674
48680
48684
48691
48693
48696
48698
48701
48703
48704
48706
48716
48717
48718
48719
48720
48722
48725
48728
48732
48733
48735
48736
48737
48739
48740
48743
48752
48753
48758
48762
48764
48765
48778
48780
48784
48785
48786
48790
48792
48793
48795
48806
48809
48810
48818
48820
48826
48827
48832
48835
48838
48839
48841
48844
48847
48857
48858
48859
48861
48867
48869
48871
48872
48876
48877
48882
48883
48886
48887
48889
48895
48896
48899
48902
48903
48904
48907
48908
48909
48911
48913
48916
48917
48920
48923
48924
48930
48931
48932
48940
48947
48948
48954
48956
48958
48959
48964
48968
48969
48971
48976
48977
48982
48983
48987
48988
48993
48996
48998
48999
49000
49004
49006
49012
49017
49019
49020
49023
49027
49034
49036
49037
49041
49043
49050
49053
49054
49055
49057
49059
49060
49062
49069
49076
49077
49078
49080
49081
49083
49084
49085
49089
49097
49098
49099
49103
49104
49117
49119
49126
49135
49144
49145
49151
49153
49154
49156
49159
49164
49165
49168
49170
49177
49178
49180
49181
49184
49195
49201
49202
49207
49208
49212
49213
49215
49220
49221
49226
49229
49236
49241
49243
49244
49246
49249
49250
49251
49253
49256
49265
49266
49269
49270
49280
49283
49284
49287
49293
49296
49299
49300
49301
49317
49321
49322
49328
49332
49333
49334
49337
49338
49340
49346
49353
49357
49359
49360
49365
49379
49382
49387
49392
49394
49395
49398
49400
49402
49404
49405
49426
49427
49431
49432
49435
49440
49441
49442
49444
49445
49446
49448
49449
49452
49454
49455
49456
49459
49461
49465
49471
49477
49481
49485
49489
49492
49495
49496
49499
49500
49515
49516
49517
49525
49529
49531
49535
49539
49544
49546
49557
49563
49564
49571
49574
49579
49580
49582
49583
49584
49585
49590
49597
49598
49599
49601
49612
49614
49615
49623
49625
49627
49628
49629
49630
49633
49637
49638
49639
49642
49645
49650
49651
49657
49658
49665
49667
49677
49687
49689
49690
49694
49695
49700
49701
49702
49705
49711
49712
49716
49723
49728
49729
49750
49751
49752
49753
49755
49757
49758
49759
49762
49763
49772
49773
49776
49784
49787
49788
49789
49799
49800
49805
49808
49809
49817
49819
49821
49822
49825
49830
49831
49832
49833
49835
49837
49838
49839
49840
49842
49848
49849
49852
49853
49855
49858
49861
49862
49867
49871
49877
49881
49882
49888
49890
49895
49898
49899
49902
49903
49909
49913
49916
49924
49928
49941
49942
49945
49948
49950
49951
49952
49955
49963
49967
49968
49971
49975
49977
49979
49985
49991
49993
50003
50004
50005
50008
50010
50011
50012
50013
50014
50015
50019
50021
50026
50027
50029
50030
50031
50043
50050
50052
50054
50057
50058
50062
50065
50066
50076
50077
50080
50081
50086
50087
50088
50091
50093
50096
50097
50103
50105
50106
50110
50113
50114
50115
50117
50122
50124
50126
50130
50135
50136
50140
50142
50149
50156
50159
50162
50163
50164
50166
50169
50170
50171
50173
50179
50180
50182
50186
50187
50189
50190
50191
50197
50200
50206
50208
50212
50213
50221
50223
50225
50227
50229
50231
50234
50242
50246
50253
50254
50258
50259
50260
50263
50270
50271
50277
50278
50280
50282
50283
50291
50300
50313
50323
50324
50335
50337
50342
50344
50351
50364
50372
50373
50375
50378
50379
50380
50383
50385
50387
50391
50397
50398
50402
50406
50412
50413
50416
50417
50421
50427
50430
50433
50434
50436
50437
50441
50443
50447
50451
50452
50454
50455
50457
50458
50462
50464
50466
50467
50469
50471
50476
50477
50478
50482
50487
50488
50493
50497
50507
50508
50516
50517
50518
50521
50526
50529
50530
50532
50539
50543
50544
50547
50557
50559
50564
50568
50577
50578
50579
50580
50583
50587
50588
50592
50595
50596
50597
50604
50605
50607
50609
50610
50613
50615
50620
50621
50627
50628
50643
50648
50649
50651
50653
50655
50657
50660
50663
50664
50666
50668
50675
50684
50687
50698
50699
50701
50705
50708
50716
50717
50723
50738
50739
50741
50743
50744
50749
50750
50752
50759
50761
50766
50767
50768
50772
50776
50777
50779
50782
50787
50789
50792
50798
50800
50801
50802
50808
50810
50812
50815
50820
50823
50828
50836
50839
50840
50843
50844
50847
50850
50851
50858
50861
50862
50865
50867
50870
50871
50872
50875
50876
50877
50878
50883
50884
50890
50892
50902
50908
50910
50911
50913
50921
50922
50929
50932
50933
50934
50935
50941
50942
50946
50956
50959
50963
50967
50968
50975
50982
50985
50990
51001
51014
51021
51023
51029
51031
51033
51035
51036
51037
51040
51043
51044
51045
51046
51057
51059
51062
51065
51066
51078
51079
51082
51086
51087
51089
51090
51092
51094
51096
51106
51110
51112
51116
51119
51121
51123
51127
51129
51132
51136
51140
51143
51145
51148
51149
51152
51157
51158
51165
51170
51180
51194
51197
51198
51199
51201
51203
51205
51207
51210
51212
51213
51220
51221
51222
51229
51235
51240
51247
51248
51249
51254
51255
51256
51257
51263
51273
51274
51279
51282
51283
51284
51289
51294
51301
51302
51304
51305
51323
51325
51333
51341
51343
51350
51351
51352
51360
51368
51373
51375
51379
51381
51382
51383
51384
51390
51395
51396
51397
51398
51399
51408
51417
51422
51428
51430
51436
51441
51443
51447
51448
51450
51454
51455
51464
51466
51472
51481
51483
51486
51487
51488
51489
51493
51505
51509
51510
51514
51516
51522
51524
51527
51529
51532
51536
51537
51542
51544
51545
51547
51550
51551
51552
51572
51573
51576
51583
51587
51594
51596
51598
51603
51609
51614
51615
51619
51623
51641
51643
51654
51655
51656
51657
51665
51667
51671
51674
51675
51676
51683
51688
51690
51691
51696
51697
51698
51705
51706
51709
51710
51711
51712
51719
51722
51725
51728
51729
51730
51732
51734
51735
51736
51737
51740
51745
51749
51757
51760
51761
51764
51765
51770
51771
51772
51773
51775
51776
51777
51778
51780
51782
51783
51788
51791
51798
51802
51809
51813
51821
51824
51829
51833
51836
51839
51842
51844
51845
51846
51847
51850
51851
51852
51856
51857
51861
51864
51879
51882
51883
51885
51888
51894
51897
51903
51904
51906
51907
51908
51919
51926
51931
51934
51935
51936
51940
51949
51950
51956
51957
51965
51971
51977
51978
51982
51984
51987
51989
51993
51998
52001
52002
52003
52006
52008
52010
52013
52020
52021
52023
52029
52032
52033
52042
52050
52055
52057
52059
52061
52066
52070
52072
52076
52079
52082
52084
52094
52104
52105
52106
52107
52109
52110
52115
52119
52121
52126
52127
52137
52140
52142
52146
52150
52158
52165
52168
52176
52179
52185
52191
52196
52200
52202
52204
52205
52207
52212
52213
52217
52219
52222
52224
52227
52242
52246
52254
52270
52277
52279
52282
52289
52291
52292
52293
52295
52299
52301
52302
52305
52307
52314
52316
52321
52323
52325
52331
52333
52335
52343
52349
52351
52355
52356
52359
52364
52366
52368
52369
52370
52374
52377
52383
52392
52394
52395
52399
52400
52401
52405
52409
52412
52413
52417
52422
52423
52424
52427
52429
52433
52445
52455
52457
52468
52472
52476
52479
52480
52483
52484
52495
52496
52503
52504
52511
52513
52518
52519
52524
52525
52534
52535
52538
52540
52545
52546
52550
52554
52557
52561
52566
52570
52575
52576
52578
52586
52592
52594
52601
52603
52604
52605
52606
52611
52618
52622
52627
52628
52630
52631
52635
52636
52639
52644
52648
52654
52663
52665
52666
52667
52668
52670
52673
52679
52691
52694
52695
52704
52705
52708
52717
52723
52725
52727
52733
52738
52740
52748
52750
52751
52752
52756
52757
52759
52760
52762
52763
52764
52765
52767
52769
52772
52773
52775
52776
52779
52781
52783
52786
52791
52804
52814
52820
52824
52825
52828
52831
52834
52836
52840
52848
52852
52855
52858
52866
52877
52880
52889
52890
52897
52901
52906
52907
52913
52915
52929
52935
52936
52941
52942
52944
52947
52950
52953
52956
52957
52960
52963
52967
52968
52969
52970
52972
52977
52979
52982
52985
52986
52988
52990
52995
52997
52998
53000
53008
53011
53017
53018
53019
53035
53041
53051
53055
53060
53063
53064
53066
53068
53069
53072
53080
53082
53083
53087
53090
53097
53105
53108
53110
53113
53116
53119
53121
53128
53131
53135
53142
53143
53144
53145
53148
53150
53160
53162
53163
53166
53168
53169
53175
53176
53177
53180
53186
53191
53192
53197
53199
53200
53201
53204
53206
53217
53220
53231
53233
53243
53244
53245
53246
53248
53250
53252
53258
53263
53268
53270
53271
53273
53284
53285
53292
53295
53306
53308
53329
53332
53334
53338
53339
53343
53344
53350
53351
53353
53354
53360
53361
53362
53366
53368
53375
53377
53379
53390
53391
53392
53402
53404
53408
53411
53415
53416
53421
53423
53424
53425
53429
53433
53444
53446
53455
53457
53459
53460
53466
53467
53468
53484
53485
53487
53489
53492
53494
53495
53500
53507
53511
53514
53517
53518
53523
53526
53527
53531
53537
53541
53542
53543
53551
53558
53562
53575
53577
53579
53580
53582
53583
53596
53608
53609
53611
53616
53619
53626
53627
53630
53639
53642
53650
53653
53655
53656
53657
53660
53663
53664
53665
53666
53672
53674
53683
53684
53689
53696
53699
53701
53708
53711
53712
53718
53724
53726
53728
53729
53732
53734
53735
53737
53742
53744
53746
53752
53758
53759
53762
53773
53779
53783
53787
53788
53795
53804
53814
53815
53816
53817
53818
53820
53824
53825
53829
53830
53832
53840
53842
53843
53844
53845
53846
53847
53849
53850
53852
53855
53857
53880
53881
53883
53887
53891
53892
53901
53904
53905
53906
53915
53926
53934
53939
53943
53948
53951
53954
53957
53960
53961
53962
53963
53964
53965
53966
53967
53969
53980
53988
53990
53991
53993
53996
53999
54006
54025
54035
54041
54046
54052
54054
54058
54077
54078
54079
54080
54083
54084
54087
54089
54100
54104
54106
54112
54122
54123
54125
54127
54137
54141
54144
54151
54163
54165
54172
54173
54174
54179
54180
54186
54188
54192
54193
54202
54207
54209
54214
54215
54217
54220
54221
54223
54232
54233
54236
54239
54244
54246
54249
54253
54257
54261
54263
54264
54265
54267
54270
54271
54273
54276
54283
54285
54291
54294
54297
54302
54303
54304
54306
54307
54311
54313
54314
54317
54322
54324
54325
54332
54333
54334
54337
54339
54348
54358
54365
54372
54375
54379
54380
54385
54388
54391
54392
54400
54404
54407
54414
54415
54427
54428
54431
54435
54437
54439
54440
54441
54451
54456
54462
54472
54475
54479
54480
54486
54488
54493
54503
54506
54507
54508
54509
54511
54516
54518
54519
54528
54529
54533
54541
54543
54545
54552
54554
54559
54568
54571
54576
54578
54579
54581
54587
54588
54589
54595
54598
54606
54613
54617
54620
54624
54625
54631
54634
54651
54652
54656
54657
54661
54663
54664
54667
54669
54670
54674
54677
54686
54688
54692
54701
54706
54735
54740
54741
54744
54755
54756
54757
54758
54761
54767
54783
54790
54806
54807
54808
54812
54815
54820
54823
54824
54827
54829
54836
54839
54844
54845
54846
54849
54852
54857
54862
54864
54865
54872
54884
54885
54886
54898
54904
54909
54912
54915
54916
54917
54918
54920
54928
54930
54935
54937
54943
54947
54950
54954
54958
54960
54962
54967
54971
54975
54984
54985
54989
54990
54996
54999
55002
55004
55007
55010
55011
55020
55024
55028
55029
55034
55036
55038
55041
55047
55053
55055
55058
55068
55071
55077
55081
55083
55085
55086
55090
55093
55095
55097
55103
55104
55107
55108
55109
55117
55124
55126
55128
55130
55132
55139
55146
55149
55151
55154
55155
55156
55158
55161
55166
55169
55171
55173
55176
55179
55184
55190
55201
55210
55218
55233
55234
55236
55240
55251
55255
55257
55259
55264
55270
55274
55275
55279
55295
55299
55306
55308
55309
55311
55313
55320
55323
55327
55329
55332
55335
55341
55344
55347
55352
55355
55359
55361
55367
55371
55378
55384
55392
55400
55401
55406
55407
55410
55420
55427
55428
55429
55434
55436
55437
55441
55451
55455
55457
55463
55467
55468
55478
55488
55512
55514
55517
55520
55525
55526
55535
55537
55538
55547
55548
55550
55551
55553
55557
55563
55564
55569
55572
55579
55582
55585
55588
55591
55594
55596
55603
55619
55621
55623
55628
55633
55637
55638
55639
55641
55643
55647
55650
55652
55653
55654
55655
55659
55660
55661
55666
55667
55669
55674
55677
55686
55689
55703
55706
55707
55719
55725
55730
55732
55734
55736
55741
55746
55747
55751
55759
55772
55774
55775
55777
55778
55782
55786
55787
55793
55797
55801
55810
55814
55815
55817
55825
55826
55827
55835
55836
55837
55841
55843
55850
55854
55855
55864
55871
55876
55878
55880
55883
55894
55896
55908
55911
55916
55917
55920
55923
55926
55934
55935
55942
55947
55949
55953
55964
55967
55974
55975
55980
55987
55988
55996
55998
56004
56005
56011
56016
56019
56023
56025
56030
56033
56047
56048
56050
56060
56068
56069
56088
56089
56091
56092
56093
56094
56096
56099
56100
56101
56102
56110
56111
56112
56115
56116
56122
56127
56129
56133
56143
56146
56149
56157
56159
56163
56167
56172
56175
56178
56181
56184
56191
56198
56201
56203
56209
56210
56211
56214
56215
56222
56223
56227
56231
56237
56240
56242
56251
56255
56257
56258
56264
56269
56271
56276
56282
56283
56292
56296
56299
56301
56307
56309
56317
56327
56331
56332
56345
56353
56355
56356
56357
56360
56363
56366
56371
56382
56392
56393
56394
56396
56404
56406
56407
56411
56415
56420
56425
56428
56432
56435
56436
56440
56455
56464
56470
56471
56472
56477
56480
56485
56488
56490
56493
56495
56496
56506
56510
56513
56516
56518
56519
56522
56525
56528
56533
56536
56545
56548
56554
56558
56559
56564
56569
56573
56576
56577
56578
56579
56583
56586
56589
56595
56597
56600
56601
56604
56607
56609
56611
56612
56613
56617
56626
56627
56628
56629
56641
56648
56649
56651
56653
56655
56657
56658
56667
56670
56673
56675
56678
56680
56684
56689
56690
56694
56695
56696
56707
56710
56711
56713
56715
56723
56729
56731
56740
56743
56745
56753
56756
56757
56758
56759
56761
56763
56765
56769
56771
56774
56776
56777
56778
56781
56783
56785
56786
56790
56791
56793
56795
56796
56799
56802
56805
56807
56811
56816
56818
56819
56824
56830
56834
56837
56840
56843
56848
56849
56856
56860
56867
56878
56879
56885
56887
56888
56891
56895
56897
56900
56903
56911
56914
56918
56923
56931
56934
56938
56941
56943
56946
56950
56954
56959
56969
56971
56972
56974
56976
56977
56981
56990
56991
56996
56997
56998
57001
57002
57004
57005
57023
57025
57027
57031
57034
57035
57040
57044
57049
57057
57061
57062
57065
57072
57074
57075
57082
57083
57084
57085
57086
57087
57090
57091
57096
57099
57101
57112
57114
57116
57118
57119
57121
57123
57129
57134
57137
57145
57148
57153
57166
57168
57171
57172
57173
57174
57176
57180
57186
57192
57193
57198
57199
57202
57209
57211
57220
57221
57231
57233
57234
57235
57244
57247
57248
57255
57258
57264
57265
57266
57267
57271
57274
57278
57282
57284
57287
57289
57294
57295
57298
57309
57312
57314
57318
57321
57323
57325
57333
57336
57338
57340
57341
57343
57347
57348
57355
57359
57363
57366
57368
57369
57373
57386
57387
57393
57394
57399
57400
57401
57405
57406
57419
57422
57424
57433
57434
57435
57445
57459
57460
57470
57473
57474
57481
57483
57487
57492
57496
57497
57501
57503
57506
57508
57517
57526
57527
57528
57529
57532
57536
57544
57546
57554
57562
57568
57571
57575
57577
57579
57581
57586
57589
57594
57598
57600
57601
57603
57604
57606
57609
57610
57616
57624
57632
57633
57634
57637
57638
57639
57642
57644
57650
57651
57652
57655
57657
57658
57659
57663
57664
57669
57670
57671
57673
57674
57684
57685
57695
57696
57698
57701
57711
57714
57717
57722
57724
57731
57732
57734
57735
57738
57740
57741
57742
57745
57746
57748
57749
57758
57768
57770
57777
57780
57806
57809
57812
57813
57816
57817
57819
57821
57822
57830
57833
57837
57841
57843
57851
57853
57858
57864
57873
57874
57882
57883
57889
57896
57900
57901
57902
57907
57909
57915
57916
57918
57919
57921
57927
57935
57937
57945
57949
57964
57982
57983
57985
57990
57992
57994
57997
58001
58003
58009
58015
58021
58023
58027
58030
58032
58036
58039
58041
58044
58055
58059
58074
58077
58078
58096
58097
58101
58104
58105
58107
58108
58113
58114
58117
58118
58120
58125
58127
58129
58130
58133
58134
58148
58150
58151
58154
58161
58163
58170
58176
58184
58190
58196
58210
58214
58216
58222
58223
58226
58229
58232
58233
58234
58235
58236
58238
58243
58244
58255
58257
58258
58260
58271
58278
58280
58281
58283
58301
58302
58304
58310
58313
58314
58315
58316
58322
58332
58340
58341
58347
58356
58358
58361
58367
58368
58372
58375
58377
58382
58385
58387
58388
58392
58397
58402
58404
58409
58420
58425
58429
58438
58439
58447
58457
58460
58461
58470
58472
58475
58476
58478
58481
58483
58489
58494
58501
58502
58509
58511
58512
58515
58517
58523
58524
58526
58529
58535
58540
58542
58544
58546
58547
58555
58556
58563
58570
58574
58577
58582
58585
58587
58596
58607
58613
58614
58617
58620
58621
58623
58630
58632
58654
58659
58661
58666
58668
58671
58672
58674
58675
58680
58682
58683
58685
58687
58692
58696
58697
58698
58700
58709
58711
58713
58714
58716
58717
58718
58719
58722
58731
58737
58741
58745
58750
58751
58754
58755
58759
58760
58762
58771
58772
58783
58784
58800
58804
58807
58815
58819
58827
58829
58835
58838
58842
58849
58851
58863
58867
58878
58879
58882
58885
58886
58889
58891
58894
58903
58906
58916
58918
58921
58925
58930
58938
58944
58952
58954
58961
58963
58968
58971
58973
58975
58980
58982
58986
58989
58990
58991
59005
59008
59012
59015
59016
59021
59025
59027
59031
59032
59034
59035
59038
59042
59045
59047
59048
59050
59059
59061
59064
59066
59070
59071
59078
59085
59087
59089
59099
59106
59107
59110
59113
59114
59123
59126
59127
59129
59130
59134
59137
59148
59157
59159
59161
59167
59177
59183
59185
59190
59195
59201
59232
59233
59236
59242
59247
59250
59264
59269
59275
59278
59281
59282
59287
59288
59291
59292
59294
59295
59298
59306
59310
59317
59318
59323
59328
59334
59335
59339
59349
59357
59359
59365
59369
59370
59374
59379
59381
59383
59385
59387
59389
59397
59399
59405
59406
59407
59408
59412
59413
59415
59417
59421
59425
59426
59427
59432
59433
59437
59438
59441
59453
59454
59455
59462
59465
59474
59487
59488
59494
59495
59506
59508
59510
59526
59528
59529
59530
59533
59537
59543
59554
59562
59571
59574
59580
59584
59585
59593
59598
59599
59600
59601
59604
59610
59618
59624
59627
59632
59640
59645
59653
59659
59662
59663
59664
59666
59667
59671
59673
59675
59676
59677
59679
59680
59687
59691
59694
59696
59701
59702
59706
59707
59708
59710
59711
59721
59726
59732
59741
59742
59745
59749
59750
59751
59762
59766
59767
59773
59774
59777
59780
59783
59784
59790
59791
59805
59814
59816
59823
59827
59828
59829
59840
59844
59851
59855
59860
59861
59866
59869
59878
59881
59883
59885
59886
59889
59893
59895
59896
59898
59900
59901
59902
59903
59905
59906
59907
59914
59920
59921
59922
59924
59926
59927
59929
59934
59935
59946
59950
59951
59955
59959
59963
59964
59970
59971
59972
59977
59980
59983
59984
59985
59986
59987
59991
59995
59996
60001
60007
60008
60009
60011
60015
60018
60020
60022
60025
60027
60029
60030
60033
60034
60035
60040
60049
60052
60059
60064
60065
60075
60090
60091
60095
60097
60101
60112
60114
60118
60121
60125
60127
60129
60138
60142
60145
60146
60150
60157
60160
60161
60167
60169
60172
60174
60179
60192
60199
60200
60201
60202
60210
60211
60216
60217
60219
60220
60221
60224
60225
60227
60228
60236
60238
60246
60249
60250
60252
60253
60256
60258
60261
60263
60270
60273
60276
60277
60280
60286
60288
60299
60303
60305
60310
60312
60314
60317
60323
60327
60337
60340
60343
60346
60348
60349
60350
60356
60357
60364
60366
60369
60377
60378
60387
60392
60395
60397
60407
60408
60410
60419
60428
60429
60434
60435
60436
60444
60445
60452
60453
60455
60456
60459
60460
60468
60470
60474
60480
60482
60483
60485
60491
60496
60503
60518
60528
60530
60534
60536
60549
60550
60551
60557
60565
60567
60568
60582
60585
60592
60594
60595
60598
60599
60603
60605
60608
60611
60620
60622
60626
60630
60633
60636
60642
60647
60650
60652
60654
60659
60660
60676
60680
60683
60684
60687
60692
60694
60698
60699
60700
60701
60702
60708
60710
60711
60714
60718
60720
60731
60733
60734
60738
60751
60753
60755
60756
60758
60761
60766
60768
60769
60776
60780
60781
60791
60795
60805
60809
60810
60811
60812
60814
60817
60821
60837
60841
60843
60846
60851
60854
60859
60861
60865
60866
60876
60883
60898
60900
60906
60916
60917
60918
60922
60923
60924
60927
60933
60946
60953
60957
60966
60980
60988
60999
61001
61011
61013
61014
61019
61038
61040
61044
61045
61053
61058
61066
61067
61072
61074
61080
61082
61084
61086
61089
61091
61093
61094
61095
61098
61099
61100
61109
61112
61133
61136
61145
61147
61148
61151
61153
61158
61159
61164
61165
61175
61177
61181
61182
61183
61184
61190
61201
61207
61209
61212
61214
61220
61223
61234
61239
61240
61252
61257
61266
61276
61279
61280
61282
61285
61294
61295
61307
61311
61316
61319
61321
61325
61326
61331
61334
61337
61341
61343
61347
61354
61358
61361
61363
61364
61367
61368
61369
61375
61382
61384
61386
61388
61390
61392
61394
61402
61404
61405
61407
61412
61417
61420
61425
61431
61432
61433
61440
61442
61446
61453
61455
61457
61458
61461
61462
61465
61466
61468
61469
61473
61475
61476
61479
61493
61497
61498
61507
61508
61511
61512
61522
61523
61539
61542
61544
61546
61551
61553
61555
61567
61568
61571
61577
61583
61584
61587
61590
61592
61596
61597
61605
61612
61616
61620
61623
61624
61625
61627
61630
61632
61634
61639
61640
61642
61656
61663
61665
61672
61681
61682
61691
61692
61695
61698
61703
61712
61713
61716
61718
61719
61726
61731
61737
61744
61749
61751
61760
61762
61766
61769
61781
61784
61788
61796
61798
61808
61812
61813
61815
61816
61820
61821
61824
61830
61835
61837
61838
61839
61841
61845
61853
61854
61874
61882
61885
61888
61890
61891
61894
61899
61900
61903
61907
61908
61911
61916
61918
61920
61922
61924
61925
61927
61931
61939
61940
61942
61952
61953
61970
61973
61974
61978
61981
61982
61985
61990
62000
62003
62007
62008
62010
62013
62017
62019
62023
62024
62030
62031
62032
62034
62037
62040
62042
62043
62068
62070
62072
62079
62085
62086
62089
62092
62097
62098
62103
62105
62110
62115
62126
62134
62136
62137
62139
62142
62144
62160
62161
62162
62163
62164
62166
62168
62173
62176
62178
62181
62184
62185
62187
62194
62195
62200
62202
62206
62214
62216
62221
62225
62227
62230
62231
62234
62235
62236
62237
62242
62254
62255
62258
62260
62265
62268
62270
62273
62282
62284
62285
62288
62298
62301
62311
62317
62321
62322
62323
62326
62337
62340
62342
62343
62345
62352
62359
62363
62365
62373
62381
62388
62394
62398
62400
62404
62408
62417
62426
62439
62454
62456
62457
62458
62461
62466
62467
62469
62471
62473
62474
62482
62484
62490
62493
62494
62495
62500
62510
62514
62515
62520
62528
62538
62547
62549
62552
62554
62558
62567
62570
62575
62577
62581
62582
62583
62586
62589
62592
62598
62605
62611
62612
62615
62617
62621
62626
62627
62636
62646
62650
62657
62658
62660
62672
62679
62688
62690
62704
62708
62724
62736
62751
62754
62755
62757
62758
62759
62775
62777
62780
62784
62791
62800
62804
62807
62808
62809
62811
62812
62814
62818
62832
62837
62838
62841
62844
62848
62854
62857
62866
62869
62870
62871
62873
62875
62877
62883
62885
62889
62892
62895
62904
62905
62912
62928
62933
62936
62940
62941
62942
62948
62950
62951
62962
62966
62969
62971
62972
62974
62997
63010
63014
63019
63020
63030
63033
63037
63050
63055
63058
63059
63061
63066
63067
63069
63076
63082
63085
63086
63088
63091
63093
63096
63101
63105
63110
63111
63124
63130
63131
63133
63135
63138
63139
63141
63143
63144
63152
63157
63160
63161
63163
63164
63171
63174
63183
63184
63185
63198
63200
63204
63210
63221
63239
63240
63248
63254
63257
63269
63270
63272
63273
63277
63282
63283
63291
63302
63306
63334
63336
63337
63345
63352
63357
63363
63364
63365
63366
63368
63369
63370
63376
63377
63380
63381
63382
63388
63389
63390
63391
63395
63396
63402
63408
63418
63419
63423
63427
63428
63430
63432
63436
63440
63444
63450
63451
63452
63460
63464
63467
63468
63472
63474
63475
63479
63501
63506
63507
63510
63514
63526
63528
63530
63532
63536
63540
63541
63543
63547
63550
63564
63577
63578
63580
63582
63583
63588
63591
63592
63594
63595
63602
63606
63616
63625
63626
63629
63638
63641
63647
63648
63649
63651
63652
63654
63655
63656
63665
63669
63670
63672
63674
63679
63682
63683
63684
63685
63687
63688
63693
63694
63695
63699
63700
63702
63704
63705
63707
63715
63719
63728
63738
63742
63745
63750
63754
63755
63759
63763
63764
63766
63768
63773
63774
63776
63781
63782
63783
63785
63795
63801
63803
63806
63808
63817
63829
63831
63835
63842
63847
63848
63849
63852
63855
63875
63876
63877
63882
63888
63892
63894
63899
63902
63903
63907
63909
63915
63922
63931
63935
63936
63939
63943
63946
63947
63951
63956
63962
63964
63969
63970
63981
63982
63990
63996
63997
64001
64006
64009
64013
64025
64028
64032
64036
64037
64039
64051
64057
64062
64063
64072
64078
64079
64082
64083
64087
64095
64098
64106
64108
64111
64121
64135
64138
64142
64145
64146
64148
64149
64150
64152
64156
64159
64162
64165
64168
64171
64176
64177
64180
64181
64188
64194
64195
64198
64200
64202
64203
64207
64208
64209
64212
64219
64220
64228
64229
64230
64232
64250
64251
64252
64254
64255
64257
64258
64261
64262
64274
64275
64279
64283
64288
64291
64293
64294
64295
64296
64297
64303
64307
64310
64311
64313
64325
64332
64337
64339
64340
64342
64343
64346
64350
64351
64354
64356
64362
64366
64367
64373
64376
64386
64387
64403
64404
64406
64409
64412
64415
64416
64424
64436
64437
64443
64447
64450
64451
64452
64455
64456
64464
64478
64480
64482
64485
64491
64492
64499
64507
64509
64517
64523
64539
64543
64544
64546
64549
64555
64556
64557
64560
64561
64570
64574
64582
64585
64587
64590
64591
64593
64598
64604
64606
64612
64614
64616
64617
64620
64626
64633
64639
64641
64642
64645
64661
64662
64665
64666
64667
64670
64671
64674
64681
64686
64692
64695
64700
64706
64713
64715
64716
64721
64722
64735
64736
64747
64748
64749
64750
64758
64763
64764
64765
64768
64773
64775
64776
64777
64778
64780
64785
64793
64800
64804
64806
64807
64810
64812
64814
64819
64823
64828
64831
64835
64837
64839
64843
64847
64851
64863
64864
64868
64871
64873
64874
64902
64904
64908
64911
64912
64917
64925
64929
64938
64939
64949
64958
64960
64962
64971
64978
64984
64985
64987
64989
64991
64993
64994
64995
65001
65002
65004
65010
65014
65021
65027
65028
65030
65045
65048
65053
65055
65059
65083
65084
65085
65087
65092
65096
65098
65106
65109
65110
65112
65117
65120
65121
65122
65123
65132
65136
65137
65144
65146
65149
65151
65153
65154
65157
65164
65170
65171
65175
65177
65178
65181
65184
65190
65194
65203
65206
65209
65212
65213
65218
65220
65232
65233
65243
65247
65250
65252
65265
65268
65270
65272
65285
65288
65296
65302
65307
65308
65315
65316
65318
65327
65329
65341
65346
65348
65350
65354
65363
65366
65368
65370
65372
65377
65386
65391
65395
65397
65408
65412
65415
65426
65428
65429
65431
65433
65435
65442
65443
65445
65449
65455
65457
65463
65467
65475
65479
65483
65485
65492
65493
65499
65500
65503
65505
65507
65514
65516
65518
65520
65525
65527
65528
65537
65541
65542
65552
65559
65563
65564
65566
65569
65571
65578
65581
65584
65593
65597
65599
65600
65601
65613
65616
65623
65624
65627
65631
65632
65633
65635
65638
65639
65640
65643
65644
65646
65647
65654
65658
65660
65663
65666
65673
65674
65701
65702
65705
65709
65714
65715
65718
65719
65726
65728
65735
65736
65738
65741
65743
65744
65747
65750
65758
65760
65764
65781
65784
65786
65789
65793
65800
65801
65804
65806
65807
65812
65816
65829
65839
65841
65843
65847
65849
65852
65854
65855
65859
65863
65882
65891
65895
65898
65904
65907
65911
65919
65929
65934
65936
65942
65943
65950
65951
65963
65966
65969
65970
65972
65982
65988
65994
66001
66002
66006
66012
66013
66026
66028
66029
66032
66035
66039
66045
66046
66056
66063
66064
66066
66070
66072
66077
66080
66085
66088
66094
66096
66097
66113
66115
66117
66132
66133
66135
66142
66145
66147
66151
66160
66165
66167
66176
66181
66192
66193
66206
66208
66209
66212
66213
66214
66220
66222
66223
66229
66231
66234
66239
66243
66244
66259
66262
66263
66271
66272
66274
66278
66283
66291
66309
66310
66313
66314
66317
66322
66329
66331
66332
66337
66340
66347
66351
66353
66358
66361
66363
66364
66369
66373
66375
66379
66380
66382
66390
66393
66403
66404
66408
66411
66412
66416
66427
66428
66430
66435
66437
66449
66459
66472
66483
66486
66487
66488
66497
66500
66508
66510
66514
66532
66536
66538
66539
66540
66543
66550
66556
66559
66560
66571
66576
66578
66579
66581
66585
66587
66592
66594
66599
66620
66622
66624
66636
66639
66640
66641
66642
66643
66649
66654
66657
66669
66670
66684
66697
66698
66699
66705
66717
66722
66725
66729
66742
66745
66753
66754
66755
66772
66779
66786
66789
66797
66802
66804
66805
66808
66818
66825
66831
66837
66842
66846
66848
66852
66854
66861
66866
66867
66876
66877
66880
66892
66901
66906
66909
66912
66920
66923
66927
66931
66934
66964
66965
66967
66970
66971
66977
66978
66989
67000
67008
67010
67013
67014
67019
67021
67024
67028
67034
67038
67040
67041
67043
67049
67062
67088
67090
67092
67096
67101
67110
67111
67115
67120
67123
67132
67136
67143
67148
67153
67156
67160
67165
67167
67168
67179
67185
67190
67199
67202
67205
67207
67208
67209
67210
67222
67224
67227
67228
67229
67230
67231
67234
67241
67242
67247
67253
67259
67262
67265
67266
67271
67276
67286
67289
67290
67292
67302
67309
67315
67337
67341
67342
67344
67356
67357
67365
67373
67379
67380
67385
67402
67403
67404
67405
67407
67409
67412
67413
67417
67419
67422
67427
67429
67446
67450
67452
67453
67456
67457
67458
67459
67464
67468
67473
67477
67480
67485
67492
67500
67501
67503
67510
67516
67517
67522
67524
67526
67537
67563
67568
67576
67583
67588
67604
67606
67611
67621
67624
67627
67636
67639
67641
67647
67651
67654
67663
67668
67669
67674
67675
67676
67682
67686
67690
67691
67700
67702
67711
67723
67724
67725
67734
67750
67764
67765
67768
67770
67778
67779
67782
67798
67817
67818
67826
67832
67841
67846
67851
67865
67878
67881
67884
67889
67892
67896
67899
67902
67905
67906
67909
67925
67926
67927
67932
67933
67936
67946
67950
67954
67960
67963
67966
67974
67982
67987
67988
67992
67994
67995
67997
67998
68009
68010
68013
68016
68018
68020
68022
68029
68030
68032
68035
68040
68049
68053
68055
68061
68068
68072
68073
68077
68083
68084
68086
68088
68091
68117
68125
68126
68129
68135
68139
68144
68146
68148
68160
68163
68179
68181
68211
68218
68223
68229
68244
68245
68252
68253
68256
68264
68275
68276
68289
68296
68297
68310
68313
68315
68319
68322
68323
68335
68337
68338
68357
68362
68375
68376
68406
68409
68410
68415
68418
68422
68424
68425
68432
68443
68445
68451
68455
68461
68463
68466
68468
68473
68475
68476
68479
68481
68489
68490
68493
68495
68504
68506
68518
68521
68527
68531
68537
68539
68553
68565
68571
68575
68576
68578
68591
68598
68602
68605
68607
68611
68625
68629
68630
68632
68633
68641
68643
68648
68656
68663
68664
68666
68667
68669
68673
68676
68679
68682
68683
68688
68691
68692
68693
68715
68722
68723
68729
68730
68734
68736
68741
68749
68755
68758
68764
68765
68767
68769
68771
68774
68775
68781
68790
68792
68794
68803
68812
68813
68816
68817
68818
68820
68830
68831
68834
68838
68844
68845
68848
68856
68871
68875
68885
68892
68897
68898
68900
68910
68924
68927
68936
68942
68943
68950
68968
68969
68974
68977
68984
68995
68997
68998
68999
69010
69011
69017
69020
69030
69037
69047
69052
69059
69060
69062
69063
69064
69066
69072
69073
69085
69092
69100
69101
69105
69107
69109
69114
69120
69121
69122
69125
69136
69144
69150
69155
69170
69172
69174
69175
69180
69186
69187
69205
69208
69217
69218
69219
69232
69240
69242
69245
69251
69255
69270
69271
69272
69279
69284
69285
69290
69295
69298
69302
69306
69307
69308
69311
69314
69326
69331
69333
69338
69341
69357
69358
69367
69368
69374
69378
69402
69405
69406
69407
69408
69413
69417
69427
69430
69431
69435
69443
69445
69453
69454
69458
69461
69466
69468
69470
69476
69480
69484
69491
69492
69498
69504
69506
69508
69514
69518
69525
69527
69531
69533
69534
69539
69543
69553
69554
69555
69561
69563
69565
69566
69568
69569
69572
69577
69587
69590
69591
69595
69603
69606
69607
69618
69625
69633
69636
69637
69638
69652
69655
69656
69660
69661
69664
69668
69669
69672
69679
69680
69686
69688
69697
69700
69705
69707
69711
69715
69717
69731
69732
69740
69747
69755
69756
69763
69774
69786
69793
69796
69803
69804
69805
69806
69807
69809
69813
69816
69830
69834
69838
69839
69846
69850
69854
69855
69871
69878
69884
69885
69891
69894
69904
69910
69919
69922
69928
69940
69944
69949
69952
69953
69957
69970
69972
69973
69975
69985
69986
69988
69993
69998
69999
70005
70013
70018
70019
70023
70028
70037
70041
70043
70045
70047
70054
70058
70060
70061
70066
70067
70069
70072
70077
70089
70091
70094
70095
70096
70099
70101
70104
70106
70111
70114
70117
70124
70129
70140
70144
70145
70148
70149
70157
70160
70161
70170
70171
70178
70187
70190
70195
70196
70205
70208
70209
70221
70225
70233
70236
70238
70244
70253
70260
70262
70273
70274
70279
70289
70302
70307
70315
70319
70321
70328
70362
70363
70364
70365
70374
70376
70380
70383
70390
70392
70403
70408
70409
70411
70413
70423
70424
70426
70432
70440
70453
70460
70461
70466
70469
70473
70474
70478
70480
70498
70506
70513
70517
70521
70526
70527
70528
70546
70550
70554
70555
70572
70573
70574
70599
70601
70605
70607
70608
70612
70621
70622
70624
70626
70627
70629
70632
70635
70637
70640
70644
70653
70658
70664
70677
70682
70696
70700
70703
70704
70705
70710
70716
70722
70723
70725
70728
70730
70732
70733
70736
70737
70745
70749
70750
70754
70765
70767
70783
70784
70788
70795
70803
70804
70807
70811
70812
70820
70821
70823
70824
70832
70840
70845
70850
70864
70868
70869
70874
70884
70885
70888
70892
70901
70904
70905
70915
70921
70922
70925
70937
70941
70942
70947
70957
70959
70961
70990
70991
70993
70997
70998
71002
71006
71012
71016
71026
71031
71037
71047
71052
71054
71055
71060
71070
71076
71078
71079
71102
71104
71107
71117
71121
71127
71129
71132
71135
71147
71155
71157
71164
71180
71186
71187
71188
71191
71193
71209
71218
71226
71229
71233
71236
71251
71253
71254
71259
71264
71274
71277
71278
71282
71285
71289
71298
71299
71301
71307
71317
71323
71328
71334
71336
71337
71350
71355
71360
71361
71364
71374
71375
71380
71382
71391
71397
71398
71403
71405
71415
71419
71423
71424
71434
71435
71439
71440
71445
71446
71447
71449
71450
71454
71458
71460
71464
71479
71484
71486
71491
71492
71497
71500
71514
71518
71519
71527
71529
71530
71534
71536
71542
71543
71555
71560
71565
71569
71574
71575
71578
71583
71595
71608
71616
71629
71658
71659
71665
71668
71672
71677
71687
71688
71700
71706
71711
71712
71715
71718
71726
71730
71732
71733
71736
71745
71749
71757
71759
71768
71770
71780
71781
71784
71788
71790
71791
71802
71803
71813
71815
71819
71822
71827
71833
71845
71846
71856
71859
71866
71870
71874
71875
71876
71884
71895
71898
71902
71904
71910
71911
71919
71921
71924
71926
71932
71936
71941
71944
71950
71955
71959
71974
71980
71981
71982
71987
71988
71989
71993
71997
71998
72000
72015
72019
72028
72031
72035
72039
72052
72053
72065
72070
72078
72085
72087
72089
72091
72094
72098
72113
72117
72119
72120
72122
72127
72134
72138
72151
72153
72157
72166
72173
72176
72187
72188
72189
72190
72191
72193
72197
72200
72201
72206
72207
72215
72220
72234
72235
72245
72248
72249
72254
72259
72277
72283
72286
72290
72292
72309
72311
72319
72336
72338
72340
72342
72343
72362
72366
72378
72381
72392
72400
72421
72427
72436
72437
72447
72455
72456
72457
72462
72488
72495
72501
72502
72503
72505
72518
72523
72526
72531
72532
72535
72545
72552
72557
72558
72583
72584
72591
72595
72596
72598
72603
72607
72624
72628
72639
72645
72657
72664
72668
72670
72678
72679
72680
72686
72689
72691
72694
72702
72706
72708
72717
72719
72720
72726
72728
72735
72744
72769
72779
72786
72788
72797
72803
72810
72816
72822
72832
72834
72837
72838
72843
72844
72850
72851
72856
72861
72862
72867
72869
72874
72878
72879
72898
72899
72917
72922
72926
72934
72935
72939
72947
72950
72951
72952
72955
72967
72968
72972
72973
72985
72988
72992
73006
73008
73009
73011
73013
73022
73025
73027
73028
73032
73033
73045
73050
73054
73060
73075
73076
73082
73083
73087
73091
73093
73098
73110
73112
73114
73128
73129
73132
73149
73152
73155
73160
73172
73180
73185
73189
73193
73194
73195
73203
73210
73213
73219
73222
73234
73237
73240
73244
73245
73254
73256
73262
73279
73289
73300
73304
73306
73313
73316
73318
73321
73324
73333
73347
73354
73369
73373
73377
73379
73390
73394
73395
73400
73403
73405
73408
73410
73413
73414
73420
73429
73431
73434
73435
73437
73439
73440
73444
73449
73471
73477
73482
73488
73490
73496
73497
73499
73504
73505
73509
73514
73526
73527
73533
73536
73537
73547
73548
73555
73557
73565
73566
73570
73571
73573
73577
73578
73579
73588
73597
73604
73606
73618
73619
73620
73623
73631
73632
73637
73638
73639
73642
73646
73654
73657
73671
73676
73677
73681
73684
73697
73698
73708
73709
73710
73711
73713
73729
73730
73734
73774
73776
73777
73781
73784
73799
73808
73814
73823
73826
73828
73835
73841
73846
73853
73862
73875
73878
73882
73883
73884
73889
73895
73898
73906
73907
73915
73917
73923
73933
73935
73940
73950
73951
73955
73957
73958
73966
73972
73973
73982
73987
73994
73996
74005
74012
74016
74020
74035
74041
74049
74059
74060
74064
74067
74074
74085
74104
74106
74107
74112
74114
74120
74124
74125
74135
74137
74143
74151
74153
74163
74168
74172
74177
74180
74183
74194
74198
74203
74210
74214
74217
74223
74230
74231
74233
74236
74241
74243
74255
74262
74265
74267
74272
74287
74300
74307
74308
74309
74316
74318
74325
74330
74331
74339
74340
74344
74351
74356
74371
74377
74381
74388
74391
74397
74399
74405
74424
74426
74431
74437
74441
74449
74450
74454
74459
74466
74468
74471
74493
74512
74514
74519
74520
74529
74533
74543
74548
74549
74557
74562
74570
74571
74582
74583
74599
74601
74603
74609
74610
74620
74622
74623
74624
74625
74635
74641
74642
74648
74650
74652
74658
74664
74667
74672
74685
74690
74692
74703
74707
74709
74717
74726
74729
74748
74751
74752
74760
74767
74773
74793
74796
74797
74803
74804
74805
74831
74840
74844
74851
74873
74874
74886
74889
74892
74910
74920
74921
74922
74924
74932
74934
74935
74939
74943
74947
74951
74952
74953
74959
74967
74970
74974
74981
74984
74986
74989
74993
75000
75004
75022
75055
75060
75070
75083
75094
75095
75114
75120
75133
75143
75149
75151
75167
75169
75170
75181
75183
75186
75203
75204
75212
75213
75217
75231
75235
75237
75245
75250
75255
75265
75267
75273
75287
75289
75300
75312
75332
75337
75338
75345
75350
75358
75377
75381
75382
75386
75398
75406
75421
75423
75424
75434
75443
75447
75451
75454
75455
75458
75464
75466
75471
75472
75488
75489
75491
75502
75506
75518
75524
75526
75539
75553
75556
75565
75570
75572
75581
75585
75588
75597
75599
75607
75610
75612
75622
75625
75626
75655
75659
75668
75675
75680
75681
75682
75695
75713
75715
75720
75721
75727
75733
75736
75744
75747
75751
75754
75757
75765
75774
75777
75779
75783
75786
75787
75796
75801
75812
75815
75820
75826
75829
75834
75839
75849
75858
75864
75865
75870
75877
75885
75893
75896
75904
75905
75914
75918
75923
75935
75936
75937
75939
75944
75945
75957
75969
75971
75985
75986
75989
75991
75995
76003
76004
76005
76009
76016
76020
76027
76030
76051
76057
76062
76064
76069
76073
76085
76100
76114
76124
76137
76149
76152
76153
76156
76158
76159
76164
76171
76175
76185
76186
76189
76190
76200
76203
76218
76220
76239
76241
76244
76261
76264
76271
76283
76287
76288
76290
76295
76305
76306
76308
76315
76324
76328
76331
76339
76349
76360
76370
76372
76374
76375
76380
76390
76401
76409
76411
76413
76437
76441
76449
76461
76463
76469
76478
76482
76486
76499
76523
76533
76534
76536
76538
76541
76551
76553
76556
76574
76581
76586
76600
76609
76610
76620
76623
76624
76631
76640
76641
76644
76652
76653
76654
76658
76660
76662
76665
76668
76672
76677
76679
76682
76684
76691
76695
76710
76714
76715
76725
76728
76732
76736
76746
76749
76750
76757
76771
76780
76795
76819
76835
76855
76873
76875
76879
76881
76901
76908
76913
76914
76920
76923
76924
76927
76943
76946
76949
76965
76976
76979
76980
76984
76990
76992
77001
77018
77022
77039
77042
77045
77049
77058
77062
77064
77073
77074
77081
77086
77095
77102
77108
77109
77114
77119
77120
77121
77123
77134
77142
77145
77151
77155
77157
77164
77167
77169
77175
77181
77183
77184
77185
77187
77192
77193
77195
77196
77201
77203
77208
77212
77213
77217
77218
77238
77239
77244
77245
77248
77253
77260
77293
77303
77321
77330
77331
77342
77349
77361
77366
77369
77377
77384
77387
77392
77395
77401
77404
77409
77413
77418
77426
77435
77449
77455
77458
77469
77473
77474
77476
77488
77490
77512
77522
77525
77530
77532
77543
77550
77564
77566
77580
77581
77588
77604
77606
77610
77618
77621
77624
77639
77666
77671
77678
77682
77683
77687
77692
77696
77697
77702
77722
77723
77725
77730
77736
77743
77749
77750
77756
77768
77778
77781
77789
77803
77806
77808
77813
77815
77817
77818
77820
77839
77877
77888
77890
77901
77903
77910
77918
77925
77928
77945
77951
77952
77954
77967
77970
77973
77987
78000
78001
78005
78018
78019
78020
78025
78027
78043
78052
78056
78057
78058
78061
78080
78081
78087
78091
78093
78095
78098
78104
78106
78136
78154
78155
78158
78161
78163
78166
78170
78175
78180
78183
78187
78206
78208
78217
78223
78226
78232
78234
78236
78240
78242
78246
78249
78253
78259
78260
78283
78288
78296
78297
78302
78318
78320
78331
78334
78348
78350
78354
78358
78363
78366
78369
78376
78379
78382
78386
78392
78396
78398
78405
78409
78410
78417
78430
78431
78438
78439
78441
78447
78452
78453
78457
78459
78462
78478
78479
78483
78487
78497
78507
78525
78529
78545
78546
78548
78550
78557
78560
78573
78575
78577
78578
78580
78588
78597
78601
78604
78609
78614
78628
78631
78639
78643
78644
78645
78647
78653
78654
78661
78662
78670
78674
78681
78688
78704
78711
78713
78715
78719
78735
78737
78744
78748
78749
78763
78769
78775
78780
78781
78794
78801
78802
78812
78813
78830
78832
78842
78853
78855
78864
78866
78867
78871
78873
78875
78885
78890
78891
78897
78902
78904
78905
78908
78943
78944
78948
78951
78953
78956
78958
78959
78965
78974
78978
78981
78996
78997
79007
79015
79017
79027
79033
79047
79049
79051
79053
79058
79063
79084
79108
79119
79123
79127
79134
79144
79150
79162
79168
79169
79171
79193
79197
79204
79220
79230
79231
79237
79251
79260
79267
79272
79273
79275
79281
79290
79292
79303
79312
79315
79317
79330
79331
79337
79350
79355
79359
79374
79378
79391
79392
79395
79402
79434
79454
79456
79461
79473
79474
79476
79492
79496
79499
79500
79502
79506
79517
79523
79532
79537
79545
79547
79552
79554
79562
79565
79571
79574
79603
79612
79622
79624
79627
79630
79635
79637
79640
79643
79644
79648
79653
79656
79664
79666
79669
79670
79673
79675
79681
79690
79711
79722
79731
79740
79741
79750
79765
79773
79776
79789
79801
79806
79807
79808
79828
79833
79834
79836
79837
79844
79847
79849
79872
79877
79887
79897
79900
79907
79912
79914
79915
79927
79929
79935
79945
79947
79957
79969
79978
79981
79992
79999
80003
80009
80011
80031
80032
80033
80047
80049
80054
80071
80073
80075
80106
80110
80124
80137
80144
80150
80152
80160
80161
80162
80165
80172
80186
80193
80195
80196
80199
80213
80214
80231
80234
80236
80241
80246
80250
80259
80267
80274
80282
80290
80291
80294
80298
80300
80321
80336
80354
80366
80373
80374
80392
80398
80400
80404
80411
80413
80416
80418
80422
80423
80439
80440
80450
80462
80466
80468
80471
80473
80475
80483
80484
80486
80494
80502
80503
80508
80512
80513
80524
80525
80530
80532
80558
80560
80569
80570
80574
80578
80580
80590
80594
80595
80596
80597
80600
80602
80620
80622
80627
80643
80647
80659
80660
80664
80674
80677
80683
80684
80685
80692
80696
80701
80711
80712
80721
80722
80726
80732
80746
80763
80767
80769
80776
80779
80792
80802
80809
80812
80813
80844
80847
80850
80852
80856
80865
80867
80869
80871
80873
80895
80903
80916
80926
80931
80933
80937
80941
80949
80960
80965
80982
80985
80987
81000
81002
81005
81022
81026
81028
81032
81037
81039
81040
81044
81046
81059
81066
81068
81079
81082
81089
81111
81113
81118
81123
81134
81170
81176
81180
81185
81186
81188
81194
81208
81211
81215
81216
81223
81224
81235
81244
81253
81282
81298
81300
81307
81315
81328
81348
81354
81357
81359
81379
81384
81385
81393
81395
81399
81432
81460
81468
81475
81477
81482
81489
81491
81496
81503
81504
81512
81518
81539
81540
81543
81557
81571
81573
81593
81595
81607
81615
81617
81621
81629
81640
81646
81647
81655
81658
81660
81673
81675
81680
81691
81693
81700
81702
81714
81717
81721
81722
81728
81729
81730
81735
81745
81747
81752
81759
81773
81780
81781
81791
81795
81807
81808
81810
81820
81823
81825
81862
81864
81865
81890
81901
81915
81922
81926
81939
81948
81952
81957
81975
81978
81980
81985
81991
82000
82008
82009
82011
82022
82029
82046
82055
82056
82059
82062
82063
82069
82073
82097
82098
82099
82101
82108
82109
82122
82123
82125
82140
82143
82145
82147
82148
82151
82158
82163
82170
82173
82176
82179
82180
82221
82223
82241
82242
82249
82253
82260
82267
82271
82272
82274
82279
82283
82299
82300
82307
82310
82316
82317
82318
82321
82332
82337
82360
82374
82376
82383
82385
82386
82387
82406
82409
82424
82426
82444
82449
82450
82468
82469
82480
82488
82490
82496
82498
82504
82514
82517
82519
82523
82525
82529
82531
82534
82536
82541
82545
82546
82550
82559
82561
82562
82566
82568
82575
82576
82591
82592
82605
82617
82620
82626
82634
82645
82649
82650
82654
82657
82658
82659
82665
82668
82675
82679
82702
82715
82722
82724
82743
82747
82752
82753
82756
82758
82760
82761
82771
82772
82780
82788
82795
82796
82808
82809
82810
82823
82833
82835
82836
82851
82855
82856
82857
82865
82870
82875
82878
82884
82885
82897
82903
82915
82919
82929
82935
82938
82940
82950
82951
82955
82960
82962
82967
82972
82973
82977
82984
82986
82993
82999
83008
83009
83016
83024
83026
83028
83029
83032
83040
83053
83056
83062
83063
83064
83071
83075
83078
83082
83085
83111
83118
83119
83121
83123
83124
83130
83139
83147
83167
83170
83179
83181
83194
83196
83211
83212
83247
83270
83288
83293
83299
83303
83308
83329
83350
83360
83368
83374
83390
83396
83397
83398
83413
83424
83426
83445
83450
83458
83461
83463
83464
83469
83481
83493
83498
83500
83506
83508
83511
83520
83524
83525
83528
83529
83544
83551
83553
83563
83571
83573
83574
83583
83597
83601
83613
83618
83621
83632
83642
83644
83647
83650
83658
83672
83677
83679
83683
83690
83698
83705
83713
83714
83717
83718
83730
83734
83752
83764
83766
83774
83783
83789
83802
83832
83836
83841
83851
83855
83862
83864
83867
83868
83872
83876
83907
83929
83931
83936
83937
83946
83949
83951
83955
83964
83973
83975
83980
83986
83998
83999
84002
84007
84021
84029
84030
84031
84035
84042
84045
84049
84051
84057
84060
84061
84070
84077
84084
84101
84107
84114
84115
84125
84129
84130
84134
84136
84137
84138
84145
84150
84151
84163
84166
84173
84190
84196
84205
84218
84222
84227
84234
84239
84242
84253
84260
84265
84266
84278
84281
84287
84289
84293
84302
84317
84319
84321
84327
84331
84332
84339
84341
84344
84350
84352
84354
84398
84400
84415
84436
84439
84446
84450
84473
84477
84481
84498
84523
84525
84527
84534
84536
84537
84542
84555
84574
84577
84579
84584
84592
84596
84611
84615
84633
84638
84644
84647
84650
84654
84661
84665
84669
84673
84675
84688
84694
84707
84713
84714
84719
84720
84723
84733
84737
84755
84761
84763
84769
84775
84779
84780
84789
84790
84792
84793
84803
84805
84817
84818
84829
84830
84831
84837
84842
84871
84874
84892
84893
84895
84903
84909
84910
84922
84924
84925
84926
84932
84943
84955
84958
84967
84968
84979
84982
84983
84987
85014
85016
85025
85030
85039
85042
85061
85063
85066
85067
85072
85078
85081
85087
85096
85112
85119
85127
85128
85129
85135
85136
85143
85160
85169
85178
85197
85198
85201
85206
85208
85210
85216
85219
85224
85229
85233
85250
85256
85259
85287
85297
85319
85320
85324
85326
85345
85352
85363
85381
85384
85394
85408
85423
85432
85452
85456
85459
85460
85462
85466
85468
85469
85472
85485
85496
85501
85517
85518
85531
85538
85542
85543
85544
85551
85552
85564
85574
85576
85585
85594
85603
85610
85616
85633
85637
85640
85648
85649
85654
85655
85656
85657
85665
85667
85673
85678
85694
85698
85728
85729
85747
85748
85752
85755
85757
85758
85765
85772
85783
85790
85793
85807
85832
85854
85862
85865
85875
85878
85888
85889
85913
85914
85915
85917
85923
85928
85955
85962
85968
85978
85979
85986
85988
85992
86001
86004
86019
86026
86036
86049
86050
86051
86053
86056
86078
86080
86089
86095
86099
86110
86111
86112
86118
86124
86125
86128
86129
86132
86141
86144
86147
86148
86156
86158
86159
86169
86170
86176
86183
86184
86192
86196
86213
86230
86264
86270
86271
86274
86276
86285
86288
86294
86298
86302
86306
86308
86315
86317
86320
86323
86335
86338
86339
86354
86358
86364
86385
86390
86393
86416
86423
86424
86442
86446
86452
86464
86466
86472
86478
86480
86483
86494
86497
86507
86514
86525
86530
86533
86545
86549
86556
86557
86559
86565
86571
86581
86590
86618
86631
86635
86648
86669
86670
86678
86679
86691
86694
86699
86705
86743
86750
86755
86756
86760
86763
86765
86776
86787
86799
86800
86804
86811
86823
86835
86845
86852
86867
86868
86876
86890
86897
86898
86902
86904
86908
86912
86934
86935
86936
86946
86968
86992
86996
86998
87001
87006
87012
87019
87022
87028
87042
87047
87061
87067
87068
87070
87071
87077
87095
87101
87102
87104
87113
87123
87128
87131
87132
87145
87163
87164
87180
87181
87182
87187
87215
87217
87222
87247
87248
87251
87263
87281
87285
87289
87298
87300
87305
87306
87312
87324
87328
87330
87333
87338
87341
87355
87357
87363
87366
87370
87371
87380
87391
87412
87432
87458
87462
87463
87487
87505
87514
87524
87537
87538
87551
87552
87579
87583
87592
87593
87603
87604
87613
87618
87624
87635
87636
87639
87651
87671
87681
87683
87692
87699
87700
87702
87704
87726
87730
87750
87762
87767
87773
87777
87800
87808
87809
87814
87820
87825
87834
87835
87840
87858
87863
87868
87870
87877
87879
87881
87890
87901
87902
87910
87913
87919
87922
87936
87971
87975
87985
88003
88016
88017
88035
88041
88050
88081
88095
88101
88105
88107
88111
88113
88127
88129
88134
88135
88139
88146
88173
88189
88218
88220
88228
88235
88239
88245
88247
88270
88296
88298
88317
88325
88337
88347
88353
88354
88356
88360
88374
88383
88392
88395
88399
88401
88414
88418
88444
88453
88459
88460
88491
88503
88514
88570
88590
88606
88608
88612
88616
88619
88624
88630
88634
88635
88638
88640
88646
88647
88662
88685
88689
88696
88713
88719
88723
88725
88729
88731
88739
88745
88746
88753
88762
88773
88796
88798
88809
88838
88852
88871
88882
88883
88886
88890
88899
88905
88910
88926
88934
88936
88938
88944
88955
88958
88989
88990
89009
89024
89027
89062
89066
89068
89084
89087
89121
89127
89132
89134
89149
89151
89155
89163
89167
89171
89203
89225
89227
89244
89250
89257
89264
89275
89276
89286
89298
89308
89313
89331
89335
89342
89350
89365
89366
89391
89403
89418
89441
89444
89446
89448
89477
89485
89489
89497
89502
89503
89510
89553
89556
89560
89562
89569
89572
89574
89587
89595
89600
89604
89621
89623
89672
89673
89688
89689
89693
89702
89705
89710
89714
89719
89725
89734
89738
89739
89763
89783
89789
89790
89793
89809
89812
89825
89830
89840
89851
89859
89867
89870
89878
89884
89885
89899
89918
89947
89949
89956
89969
89979
89984
89989
89993
89995
90003
90015
90020
90024
90034
90040
90047
90051
90055
90056
90058
90072
90074
90122
90125
90128
90139
90150
90157
90170
90205
90221
90263
90269
90287
90302
90353
90361
90385
90388
90393
90401
90406
90416
90422
90429
90433
90436
90437
90446
90460
90469
90472
90490
90494
90495
90505
90509
90520
90527
90534
90536
90545
90566
90573
90574
90584
90606
90612
90613
90622
90640
90642
90645
90646
90659
90670
90678
90681
90715
90718
90728
90738
90744
90750
90753
90779
90794
90795
90810
90818
90836
90872
90893
90900
90937
90946
90955
90957
90964
90968
90980
90986
90987
91013
91030
91031
91038
91039
91047
91052
91158
91164
91171
91180
91189
91210
91222
91226
91241
91242
91268
91285
91298
91312
91320
91341
91351
91356
91363
91368
91371
91372
91385
91393
91395
91398
91400
91401
91432
91441
91446
91451
91477
91486
91488
91495
91497
91529
91533
91551
91553
91558
91562
91571
91576
91583
91602
91607
91610
91628
91629
91643
91677
91681
91685
91686
91688
91689
91722
91729
91738
91740
91767
91790
91797
91806
91822
91825
91829
91831
91832
91847
91860
91873
91883
91911
91931
91943
91948
91951
91954
91959
91971
91982
92011
92018
92021
92024
92026
92030
92034
92037
92062
92067
92068
92074
92088
92122
92125
92138
92150
92152
92166
92169
92194
92201
92205
92226
92235
92242
92260
92267
92270
92271
92274
92275
92278
92288
92290
92291
92298
92301
92305
92311
92321
92330
92331
92347
92354
92369
92392
92393
92394
92399
92412
92418
92419
92428
92434
92471
92474
92476
92492
92507
92535
92539
92542
92553
92555
92557
92566
92573
92598
92605
92612
92623
92624
92632
92662
92664
92679
92695
92703
92711
92740
92748
92778
92793
92832
92841
92851
92870
92881
92898
92899
92903
92905
92906
92913
92914
92937
92949
92966
92968
92976
92994
92995
92999
93010
93015
93021
93023
93056
93062
93063
93079
93090
93093
93100
93106
93119
93137
93141
93151
93186
93194
93218
93224
93270
93280
93291
93293
93303
93304
93312
93327
93331
93334
93344
93355
93366
93386
93402
93411
93429
93432
93433
93444
93446
93453
93454
93455
93460
93465
93467
93506
93511
93514
93521
93523
93538
93548
93553
93571
93576
93579
93582
93605
93606
93609
93616
93634
93643
93649
93651
93663
93666
93679
93691
93700
93724
93726
93731
93747
93757
93767
93774
93779
93786
93793
93814
93820
93831
93876
93880
93894
93906
93907
93917
93946
93957
93959
93962
93972
93976
93992
93995
94014
94016
94018
94019
94027
94041
94046
94056
94058
94081
94083
94091
94147
94154
94155
94160
94163
94165
94195
94222
94223
94260
94284
94289
94291
94311
94350
94366
94371
94403
94429
94430
94435
94451
94463
94473
94487
94489
94490
94493
94503
94557
94561
94562
94575
94585
94595
94635
94646
94677
94684
94690
94695
94697
94698
94708
94721
94732
94744
94752
94764
94769
94771
94783
94789
94794
94798
94804
94827
94835
94856
94863
94865
94875
94880
94882
94889
94896
94913
94946
94978
94983
94988
95009
95010
95018
95028
95048
95078
95080
95088
95090
95091
95103
95106
95107
95108
95122
95136
95138
95147
95148
95162
95171
95179
95188
95189
95230
95280
95293
95303
95306
95315
95327
95335
95364
95371
95380
95391
95430
95447
95453
95456
95467
95469
95483
95496
95503
95507
95515
95529
95534
95555
95562
95574
95578
95589
95594
95610
95614
95618
95628
95631
95634
95635
95652
95663
95664
95682
95686
95701
95702
95705
95715
95750
95752
95757
95758
95778
95791
95794
95816
95821
95826
95852
95868
95873
95876
95915
95922
95936
95943
95959
95963
96001
96006
96008
96044
96067
96071
96084
96123
96124
96127
96129
96150
96168
96169
96184
96189
96233
96243
96256
96283
96316
96347
96358
96371
96381
96404
96419
96430
96486
96493
96506
96507
96508
96517
96523
96558
96565
96566
96607
96612
96625
96637
96643
96714
96718
96723
96741
96751
96762
96777
96792
96793
96794
96828
96832
96836
96837
96843
96847
96850
96863
96903
96908
96909
96914
96957
96986
97003
97013
97018
97054
97131
97138
97152
97154
97159
97173
97174
97195
97206
97253
97276
97280
97283
97292
97293
97317
97334
97344
97351
97358
97361
97362
97366
97368
97376
97404
97405
97406
97411
97436
97455
97467
97509
97515
97536
97571
97586
97598
97612
97613
97617
97640
97666
97668
97670
97671
97674
97678
97687
97695
97699
97716
97736
97743
97744
97749
97759
97775
97783
97790
97795
97830
97853
97860
97876
97888
97889
97891
97908
97948
97952
97958
97983
98013
98019
98024
98059
98106
98120
98124
98133
98154
98165
98169
98176
98225
98232
98235
98264
98270
98271
98287
98299
98300
98323
98325
98338
98341
98362
98363
98369
98382
98389
98391
98392
98395
98413
98417
98419
98425
98438
98439
98463
98497
98500
98518
98522
98536
98556
98565
98566
98587
98596
98599
98633
98648
98674
98677
98680
98681
98699
98707
98712
98728
98770
98776
98792
98794
98811
98822
98836
98874
98894
98912
98931
98955
98972
98982
98996
99003
99006
99009
99038
99041
99042
99049
99067
99075
99094
99123
99139
99148
133757
144410
144867
144936
